bench,order,sp,no,monitor.date,days.after,ground.height,derived.height,season,ground.detected,image.detected,time.detected,crown1,crown2,ca.lw,ca.d
1,1,80,30,9/29/2020,40,30,33,rainy,1,1,2,30.18,26.52,628.46,492.39
1,2,69,3,9/29/2020,40,60,34,rainy,1,1,2,.,.,.,92.9
1,3,80,47,9/29/2020,40,45,.,rainy,1,0,1,.,.,.,185.81
1,4,49,42,9/29/2020,40,47,39,rainy,1,1,2,.,.,.,269.42
1,6,80,2,9/29/2020,40,57,.,rainy,1,0,1,29.26,18.59,427.29,353.03
1,7,69,26,9/29/2020,40,53,.,rainy,1,0,1,37.19,25.91,756.66,650.32
1,8,65,30,9/29/2020,40,36,38,rainy,1,1,2,.,.,.,.
1,9,49,39,9/29/2020,40,42,52,rainy,1,1,2,35.05,21.03,578.98,538.84
1,10,80,14,9/29/2020,40,50,.,rainy,1,0,1,26.82,19.81,417.36,362.32
1,11,69,28,9/29/2020,40,80,70,rainy,1,1,2,46.33,30.48,1109.08,966.19
1,12,69,39,9/29/2020,40,56,35,rainy,1,1,2,.,.,.,148.64
1,13,50,30,9/29/2020,40,10,.,rainy,1,0,1,.,.,.,.
1,14,30,34,9/29/2020,40,75,27,rainy,1,1,2,18.9,21.34,316.67,306.58
1,15,80,49,9/29/2020,40,52,49,rainy,1,1,2,30.18,21.34,505.65,445.93
1,16,66,2,9/29/2020,40,71,.,rainy,1,0,1,.,.,.,.
1,17,69,35,9/29/2020,40,50,.,rainy,1,0,1,.,.,.,157.94
1,18,69,23,9/29/2020,40,88,67,rainy,1,1,2,25.6,25.6,514.85,464.52
1,19,69,10,9/29/2020,40,69,.,rainy,1,0,1,.,.,.,185.81
1,20,71,8,9/29/2020,40,37,.,rainy,1,0,1,.,.,.,232.26
1,21,49,17,9/29/2020,40,.,.,rainy,0,0,0,.,.,.,.
1,22,39,7,9/29/2020,40,.,.,rainy,0,0,0,.,.,.,.
1,23,65,40,9/29/2020,40,48,56,rainy,1,1,2,33.83,31.09,826.12,492.39
1,24,45,31,9/29/2020,40,79,.,rainy,1,0,1,.,.,.,.
1,25,45,18.1,9/29/2020,40,65,.,rainy,1,0,1,.,.,.,.
1,26,67,27,9/29/2020,40,22,.,rainy,1,0,1,.,.,.,185.81
1,27,45,4,9/29/2020,40,61,49,rainy,1,1,2,.,.,.,167.23
1,28,49,36,9/29/2020,40,47,.,rainy,1,0,1,.,.,.,.
1,29,49,30,9/29/2020,40,48,.,rainy,1,0,1,.,.,.,.
1,30,65,11,9/29/2020,40,21,.,rainy,1,0,1,31.7,36.88,918.2,576
1,31,45,19,9/29/2020,40,85,.,rainy,1,0,1,.,.,.,.
1,32,49,18,9/29/2020,40,37,.,rainy,1,0,1,23.16,21.34,388.18,269.42
1,33,69,45,9/29/2020,40,101,.,rainy,1,0,1,.,.,.,.
1,34,45,24,9/29/2020,40,62,69,rainy,1,1,2,46.94,42.37,1561.91,1049.8
1,35,80,46,9/29/2020,40,36,43,rainy,1,1,2,46.94,29.26,1078.73,919.74
1,36,45,39,9/29/2020,40,70,.,rainy,1,0,1,.,.,.,.
1,37,67,42,9/29/2020,40,26,.,rainy,1,0,1,.,.,.,.
1,38,45,5,9/29/2020,40,.,.,rainy,0,0,0,.,.,.,.
1,39,80,28,9/29/2020,40,37,.,rainy,1,0,1,.,.,.,.
1,40,67,30,9/29/2020,40,25,.,rainy,1,0,1,.,.,.,.
1,41,69,5,9/29/2020,40,67,42,rainy,1,1,2,30.78,45.11,1090.69,678.19
1,42,45,28,9/29/2020,40,49,.,rainy,1,0,1,.,.,.,.
1,43,45,41,9/29/2020,40,60,62,rainy,1,1,2,26.52,21.34,444.36,455.22
1,44,72,26,9/29/2020,40,34,44,rainy,1,1,2,22.25,26.82,468.73,278.71
1,45,69,8,9/29/2020,40,47,60,rainy,1,1,2,32,23.77,597.59,418.06
1,46,45,2,9/29/2020,40,61,.,rainy,1,0,1,.,.,.,.
1,47,67,14,9/29/2020,40,25,.,rainy,1,0,1,.,.,.,260.13
1,48,49,19,9/29/2020,40,46,.,rainy,1,0,1,.,.,.,241.55
1,49,82,19,9/29/2020,40,108,.,rainy,1,0,1,.,.,.,83.61
1,50,65,1,9/29/2020,40,40,38,rainy,1,1,2,21.95,27.13,467.57,473.81
1,51,49,14,9/29/2020,40,46,.,rainy,1,0,1,.,.,.,.
1,52,80,27,9/29/2020,40,46,.,rainy,1,0,1,28.96,32.31,734.77,594.58
1,53,49,35,9/29/2020,40,43,.,rainy,1,0,1,.,.,.,.
1,54,49,29.1,9/29/2020,40,46,.,rainy,1,0,1,.,.,.,.
1,55,67,38,9/29/2020,40,.,.,rainy,0,0,0,.,.,.,.
1,56,49,12,9/29/2020,40,52,.,rainy,1,0,1,.,.,.,.
1,57,80,7,9/29/2020,40,54,47,rainy,1,1,2,34.44,23.77,643.12,529.55
1,58,45,47,9/29/2020,40,76,.,rainy,1,0,1,.,.,.,.
1,59,60,14,9/29/2020,40,28,.,rainy,1,0,1,.,.,.,.
1,60,49,20,9/29/2020,40,33,.,rainy,1,0,1,.,.,.,176.52
1,61,7,14,9/29/2020,40,102,30,rainy,1,1,2,.,.,.,176.52
1,62,45,36,9/29/2020,40,69,15,rainy,1,1,2,21.34,14.94,250.27,241.55
1,63,49,3,9/29/2020,40,54,.,rainy,1,0,1,33.83,25.91,688.43,659.61
1,64,66,37,9/29/2020,40,68,72,rainy,1,1,2,.,.,.,.
1,65,80,24,9/29/2020,40,54,53,rainy,1,1,2,35.36,20.12,558.63,520.26
1,66,82,21,9/29/2020,40,90,20,rainy,1,1,2,.,.,.,315.87
1,67,30,32,9/29/2020,40,66,.,rainy,1,0,1,.,.,.,167.23
1,68,49,8,9/29/2020,40,38,.,rainy,1,0,1,.,.,.,.
1,69,80,3,9/29/2020,40,53,.,rainy,1,0,1,49.38,37.19,1442.1,780.39
1,70,11,23,9/29/2020,40,.,.,rainy,0,0,0,.,.,.,.
1,71,71,10,9/29/2020,40,35,38,rainy,1,1,2,.,.,.,.
1,72,79,6,9/29/2020,40,19,.,rainy,1,0,1,29.26,30.18,693.47,520.26
1,73,69,27,9/29/2020,40,62,.,rainy,1,0,1,.,.,.,.
1,74,80,13,9/29/2020,40,50,.,rainy,1,0,1,38.1,35.36,1058.01,798.97
1,75,34,8,9/29/2020,40,60,.,rainy,1,0,1,.,.,.,.
1,76,39,36,9/29/2020,40,13,.,rainy,1,0,1,.,.,.,.
1,77,34,25,9/29/2020,40,44,.,rainy,1,0,1,29.26,32.61,749.51,678.19
1,78,80,38,9/29/2020,40,56,.,rainy,1,0,1,.,.,.,315.87
1,79,80,26,9/29/2020,40,52,.,rainy,1,0,1,.,.,.,232.26
1,80,71,27,9/29/2020,40,75,.,rainy,1,0,1,.,.,.,185.81
1,81,6,3,9/29/2020,40,60,.,rainy,1,0,1,.,.,.,.
1,82,49,40,9/29/2020,40,47,.,rainy,1,0,1,.,.,.,195.1
1,83,11,32,9/29/2020,40,46,.,rainy,1,0,1,36.27,15.85,451.51,557.42
1,84,45,34,9/29/2020,40,63,.,rainy,1,0,1,.,.,.,.
1,85,69,7,9/29/2020,40,64,.,rainy,1,0,1,37.19,22.56,658.74,529.55
1,86,6,10,9/29/2020,40,65,.,rainy,1,0,1,.,.,.,.
1,87,65,35,9/29/2020,40,52,.,rainy,1,0,1,35.05,20.73,570.59,399.48
1,88,45,48,9/29/2020,40,60,.,rainy,1,0,1,.,.,.,325.16
1,89,70,25,9/29/2020,40,37,.,rainy,1,0,1,.,.,.,250.84
1,90,9,18,9/29/2020,40,11,.,rainy,1,0,1,.,.,.,.
1,91,36,40,9/29/2020,40,56,.,rainy,1,0,1,.,.,.,204.39
1,92,60,2,9/29/2020,40,.,.,rainy,0,0,0,.,.,.,.
1,93,66,9,9/29/2020,40,50,.,rainy,1,0,1,.,.,.,241.55
1,94,36,38,9/29/2020,40,41,.,rainy,1,0,1,.,.,.,.
1,95,71,21,9/29/2020,40,75,.,rainy,1,0,1,.,.,.,157.94
1,96,45,23,9/29/2020,40,58,.,rainy,1,0,1,.,.,.,.
1,97,60,42,9/29/2020,40,40,49,rainy,1,1,2,.,.,.,148.64
1,98,67,4,9/29/2020,40,27,.,rainy,1,0,1,.,.,.,204.39
1,99,36,1,9/29/2020,40,66,.,rainy,1,0,1,.,.,.,232.26
1,100,69,17,9/29/2020,40,47,.,rainy,1,0,1,.,.,.,111.48
1,101,80,41,9/29/2020,40,56,.,rainy,1,0,1,30.18,31.09,736.81,668.9
1,102,43,12,9/29/2020,40,55,.,rainy,1,0,1,46.94,34.44,1269.75,1059.09
1,103,60,43,9/29/2020,40,37,48,rainy,1,1,2,.,.,.,148.64
1,104,6,5,9/29/2020,40,50,.,rainy,1,0,1,.,.,.,408.77
1,105,80,32,9/29/2020,40,50,.,rainy,1,0,1,23.77,21.34,398.39,315.87
1,106,69,4,9/29/2020,40,38,39,rainy,1,1,2,40.54,29.57,941.33,771.1
1,107,65,50,9/29/2020,40,26,21,rainy,1,1,2,.,.,.,260.13
1,108,80,50,9/29/2020,40,64,.,rainy,1,0,1,28.35,28.35,631.08,520.26
1,109,11,46,9/29/2020,40,53,39,rainy,1,1,2,36.27,28.65,816.2,706.06
1,110,6,29,9/29/2020,40,69,.,rainy,1,0,1,.,.,.,.
1,111,26,61,9/29/2020,40,41,.,rainy,1,0,1,40.84,20.42,655.09,529.55
1,112,66,25,9/29/2020,40,.,.,rainy,0,0,0,.,.,.,.
1,113,1,22,9/29/2020,40,52,67,rainy,1,1,2,26.21,20.42,420.43,343.74
1,114,60,37,9/29/2020,40,63,76,rainy,1,1,2,.,.,.,278.71
1,115,4,26,9/29/2020,40,73,75,rainy,1,1,2,39.62,40.84,1271.07,1142.71
1,116,50,3,9/29/2020,40,7,.,rainy,1,0,1,.,.,.,.
1,117,7,2,9/29/2020,40,82,.,rainy,1,0,1,.,.,.,.
1,118,6,7,9/29/2020,40,.,.,rainy,0,0,0,.,.,.,.
1,119,11,1,9/29/2020,40,63,.,rainy,1,0,1,.,.,.,.
1,120,69,14,9/29/2020,40,39,.,rainy,1,0,1,44.5,47.85,1672.52,1597.93
1,121,82,5,9/29/2020,40,84,.,rainy,1,0,1,.,.,.,.
1,122,11,42,9/29/2020,40,54,.,rainy,1,0,1,.,.,.,.
1,123,7,39,9/29/2020,40,86,.,rainy,1,0,1,22.86,26.52,476.1,334.45
1,124,69,22,9/29/2020,40,69,.,rainy,1,0,1,60.05,41.76,1969.28,1616.51
1,125,1,20,9/29/2020,40,22,.,rainy,1,0,1,.,.,.,.
1,126,45,6,9/29/2020,40,56,.,rainy,1,0,1,24.69,22.25,431.45,399.48
1,127,6,8,9/29/2020,40,60,.,rainy,1,0,1,.,.,.,102.19
1,128,82,22,9/29/2020,40,89,.,rainy,1,0,1,.,.,.,148.64
1,129,49,11,9/29/2020,40,51,.,rainy,1,0,1,.,.,.,120.77
1,130,7,43,9/29/2020,40,103,.,rainy,1,0,1,.,.,.,260.13
1,131,80,25,9/29/2020,40,50,.,rainy,1,0,1,40.54,26.82,853.99,798.97
1,132,50,11,9/29/2020,40,.,.,rainy,0,0,0,.,.,.,.
1,133,66,19,9/29/2020,40,70,61,rainy,1,1,2,.,.,.,148.64
1,134,72,47,9/29/2020,40,39,.,rainy,1,0,1,21.34,20.42,342.21,399.48
1,135,71,11.1,9/29/2020,40,45,.,rainy,1,0,1,.,.,.,269.42
1,136,67,31,9/29/2020,40,23,.,rainy,1,0,1,.,.,.,195.1
1,137,11,6,9/29/2020,40,47,.,rainy,1,0,1,25.6,18.29,367.75,353.03
1,138,80,23,9/29/2020,40,42,.,rainy,1,0,1,39.93,24.99,783.8,529.55
1,139,45,32,9/29/2020,40,67,.,rainy,1,0,1,33.53,25.6,674.2,585.29
1,140,65,19,9/29/2020,40,34,.,rainy,1,0,1,25.91,28.35,576.8,380.9
1,141,69,32,9/29/2020,40,79,.,rainy,1,0,1,.,.,.,.
1,142,80,45,9/29/2020,40,49,.,rainy,1,0,1,26.21,27.74,571.03,343.74
1,143,45,3,9/29/2020,40,60,.,rainy,1,0,1,.,.,.,.
1,144,69,6,9/29/2020,40,80,.,rainy,1,0,1,24.69,27.43,531.92,473.81
1,145,69,18,9/29/2020,40,72,.,rainy,1,0,1,38.71,23.77,722.8,585.29
1,146,45,1.1,9/29/2020,40,74,.,rainy,1,0,1,.,.,.,.
1,147,65,28,9/29/2020,40,42,35,rainy,1,1,2,47.55,29.57,1104.12,1124.13
1,148,49,25,9/29/2020,40,56,.,rainy,1,0,1,27.43,34.44,742.06,557.42
1,149,66,18,9/29/2020,40,67,.,rainy,1,0,1,25.3,14.94,296.75,269.42
1,150,69,42,9/29/2020,40,41,34,rainy,1,1,2,33.22,33.22,866.91,798.97
1,151,49,50,9/29/2020,40,34,62,rainy,1,1,2,.,.,.,157.94
1,152,82,29,9/29/2020,40,.,.,rainy,0,0,0,.,.,.,.
1,153,82,28,9/29/2020,40,72,83,rainy,1,1,2,25.6,25.6,514.85,343.74
1,154,69,49,9/29/2020,40,70,.,rainy,1,0,1,41.45,23.16,754.18,678.19
1,155,49,26,9/29/2020,40,55,.,rainy,1,0,1,.,.,.,.
1,156,69,46,9/29/2020,40,78,.,rainy,1,0,1,39.01,32.61,999.34,650.32
1,157,45,44,9/29/2020,40,50,.,rainy,1,0,1,.,.,.,195.1
1,158,49,27,9/29/2020,40,48,.,rainy,1,0,1,.,.,.,.
1,159,66,17,9/29/2020,40,67,.,rainy,1,0,1,.,.,.,.
1,160,66,29,9/29/2020,40,78,.,rainy,1,0,1,.,.,.,.
1,161,69,2,9/29/2020,40,42,.,rainy,1,0,1,.,.,.,148.64
1,162,69,29,9/29/2020,40,52,.,rainy,1,0,1,.,.,.,.
1,163,45,38,9/29/2020,40,81,.,rainy,1,0,1,.,.,.,.
1,164,49,15,9/29/2020,40,47,.,rainy,1,0,1,24.99,20.42,400.87,297.29
1,165,69,25,9/29/2020,40,38,.,rainy,1,0,1,.,.,.,.
1,166,69,38,9/29/2020,40,65,.,rainy,1,0,1,26.82,22.56,475.15,371.61
1,167,80,5.1,9/29/2020,40,57,60,rainy,1,1,2,.,.,.,195.1
1,168,49,43,9/29/2020,40,45,.,rainy,1,0,1,23.16,17.98,327.18,232.26
1,169,80,34,9/29/2020,40,38,21,rainy,1,1,2,25.91,21.95,446.55,325.16
1,170,69,33,9/29/2020,40,86,.,rainy,1,0,1,22.86,24.69,443.27,222.97
1,171,80,10.1,9/29/2020,40,48,58,rainy,1,1,2,41.45,32.61,1061.8,771.1
1,172,45,50,9/29/2020,40,67,65,rainy,1,1,2,.,.,.,.
1,173,69,9,9/29/2020,40,83,.,rainy,1,0,1,42.37,18.9,628.82,631.74
1,174,69,20,9/29/2020,40,37,.,rainy,1,0,1,.,.,.,130.06
1,175,26,6,9/29/2020,40,38,.,rainy,1,0,1,33.22,24.69,644.22,427.35
1,176,45,16,9/29/2020,40,52,.,rainy,1,0,1,.,.,.,195.1
1,177,80,21,9/29/2020,40,42,32,rainy,1,1,2,39.01,30.18,924.62,631.74
1,178,71,24,9/29/2020,40,82,.,rainy,1,0,1,.,.,.,.
1,179,66,39,9/29/2020,40,73,.,rainy,1,0,1,.,.,.,.
1,180,9,14,9/29/2020,40,62,.,rainy,1,0,1,.,.,.,222.97
1,181,11,39,9/29/2020,40,42,30,rainy,1,1,2,38.71,20.73,630.13,659.61
1,182,66,43,9/29/2020,40,78,.,rainy,1,0,1,.,.,.,139.35
1,183,4,24,9/29/2020,40,87,.,rainy,1,0,1,30.78,25.91,626.41,473.81
1,184,67,19,9/29/2020,40,27,.,rainy,1,0,1,.,.,.,139.35
1,185,11,49,9/29/2020,40,62,49,rainy,1,1,2,26.82,23.77,500.84,343.74
1,186,1,14,9/29/2020,40,52,.,rainy,1,0,1,.,.,.,.
1,187,49,33,9/29/2020,40,58,.,rainy,1,0,1,16.15,19.81,251.37,232.26
1,188,34,16,9/29/2020,40,31,.,rainy,1,0,1,.,.,.,.
1,189,11,13,9/29/2020,40,65,59,rainy,1,1,2,24.38,16.15,309.38,353.03
1,190,45,35,9/29/2020,40,80,.,rainy,1,0,1,.,.,.,.
1,191,11,8,9/29/2020,40,61,.,rainy,1,0,1,.,.,.,204.39
1,192,66,33,9/29/2020,40,72,77,rainy,1,1,2,.,.,.,139.35
1,193,72,24,9/29/2020,40,30,.,rainy,1,0,1,.,.,.,176.52
1,194,80,48,9/29/2020,40,45,.,rainy,1,0,1,28.04,38.1,839.11,492.39
1,195,1,48,9/29/2020,40,44,.,rainy,1,0,1,.,.,.,139.35
1,196,60,13,9/29/2020,40,46,75,rainy,1,1,2,.,.,.,167.23
1,197,34,1,9/29/2020,40,47,.,rainy,1,0,1,.,.,.,.
1,198,49,45,9/29/2020,40,47,.,rainy,1,0,1,.,.,.,213.68
1,199,30,12,9/29/2020,40,74,.,rainy,1,0,1,41.15,23.77,768.33,631.74
1,200,81,7,9/29/2020,40,33,.,rainy,1,0,1,.,.,.,.
1,201,50,5,9/29/2020,40,21,.,rainy,1,0,1,.,.,.,.
1,202,71,19,9/29/2020,40,77,.,rainy,1,0,1,.,.,.,.
1,203,9,7,9/29/2020,40,41,41,rainy,1,1,2,19.2,15.24,229.84,195.1
1,204,70,30,9/29/2020,40,43,53,rainy,1,1,2,31.39,27.13,668.88,445.93
1,205,65,38,9/29/2020,40,37,35,rainy,1,1,2,30.18,19.51,462.31,334.45
1,206,45,49,9/29/2020,40,40,70,rainy,1,1,2,.,.,.,.
1,207,43,37,9/29/2020,40,54,75,rainy,1,1,2,39.32,28.04,865.96,743.22
1,208,26,17,9/29/2020,40,50,.,rainy,1,0,1,.,.,.,.
1,209,50,28,9/29/2020,40,10,.,rainy,1,0,1,.,.,.,.
1,210,45,33,9/29/2020,40,72,.,rainy,1,0,1,.,.,.,.
1,211,36,19,9/29/2020,40,31,70,rainy,1,1,2,.,.,.,139.35
1,212,70,2,9/29/2020,40,.,.,rainy,0,0,0,.,.,.,.
1,213,69,15,9/29/2020,40,77,.,rainy,1,0,1,24.99,13.41,263.26,232.26
1,214,70,14,9/29/2020,40,47,.,rainy,1,0,1,41.45,27.43,893.1,668.9
1,215,65,13,9/29/2020,40,29,27,rainy,1,1,2,.,.,.,.
1,216,9,17,9/29/2020,40,47,50,rainy,1,1,2,41.45,28.04,912.95,724.64
1,217,30,6,9/29/2020,40,69,.,rainy,1,0,1,42.67,23.77,796.79,557.42
1,218,67,28,9/29/2020,40,27,.,rainy,1,0,1,24.99,20.73,406.86,362.32
1,219,7,8,9/29/2020,40,83,.,rainy,1,0,1,.,.,.,120.77
1,220,11,48,9/29/2020,40,50,.,rainy,1,0,1,.,.,.,.
1,221,11,22,9/29/2020,40,61,.,rainy,1,0,1,38.1,29.26,875.59,659.61
1,222,70,22,9/29/2020,40,.,.,rainy,0,0,0,.,.,.,.
1,223,49,24,9/29/2020,40,52,.,rainy,1,0,1,.,.,.,.
1,224,71,4,9/29/2020,40,33,32,rainy,1,1,2,17.37,19.81,270.34,213.68
1,225,1,29,9/29/2020,40,66,.,rainy,1,0,1,23.16,23.77,432.54,436.64
1,226,1,33,9/29/2020,40,41,83,rainy,1,1,2,29.57,17.37,403.43,250.84
1,227,60,28,9/29/2020,40,49,60,rainy,1,1,2,.,.,.,.
1,228,49,37,9/29/2020,40,45,.,rainy,1,0,1,23.77,22.56,421.16,241.55
1,229,66,20,9/29/2020,40,77,.,rainy,1,0,1,.,.,.,120.77
1,230,49,32,9/29/2020,40,41,40,rainy,1,1,2,22.25,19.81,346.22,306.58
1,231,39,49,9/29/2020,40,22,.,rainy,1,0,1,.,.,.,.
1,232,60,34,9/29/2020,40,56,78,rainy,1,1,2,24.08,15.54,293.98,232.26
1,233,4,36,9/29/2020,40,86,.,rainy,1,0,1,49.99,40.23,1579.57,1040.51
1,234,79,8,9/29/2020,40,22,32,rainy,1,1,2,43.59,31.09,1064.28,882.58
1,235,39,21,9/29/2020,40,32,.,rainy,1,0,1,26.21,20.73,426.7,306.58
1,236,81,11,9/29/2020,40,25,41,rainy,1,1,2,.,.,.,148.64
1,237,80,29,9/29/2020,40,30,33,rainy,1,1,2,32.92,28.35,732.87,5574.18
1,238,34,15,9/29/2020,40,35,.,rainy,1,0,1,.,.,.,139.35
1,239,49,28,9/29/2020,40,37,.,rainy,1,0,1,.,.,.,250.84
1,240,34,26,9/29/2020,40,33,.,rainy,1,0,1,.,.,.,232.26
1,241,4,6,9/29/2020,40,70,.,rainy,1,0,1,23.47,25.3,466.32,390.19
1,242,46,7,9/29/2020,40,12,28,rainy,1,1,2,.,.,.,241.55
1,243,39,40,9/29/2020,40,.,.,rainy,0,0,0,.,.,.,.
1,244,43,4,9/29/2020,40,50,.,rainy,1,0,1,.,.,.,222.97
1,245,4,29,9/29/2020,40,70,71,rainy,1,1,2,34.44,33.53,906.97,659.61
1,246,79,10,9/29/2020,40,24,23,rainy,1,1,2,44.5,30.78,1075.95,733.93
1,247,49,46,9/29/2020,40,.,.,rainy,0,0,0,.,.,.,.
1,248,49,38,9/29/2020,40,43,37,rainy,1,1,2,26.82,22.56,475.15,464.52
1,249,49,22,9/29/2020,40,45,.,rainy,1,0,1,25.3,21.64,429.99,436.64
1,250,81,21,9/29/2020,40,.,.,rainy,0,0,0,.,.,.,.
1,251,80,22,9/29/2020,40,43,.,rainy,1,0,1,35.66,28.65,802.48,641.03
1,252,45,8,9/29/2020,40,57,63,rainy,1,1,2,.,.,.,.
1,253,67,39,9/29/2020,40,25,.,rainy,1,0,1,.,.,.,167.23
1,254,80,4,9/29/2020,40,56,53,rainy,1,1,2,42.67,45.42,1522.07,1142.71
1,255,49,21,9/29/2020,40,50,.,rainy,1,0,1,25.91,21.34,434.15,306.58
1,256,80,33,9/29/2020,40,41,41,rainy,1,1,2,36.58,27.43,788.03,706.06
1,257,67,35,9/29/2020,40,31,.,rainy,1,0,1,.,.,.,213.68
1,258,80,39,9/29/2020,40,48,.,rainy,1,0,1,50.6,29.26,1162.78,631.74
1,259,80,36,9/29/2020,40,58,.,rainy,1,0,1,.,.,.,185.81
1,260,45,9,9/29/2020,40,68,71,rainy,1,1,2,36.88,21.03,609.19,613.16
1,261,36,46,9/29/2020,40,40,.,rainy,1,0,1,.,.,.,222.97
1,262,45,27,9/29/2020,40,64,.,rainy,1,0,1,.,.,.,.
1,263,49,16,9/29/2020,40,45,50,rainy,1,1,2,.,.,.,241.55
1,264,80,44,9/29/2020,40,48,.,rainy,1,0,1,35.36,24.69,685.59,659.61
1,265,80,40,9/29/2020,40,50,.,rainy,1,0,1,22.25,28.04,490.04,362.32
1,266,66,27,9/29/2020,40,70,.,rainy,1,0,1,.,.,.,.
1,267,49,41,9/29/2020,40,51,.,rainy,1,0,1,24.99,23.16,454.72,362.32
1,268,66,12,9/29/2020,40,68,71,rainy,1,1,2,.,.,.,.
1,269,69,41,9/29/2020,40,44,.,rainy,1,0,1,.,.,.,.
1,270,45,45,9/29/2020,40,46,.,rainy,1,0,1,33.53,26.21,690.26,436.64
1,271,69,40,9/29/2020,40,82,.,rainy,1,0,1,.,.,.,213.68
1,272,80,6,9/29/2020,40,46,.,rainy,1,0,1,37.49,46.94,1382.12,715.35
1,273,34,3,9/29/2020,40,70,.,rainy,1,0,1,47.24,21.64,802.99,585.29
1,274,60,19,9/29/2020,40,62,77,rainy,1,1,2,.,.,.,167.23
1,275,80,43,9/29/2020,40,49,.,rainy,1,0,1,25.6,29.26,588.4,464.52
1,276,39,28,9/29/2020,40,21,.,rainy,1,0,1,.,.,.,157.94
1,277,72,22,9/29/2020,40,23,.,rainy,1,0,1,.,.,.,.
1,278,60,21,9/29/2020,40,47,53,rainy,1,1,2,29.57,28.04,651.15,529.55
1,279,67,13,9/29/2020,40,11,.,rainy,1,0,1,.,.,.,.
1,280,40,3,9/29/2020,40,25,.,rainy,1,0,1,.,.,.,195.1
1,281,49,34,9/29/2020,40,46,.,rainy,1,0,1,.,.,.,185.81
1,282,39,3,9/29/2020,40,41,.,rainy,1,0,1,.,.,.,185.81
1,283,1,10,9/29/2020,40,64,72,rainy,1,1,2,29.26,22.56,518.35,622.45
1,284,26,26,9/29/2020,40,38,76,rainy,1,1,2,.,.,.,278.71
1,285,26,20,9/29/2020,40,49,.,rainy,1,0,1,38.71,36.58,1112,854.71
1,286,43,40,9/29/2020,40,60,.,rainy,1,0,1,45.42,30.78,1098.06,696.77
1,287,36,3,9/29/2020,40,50,65,rainy,1,1,2,26.82,18.29,385.26,232.26
1,288,65,10,9/29/2020,40,40,.,rainy,1,0,1,29.57,26.21,608.68,399.48
1,289,81,4,9/29/2020,40,47,49,rainy,1,1,2,47.55,32,1195.18,780.39
1,290,7,11,9/29/2020,40,102,.,rainy,1,0,1,.,.,.,213.68
2,1,36,15,9/29/2020,40,48,.,rainy,1,0,1,.,.,.,120.77
2,2,36,16,9/29/2020,40,23,.,rainy,1,0,1,.,.,.,.
2,3,43,1,9/29/2020,40,67,.,rainy,1,0,1,29.26,26.52,609.41,520.26
2,4,43,43,9/29/2020,40,52,.,rainy,1,0,1,24.08,21.03,397.74,390.19
2,5,40,10,9/29/2020,40,29,.,rainy,1,0,1,.,.,.,157.94
2,6,69,19,9/29/2020,40,85,.,rainy,1,0,1,.,.,.,260.13
2,7,45,22,9/29/2020,40,46,.,rainy,1,0,1,.,.,.,.
2,8,36,4,9/29/2020,40,32,.,rainy,1,0,1,.,.,.,222.97
2,9,43,5,9/29/2020,40,.,.,rainy,0,0,0,.,.,.,.
2,10,43,36,9/29/2020,40,58,52,rainy,1,1,2,28.96,21.34,485.22,362.32
2,11,36,11,9/29/2020,40,33,.,rainy,1,0,1,.,.,.,120.77
2,12,43,41,9/29/2020,40,49,.,rainy,1,0,1,26.21,35.05,721.63,566.71
2,13,43,3,9/29/2020,40,51,.,rainy,1,0,1,37.19,31.39,916.89,864
2,14,43,2,9/29/2020,40,66,.,rainy,1,0,1,.,.,.,.
2,15,82,12,9/29/2020,40,91,.,rainy,1,0,1,.,.,.,278.71
2,16,49,48,9/29/2020,40,24,.,rainy,1,0,1,.,.,.,204.39
2,17,67,20,9/29/2020,40,19,.,rainy,1,0,1,.,.,.,176.52
2,18,34,9,9/29/2020,40,.,.,rainy,0,0,0,.,.,.,.
2,19,66,15,9/29/2020,40,75,.,rainy,1,0,1,.,.,.,.
2,20,11,12,9/29/2020,40,68,.,rainy,1,0,1,42.37,40.23,1338.78,845.42
2,21,36,6,9/29/2020,40,42,.,rainy,1,0,1,.,.,.,130.06
2,22,30,35,9/29/2020,40,66,.,rainy,1,0,1,42.98,27.74,936.23,752.51
2,23,45,42,9/29/2020,40,61,.,rainy,1,0,1,.,.,.,.
2,24,8,42,9/29/2020,40,49,.,rainy,1,0,1,.,.,.,148.64
2,25,8,23,9/29/2020,40,50,.,rainy,1,0,1,.,.,.,111.48
2,26,66,23,9/29/2020,40,77,.,rainy,1,0,1,.,.,.,185.81
2,27,11,50,9/29/2020,40,91,13,rainy,1,1,2,.,.,.,102.19
2,28,66,41,9/29/2020,40,69,.,rainy,1,0,1,.,.,.,157.94
2,29,34,21,9/29/2020,40,45,.,rainy,1,0,1,36.88,25.6,741.63,668.9
2,30,82,11,9/29/2020,40,62,.,rainy,1,0,1,.,.,.,195.1
2,31,30,26,9/29/2020,40,54,26,rainy,1,1,2,25.6,29.26,588.4,362.32
2,32,69,34,9/29/2020,40,65,.,rainy,1,0,1,40.84,25.3,811.53,566.71
2,33,66,14,9/29/2020,40,66,.,rainy,1,0,1,.,.,.,176.52
2,34,82,20,9/29/2020,40,106,.,rainy,1,0,1,.,.,.,167.23
2,35,11,28,9/29/2020,40,75,.,rainy,1,0,1,34.44,28.35,766.8,529.55
2,36,8,22,9/29/2020,40,54,65,rainy,1,1,2,31.7,28.35,705.73,603.87
2,37,26,16,9/29/2020,40,32,.,rainy,1,0,1,28.35,23.77,529.29,380.9
2,38,67,8,9/29/2020,40,20,.,rainy,1,0,1,.,.,.,120.77
2,39,72,43,9/29/2020,40,39,17,rainy,1,1,2,41.15,30.78,994.89,687.48
2,40,79,5,9/29/2020,40,17,.,rainy,1,0,1,25.91,29.57,601.6,334.45
2,41,11,40,9/29/2020,40,60,.,rainy,1,0,1,53.95,34.44,1459.39,836.13
2,42,39,18,9/29/2020,40,23,.,rainy,1,0,1,.,.,.,213.68
2,43,30,17,9/29/2020,40,58,.,rainy,1,0,1,.,.,.,148.64
2,44,71,36,9/29/2020,40,76,.,rainy,1,0,1,36.88,23.16,670.99,566.71
2,45,81,8,9/29/2020,40,30,.,rainy,1,0,1,26.52,28.04,584.02,371.61
2,46,9,6,9/29/2020,40,78,.,rainy,1,0,1,44.2,29.57,1026.27,529.55
2,47,4,12,9/29/2020,40,84,.,rainy,1,0,1,.,.,.,185.81
2,48,1,12,9/29/2020,40,10,.,rainy,1,0,1,.,.,.,.
2,49,6,23,9/29/2020,40,100,.,rainy,1,0,1,.,.,.,213.68
2,50,69,37,9/29/2020,40,47,.,rainy,1,0,1,.,.,.,185.81
2,51,7,45,9/29/2020,40,108,.,rainy,1,0,1,.,.,.,222.97
2,52,80,17,9/29/2020,40,53,.,rainy,1,0,1,35.36,25.6,710.98,520.26
2,53,71,30,9/29/2020,40,49,.,rainy,1,0,1,.,.,.,269.42
2,54,50,9,9/29/2020,40,.,.,rainy,0,0,0,.,.,.,.
2,55,6,21,9/29/2020,40,83,.,rainy,1,0,1,.,.,.,139.35
2,56,81,9,9/29/2020,40,.,.,rainy,0,0,0,.,.,.,.
2,57,34,4,9/29/2020,40,52,.,rainy,1,0,1,.,.,.,.
2,58,1,9,9/29/2020,40,36,.,rainy,1,0,1,.,.,.,222.97
2,59,6,24,9/29/2020,40,107,.,rainy,1,0,1,46.94,19.2,707.91,687.48
2,60,45,21,9/29/2020,40,80,.,rainy,1,0,1,.,.,.,.
2,61,69,36,9/29/2020,40,76,.,rainy,1,0,1,.,.,.,.
2,62,65,24,9/29/2020,40,38,29,rainy,1,1,2,.,.,.,222.97
2,63,50,19,9/29/2020,40,.,.,rainy,0,0,0,.,.,.,.
2,64,11,7,9/29/2020,40,100,.,rainy,1,0,1,.,.,.,315.87
2,65,45,14,9/29/2020,40,48,.,rainy,1,0,1,29.57,28.35,658.23,603.87
2,66,9,28,9/29/2020,40,50,.,rainy,1,0,1,.,.,.,241.55
2,67,82,1,9/29/2020,40,108,.,rainy,1,0,1,.,.,.,.
2,68,80,1,9/29/2020,40,41,.,rainy,1,0,1,.,.,.,288
2,69,34,40,9/29/2020,40,30,.,rainy,1,0,1,.,.,.,.
2,70,69,48,9/29/2020,40,113,.,rainy,1,0,1,.,.,.,.
2,71,30,9,9/29/2020,40,69,.,rainy,1,0,1,.,.,.,.
2,72,72,27,9/29/2020,40,31,.,rainy,1,0,1,19.51,26.52,406.27,380.9
2,73,11,18,9/29/2020,40,83,.,rainy,1,0,1,.,.,.,.
2,74,26,15,9/29/2020,40,40,.,rainy,1,0,1,25.91,35.05,713.24,566.71
2,75,26,3,9/29/2020,40,32,.,rainy,1,0,1,30.18,46.94,1112.44,817.55
2,76,8,41,9/29/2020,40,65,.,rainy,1,0,1,.,.,.,.
2,77,7,33,9/29/2020,40,105,.,rainy,1,0,1,.,.,.,157.94
2,78,30,18,9/29/2020,40,70,.,rainy,1,0,1,40.84,37.49,1202.62,724.64
2,79,8,6,9/29/2020,40,52,.,rainy,1,0,1,.,.,.,185.81
2,80,8,19,9/29/2020,40,.,.,rainy,0,0,0,.,.,.,.
2,81,9,24,9/29/2020,40,.,.,rainy,0,0,0,.,.,.,.
2,82,39,4,9/29/2020,40,17,.,rainy,1,0,1,.,.,.,222.97
2,83,6,28,9/29/2020,40,105,.,rainy,1,0,1,.,.,.,.
2,84,67,10,9/29/2020,40,29,.,rainy,1,0,1,.,.,.,130.06
2,85,80,11,9/29/2020,40,42,.,rainy,1,0,1,20.42,23.16,371.54,278.71
2,86,26,49,9/29/2020,40,25,.,rainy,1,0,1,.,.,.,195.1
2,87,72,2,9/29/2020,40,36,.,rainy,1,0,1,26.52,35.36,736.37,464.52
2,88,9,2,9/29/2020,40,41,.,rainy,1,0,1,.,.,.,157.94
2,89,72,7,9/29/2020,40,33,.,rainy,1,0,1,15.85,35.36,440.13,427.35
2,90,71,1,9/29/2020,40,10,.,rainy,1,0,1,.,.,.,.
2,91,70,3,9/29/2020,40,42,.,rainy,1,0,1,.,.,.,185.81
2,92,7,22,9/29/2020,40,.,.,rainy,0,0,0,.,.,.,.
2,93,72,21,9/29/2020,40,36,.,rainy,1,0,1,.,.,.,260.13
2,94,34,39,9/29/2020,40,41,.,rainy,1,0,1,.,.,.,.
2,95,7,32,9/29/2020,40,96,.,rainy,1,0,1,.,.,.,.
2,96,70,27,9/29/2020,40,50,.,rainy,1,0,1,25.91,22.56,458.96,278.71
2,97,81,17,9/29/2020,40,22,.,rainy,1,0,1,32.61,32.61,835.39,668.9
2,98,49,10,9/29/2020,40,47,.,rainy,1,0,1,28.35,32.61,726.08,483.1
2,99,67,16,9/29/2020,40,16,.,rainy,1,0,1,.,.,.,130.06
2,100,39,17,9/29/2020,40,21,.,rainy,1,0,1,.,.,.,167.23
2,101,39,1,9/29/2020,40,25,.,rainy,1,0,1,.,.,.,.
2,102,1,13,9/29/2020,40,59,.,rainy,1,0,1,30.48,25.3,605.62,473.81
2,103,50,4,9/29/2020,40,10,.,rainy,1,0,1,.,.,.,.
2,104,70,24,9/29/2020,40,28,.,rainy,1,0,1,31.09,27.43,669.83,520.26
2,105,69,12,9/29/2020,40,74,.,rainy,1,0,1,30.78,27.13,655.89,418.06
2,106,11,37,9/29/2020,40,65,.,rainy,1,0,1,.,.,.,250.84
2,107,1,1,9/29/2020,40,41,.,rainy,1,0,1,.,.,.,.
2,108,1,17,9/29/2020,40,9,.,rainy,1,0,1,.,.,.,111.48
2,109,4,13.1,9/29/2020,40,61,.,rainy,1,0,1,38.71,26.82,815.47,641.03
2,110,71,9,9/29/2020,40,34,.,rainy,1,0,1,.,.,.,.
2,111,8,34,9/29/2020,40,55,.,rainy,1,0,1,.,.,.,222.97
2,112,60,23,9/29/2020,40,.,.,rainy,0,0,0,.,.,.,.
2,113,26,7,9/29/2020,40,38,.,rainy,1,0,1,31.09,25.91,632.61,380.9
2,114,39,44,9/29/2020,40,25,.,rainy,1,0,1,.,.,.,157.94
2,115,65,18,9/29/2020,40,30,28,rainy,1,1,2,25.6,25.91,520.98,427.35
2,116,66,21,9/29/2020,40,52,51,rainy,1,1,2,.,.,.,.
2,117,26,2,9/29/2020,40,31,.,rainy,1,0,1,.,.,.,.
2,118,71,23,9/29/2020,40,23,.,rainy,1,0,1,.,.,.,.
2,119,71,20,9/29/2020,40,31,.,rainy,1,0,1,.,.,.,.
2,120,39,27,9/29/2020,40,16,.,rainy,1,0,1,.,.,.,157.94
2,121,67,46,9/29/2020,40,24,.,rainy,1,0,1,.,.,.,269.42
2,122,30,25,9/29/2020,40,70,.,rainy,1,0,1,44.2,33.22,1153.23,622.45
2,123,65,6,9/29/2020,40,30,72,rainy,1,1,2,42.37,25.6,851.95,743.22
2,124,30,42,9/29/2020,40,69,.,rainy,1,0,1,.,.,.,.
2,125,36,37,9/29/2020,40,46,38,rainy,1,1,2,37.19,28.96,845.67,566.71
2,126,60,47,9/29/2020,40,.,.,rainy,0,0,0,.,.,.,.
2,127,7,21,9/29/2020,40,88,55,rainy,1,1,2,.,.,.,315.87
2,128,30,27,9/29/2020,40,59,.,rainy,1,0,1,.,.,.,204.39
2,129,43,29,9/29/2020,40,73,.,rainy,1,0,1,.,.,.,.
2,130,4,18,9/29/2020,40,94,.,rainy,1,0,1,23.47,28.35,522.51,353.03
2,131,4,8,9/29/2020,40,57,59,rainy,1,1,2,57,48.46,2169.49,1644.38
2,132,60,48,9/29/2020,40,52,.,rainy,1,0,1,.,.,.,157.94
2,133,11,15,9/29/2020,40,75,.,rainy,1,0,1,37.49,24.99,735.93,631.74
2,134,30,21,9/29/2020,40,65,.,rainy,1,0,1,32.61,41.45,1061.8,603.87
2,135,26,53,9/29/2020,40,.,.,rainy,0,0,0,.,.,.,.
2,136,72,12,9/29/2020,40,26,.,rainy,1,0,1,.,.,.,250.84
2,137,65,22,9/29/2020,40,16,.,rainy,1,0,1,44.2,36.58,1269.61,771.1
2,138,7,1,9/29/2020,40,.,.,rainy,0,0,0,.,.,.,.
2,139,49,5,9/29/2020,40,47,.,rainy,1,0,1,35.66,34.44,964.68,631.74
2,140,6,26,9/29/2020,40,101,.,rainy,1,0,1,.,.,.,.
2,141,1,16.1,9/29/2020,40,67,.,rainy,1,0,1,20.73,29.26,476.32,371.61
2,142,60,6,9/29/2020,40,.,.,rainy,0,0,0,.,.,.,.
2,143,43,46,9/29/2020,40,37,.,rainy,1,0,1,.,.,.,.
2,144,67,2,9/29/2020,40,28,.,rainy,1,0,1,.,.,.,222.97
2,145,7,29,9/29/2020,40,80,.,rainy,1,0,1,.,.,.,.
2,146,72,17,9/29/2020,40,41,.,rainy,1,0,1,.,.,.,278.71
2,147,67,45,9/29/2020,40,22,.,rainy,1,0,1,.,.,.,204.39
2,148,39,6,9/29/2020,40,22,.,rainy,1,0,1,.,.,.,.
2,149,39,19,9/29/2020,40,97,.,rainy,1,0,1,40.84,30.18,967.97,724.64
2,150,34,23,9/29/2020,40,49,.,rainy,1,0,1,.,.,.,.
2,151,1,15,9/29/2020,40,41,.,rainy,1,0,1,.,.,.,260.13
2,152,43,49,9/29/2020,40,43,.,rainy,1,0,1,34.75,43.28,1181.17,938.32
2,153,6,22,9/29/2020,40,99,.,rainy,1,0,1,.,.,.,.
2,154,81,5,9/29/2020,40,38,.,rainy,1,0,1,25.6,29.26,588.4,445.93
2,155,8,47,9/29/2020,40,45,.,rainy,1,0,1,33.22,37.8,986.21,585.29
2,156,26,5,9/29/2020,40,41,.,rainy,1,0,1,31.39,34.14,841.73,501.68
2,157,60,5,9/29/2020,40,57,.,rainy,1,0,1,.,.,.,213.68
2,158,7,24,9/29/2020,40,92,.,rainy,1,0,1,.,.,.,.
2,159,4,1,9/29/2020,40,.,.,rainy,0,0,0,.,.,.,.
2,160,65,4,9/29/2020,40,36,.,rainy,1,0,1,.,.,.,269.42
2,161,66,22,9/29/2020,40,80,78,rainy,1,1,2,.,.,.,.
2,162,70,16,9/29/2020,40,25,.,rainy,1,0,1,.,.,.,353.03
2,163,30,19,9/29/2020,40,67,.,rainy,1,0,1,.,.,.,.
2,164,49,9,9/29/2020,40,57,.,rainy,1,0,1,28.04,32.61,718.28,529.55
2,165,4,16,9/29/2020,40,81,.,rainy,1,0,1,42.98,45.11,1522.65,873.29
2,166,36,7,9/29/2020,40,39,.,rainy,1,0,1,.,.,.,306.58
2,167,60,35,9/29/2020,40,.,.,rainy,0,0,0,.,.,.,.
2,168,4,15,9/29/2020,40,73,76,rainy,1,1,2,.,.,.,213.68
2,169,82,10,9/29/2020,40,66,.,rainy,1,0,1,.,.,.,139.35
2,170,71,2,9/29/2020,40,.,.,rainy,0,0,0,.,.,.,.
2,171,49,2,9/29/2020,40,53,.,rainy,1,0,1,30.48,28.35,678.58,464.52
2,172,50,20,9/29/2020,40,8,.,rainy,1,0,1,.,.,.,.
2,173,8,17,9/29/2020,40,63,.,rainy,1,0,1,.,.,.,157.94
2,174,72,6,9/29/2020,40,37,.,rainy,1,0,1,.,.,.,232.26
2,175,72,18,9/29/2020,40,29,.,rainy,1,0,1,.,.,.,269.42
2,176,67,1,9/29/2020,40,22,.,rainy,1,0,1,.,.,.,.
2,177,8,28,9/29/2020,40,58,.,rainy,1,0,1,34.44,33.22,898.72,678.19
2,178,60,7,9/29/2020,40,.,.,rainy,0,0,0,.,.,.,.
2,179,50,23,9/29/2020,40,.,.,rainy,0,0,0,.,.,.,.
2,180,7,23,9/29/2020,40,94,.,rainy,1,0,1,.,.,.,315.87
2,181,4,9,9/29/2020,40,80,82,rainy,1,1,2,43.59,35.05,1199.92,901.16
2,182,26,24,9/29/2020,40,39,.,rainy,1,0,1,24.08,33.22,628.31,371.61
2,183,67,15,9/29/2020,40,18,.,rainy,1,0,1,.,.,.,.
2,184,1,19,9/29/2020,40,50,.,rainy,1,0,1,.,.,.,.
2,185,9,21,9/29/2020,40,34,.,rainy,1,0,1,.,.,.,148.64
2,186,71,34,9/29/2020,40,23,.,rainy,1,0,1,.,.,.,213.68
2,187,67,22,9/29/2020,40,17,.,rainy,1,0,1,.,.,.,148.64
2,188,67,33,9/29/2020,40,15,.,rainy,1,0,1,.,.,.,.
2,189,65,12.1,9/29/2020,40,33,.,rainy,1,0,1,.,.,.,.
2,190,1,7,9/29/2020,40,60,.,rainy,1,0,1,38.71,39.01,1186.13,724.64
2,191,4,2,9/29/2020,40,70,.,rainy,1,0,1,34.44,21.34,577.16,501.68
2,192,6,18,9/29/2020,40,79,.,rainy,1,0,1,.,.,.,.
2,193,40,9,9/29/2020,40,15,.,rainy,1,0,1,46.94,30.78,1134.91,631.74
2,194,6,19,9/29/2020,40,108,.,rainy,1,0,1,.,.,.,.
2,195,46,3,9/29/2020,40,19,.,rainy,1,0,1,.,.,.,.
2,196,65,5,9/29/2020,40,35,.,rainy,1,0,1,38.71,20.73,630.13,501.68
2,197,26,25,9/29/2020,40,38,.,rainy,1,0,1,.,.,.,.
2,198,65,3,9/29/2020,40,32,.,rainy,1,0,1,.,.,.,.
2,199,60,10,9/29/2020,40,.,.,rainy,0,0,0,.,.,.,.
2,200,66,6,9/29/2020,40,72,.,rainy,1,0,1,.,.,.,.
2,201,34,36,9/29/2020,40,36,.,rainy,1,0,1,.,.,.,.
2,202,36,10,9/29/2020,40,42,.,rainy,1,0,1,.,.,.,.
2,203,7,25,9/29/2020,40,90,.,rainy,1,0,1,.,.,.,.
2,204,11,31,9/29/2020,40,44,.,rainy,1,0,1,.,.,.,.
3,1,40,5,9/29/2020,40,15,.,rainy,1,0,1,31.09,20.73,506.09,353.03
3,2,46,6,9/29/2020,40,27,.,rainy,1,0,1,.,.,.,.
3,3,71,39,9/29/2020,40,54,.,rainy,1,0,1,39.32,27.13,837.72,733.93
3,4,11,38,9/29/2020,40,66,.,rainy,1,0,1,32.31,22.25,564.61,288
3,5,34,20,9/29/2020,40,59,.,rainy,1,0,1,.,.,.,.
3,6,67,49,9/29/2020,40,25,.,rainy,1,0,1,.,.,.,232.26
3,7,66,30,9/29/2020,40,64,.,rainy,1,0,1,.,.,.,213.68
3,8,66,26,9/29/2020,40,68,.,rainy,1,0,1,.,.,.,.
3,9,71,5,9/29/2020,40,42,.,rainy,1,0,1,.,.,.,.
3,10,66,50,9/29/2020,40,77,.,rainy,1,0,1,.,.,.,.
3,11,30,15,9/29/2020,40,72,.,rainy,1,0,1,28.96,16.15,367.38,399.48
3,12,71,16,9/29/2020,40,.,.,rainy,0,0,0,.,.,.,.
3,13,50,24,9/29/2020,40,19,.,rainy,1,0,1,.,.,.,.
3,14,67,37,9/29/2020,40,.,.,rainy,0,0,0,.,.,.,.
3,15,6,13,9/29/2020,40,93,.,rainy,1,0,1,.,.,.,130.06
3,16,66,46,9/29/2020,40,62,.,rainy,1,0,1,.,.,.,213.68
3,17,39,11,9/29/2020,40,15,.,rainy,1,0,1,.,.,.,139.35
3,18,50,2,9/29/2020,40,17,.,rainy,1,0,1,.,.,.,.
3,19,60,31,9/29/2020,40,48,.,rainy,1,0,1,.,.,.,204.39
3,20,43,15.1,9/29/2020,40,39,.,rainy,1,0,1,29.57,23.47,544.98,576
3,21,7,17,9/29/2020,40,87,.,rainy,1,0,1,.,.,.,148.64
3,22,30,50,9/29/2020,40,57,.,rainy,1,0,1,40.54,27.74,883.11,603.87
3,23,39,8,9/29/2020,40,25,.,rainy,1,0,1,.,.,.,176.52
3,24,60,26,9/29/2020,40,.,.,rainy,0,0,0,.,.,.,.
3,25,36,44,9/29/2020,40,56,.,rainy,1,0,1,29.87,17.68,414.74,445.93
3,26,60,49,9/29/2020,40,44,.,rainy,1,0,1,.,.,.,250.84
3,27,67,18,9/29/2020,40,25,.,rainy,1,0,1,.,.,.,232.26
3,28,26,59,9/29/2020,40,31,.,rainy,1,0,1,33.53,22.86,601.97,501.68
3,29,70,26,9/29/2020,40,38,.,rainy,1,0,1,.,.,.,130.06
3,30,8,4,9/29/2020,40,78,.,rainy,1,0,1,.,.,.,130.06
3,31,81,14,9/29/2020,40,30,.,rainy,1,0,1,24.69,21.64,419.63,455.22
3,32,71,6,9/29/2020,40,29,.,rainy,1,0,1,.,.,.,130.06
3,33,71,37,9/29/2020,40,53,.,rainy,1,0,1,.,.,.,.
3,34,72,14,9/29/2020,40,24,.,rainy,1,0,1,.,.,.,195.1
3,35,70,12,9/29/2020,40,36,.,rainy,1,0,1,34.75,25.6,698.72,473.81
3,36,26,45,9/29/2020,40,38,.,rainy,1,0,1,.,.,.,.
3,37,45,11,9/29/2020,40,66,.,rainy,1,0,1,28.04,19.51,429.62,380.9
3,38,26,31,9/29/2020,40,37,.,rainy,1,0,1,.,.,.,269.42
3,39,7,18,9/29/2020,40,78,23,rainy,1,1,2,.,.,.,.
3,40,1,5,9/29/2020,40,50,.,rainy,1,0,1,.,.,.,.
3,41,30,22,9/29/2020,40,69,.,rainy,1,0,1,28.04,21.64,476.61,380.9
3,42,11,17,9/29/2020,40,68,.,rainy,1,0,1,28.96,24.38,554.54,418.06
3,43,9,30,9/29/2020,40,42,.,rainy,1,0,1,.,.,.,.
3,44,67,50,9/29/2020,40,18,.,rainy,1,0,1,22.25,20.73,362.2,260.13
3,45,8,48,9/29/2020,40,51,21,rainy,1,1,2,.,.,.,.
3,46,46,5,9/29/2020,40,29,.,rainy,1,0,1,.,.,.,.
3,47,26,29,9/29/2020,40,27,.,rainy,1,0,1,.,.,.,241.55
3,48,72,44,9/29/2020,40,30,34,rainy,1,1,2,26.21,17.98,370.23,436.64
3,49,34,41,9/29/2020,40,40,.,rainy,1,0,1,.,.,.,.
3,50,26,39,9/29/2020,40,36,.,rainy,1,0,1,.,.,.,.
3,51,66,47,9/29/2020,40,69,.,rainy,1,0,1,.,.,.,.
3,52,36,17,9/29/2020,40,44,.,rainy,1,0,1,.,.,.,195.1
3,53,43,23,9/29/2020,40,63,.,rainy,1,0,1,30.78,27.43,663.26,464.52
3,54,30,44,9/29/2020,40,70,.,rainy,1,0,1,35.36,25.91,719.44,473.81
3,55,65,25,9/29/2020,40,28,.,rainy,1,0,1,.,.,.,288
3,56,11,27,9/29/2020,40,81,.,rainy,1,0,1,.,.,.,250.84
3,57,60,3,9/29/2020,40,.,.,rainy,0,0,0,.,.,.,.
3,58,43,13,9/29/2020,40,31,.,rainy,1,0,1,22.56,23.16,410.36,353.03
3,59,26,28,9/29/2020,40,30,.,rainy,1,0,1,.,.,.,213.68
3,60,43,44,9/29/2020,40,68,.,rainy,1,0,1,31.39,17.37,428.38,445.93
3,61,60,15,9/29/2020,40,56,.,rainy,1,0,1,.,.,.,.
3,62,30,23,9/29/2020,40,70,.,rainy,1,0,1,23.16,35.05,637.72,464.52
3,63,4,27,9/29/2020,40,69,.,rainy,1,0,1,49.07,61.57,2373,1440
3,64,8,11,9/29/2020,40,74,.,rainy,1,0,1,.,.,.,.
3,65,71,13,9/29/2020,40,37,.,rainy,1,0,1,.,.,.,157.94
3,66,8,9,9/29/2020,40,74,.,rainy,1,0,1,.,.,.,334.45
3,67,71,38,9/29/2020,40,66,.,rainy,1,0,1,.,.,.,176.52
3,68,6,46,9/29/2020,40,64,.,rainy,1,0,1,.,.,.,.
3,69,26,38,9/29/2020,40,32,.,rainy,1,0,1,.,.,.,.
3,70,6,47,9/29/2020,40,57,.,rainy,1,0,1,.,.,.,306.58
3,71,7,16,9/29/2020,40,104,.,rainy,1,0,1,.,.,.,.
3,72,7,20,9/29/2020,40,83,.,rainy,1,0,1,.,.,.,306.58
3,73,71,35,9/29/2020,40,58,.,rainy,1,0,1,.,.,.,.
3,74,8,12,9/29/2020,40,72,.,rainy,1,0,1,.,.,.,.
3,75,34,32,9/29/2020,40,48,.,rainy,1,0,1,32,14.33,360.09,380.9
3,76,9,23,9/29/2020,40,47,.,rainy,1,0,1,.,.,.,213.68
3,77,81,19,9/29/2020,40,.,.,rainy,0,0,0,.,.,.,.
3,78,50,12,9/29/2020,40,20,.,rainy,1,0,1,.,.,.,176.52
3,79,40,7,9/29/2020,40,10,.,rainy,1,0,1,.,.,.,.
3,80,30,16,9/29/2020,40,53,.,rainy,1,0,1,.,.,.,.
3,81,65,48,9/29/2020,40,24,.,rainy,1,0,1,31.7,18.59,462.9,585.29
3,82,65,23,9/29/2020,40,51,.,rainy,1,0,1,38.71,25.91,787.67,557.42
3,83,4,47,9/29/2020,40,71,.,rainy,1,0,1,33.83,20.12,534.55,529.55
3,84,36,34,9/29/2020,40,47,.,rainy,1,0,1,.,.,.,167.23
3,85,72,40,9/29/2020,40,37,.,rainy,1,0,1,31.09,26.82,654.94,622.45
3,86,4,50,9/29/2020,40,78,.,rainy,1,0,1,41.15,25.6,827.43,743.22
3,87,4,23,9/29/2020,40,58,.,rainy,1,0,1,40.54,36.88,1174.24,771.1
3,88,81,2,9/29/2020,40,35,.,rainy,1,0,1,36.27,42.67,1215.61,1031.22
3,89,9,27,9/29/2020,40,50,.,rainy,1,0,1,.,.,.,111.48
3,90,26,27,9/29/2020,40,42,.,rainy,1,0,1,39.93,33.22,1041.88,706.06
3,91,11,5,9/29/2020,40,58,.,rainy,1,0,1,.,.,.,.
3,92,7,19,9/29/2020,40,68,.,rainy,1,0,1,50.29,29.26,1155.78,743.22
3,93,1,49,9/29/2020,40,38,.,rainy,1,0,1,26.21,14.94,307.48,204.39
3,94,11,3,9/29/2020,40,79,.,rainy,1,0,1,.,.,.,.
3,95,34,31,9/29/2020,40,35,.,rainy,1,0,1,.,.,.,.
3,96,39,14,9/29/2020,40,.,.,rainy,0,0,0,.,.,.,.
3,97,67,23,9/29/2020,40,22,.,rainy,1,0,1,.,.,.,232.26
3,98,26,36,9/29/2020,40,37,.,rainy,1,0,1,38.1,31.39,939.44,594.58
3,99,11,14,9/29/2020,40,85,.,rainy,1,0,1,33.83,24.38,647.94,715.35
3,100,39,16,9/29/2020,40,23,48,rainy,1,1,2,35.05,19.51,537.03,380.9
3,101,43,22,9/29/2020,40,50,.,rainy,1,0,1,.,.,.,250.84
3,102,36,45,9/29/2020,40,45,.,rainy,1,0,1,.,.,.,.
3,103,43,19,9/29/2020,40,19,.,rainy,1,0,1,30.18,23.77,563.44,650.32
3,104,34,35,9/29/2020,40,41,.,rainy,1,0,1,50.9,22.25,889.53,585.29
3,105,6,34,9/29/2020,40,48,.,rainy,1,0,1,.,.,.,.
3,106,43,25,9/29/2020,40,69,.,rainy,1,0,1,37.49,30.48,897.48,585.29
3,107,72,33,9/29/2020,40,36,.,rainy,1,0,1,30.78,25.3,611.67,353.03
3,108,46,2,9/29/2020,40,36,.,rainy,1,0,1,.,.,.,278.71
3,109,30,52,9/29/2020,40,69,.,rainy,1,0,1,.,.,.,250.84
3,110,39,9,9/29/2020,40,15,.,rainy,1,0,1,.,.,.,250.84
3,111,66,28,9/29/2020,40,73,.,rainy,1,0,1,.,.,.,.
3,112,65,26,9/29/2020,40,45,.,rainy,1,0,1,52.12,28.35,1160.38,1021.93
3,113,1,41,9/29/2020,40,.,.,rainy,0,0,0,.,.,.,.
3,114,72,23,9/29/2020,40,22,.,rainy,1,0,1,29.26,26.82,616.42,603.87
3,115,34,45,9/29/2020,40,36,.,rainy,1,0,1,.,.,.,.
3,116,34,2,9/29/2020,40,60,.,rainy,1,0,1,.,.,.,.
3,117,39,10,9/29/2020,40,26,.,rainy,1,0,1,.,.,.,269.42
3,118,1,6,9/29/2020,40,53,.,rainy,1,0,1,.,.,.,.
3,119,81,18,9/29/2020,40,23,.,rainy,1,0,1,24.99,22.25,436.77,362.32
3,120,8,18,9/29/2020,40,52,.,rainy,1,0,1,.,.,.,.
3,121,34,34,9/29/2020,40,55,.,rainy,1,0,1,.,.,.,.
3,122,34,33,9/29/2020,40,36,.,rainy,1,0,1,34.44,27.13,733.82,613.16
3,123,30,56,9/29/2020,40,47,.,rainy,1,0,1,35.05,25.3,696.46,566.71
3,124,8,10,9/29/2020,40,54,.,rainy,1,0,1,.,.,.,297.29
3,125,82,8,9/29/2020,40,79,.,rainy,1,0,1,.,.,.,241.55
3,126,9,12,9/29/2020,40,63,.,rainy,1,0,1,.,.,.,.
3,127,1,18,9/29/2020,40,.,.,rainy,0,0,0,.,.,.,.
3,128,4,4,9/29/2020,40,81,.,rainy,1,0,1,45.11,22.25,788.32,687.48
3,129,72,34,9/29/2020,40,40,.,rainy,1,0,1,.,.,.,139.35
3,130,60,8,9/29/2020,40,.,.,rainy,0,0,0,.,.,.,.
3,131,7,34,9/29/2020,40,76,.,rainy,1,0,1,.,.,.,167.23
3,132,36,22,9/29/2020,40,33,.,rainy,1,0,1,.,.,.,139.35
3,133,82,27,9/29/2020,40,.,.,rainy,0,0,0,.,.,.,.
3,134,26,10,9/29/2020,40,.,.,rainy,0,0,0,.,.,.,.
3,135,30,20.1,9/29/2020,40,98,.,rainy,1,0,1,.,.,.,315.87
3,136,7,15,9/29/2020,40,93,.,rainy,1,0,1,.,.,.,.
3,137,43,20,9/29/2020,40,74,.,rainy,1,0,1,37.19,30.18,881.28,845.42
3,138,36,18,9/29/2020,40,26,.,rainy,1,0,1,.,.,.,167.23
3,139,60,32,9/29/2020,40,66,.,rainy,1,0,1,26.21,27.13,558.48,613.16
3,140,82,26,9/29/2020,40,99,.,rainy,1,0,1,29.87,19.51,457.64,436.64
3,141,8,3,9/29/2020,40,72,.,rainy,1,0,1,.,.,.,.
3,142,1,44,9/29/2020,40,55,.,rainy,1,0,1,29.26,21.34,490.33,418.06
3,143,4,5,9/29/2020,40,90,28,rainy,1,1,2,40.23,32.92,1040.2,603.87
3,144,60,9,9/29/2020,40,51,.,rainy,1,0,1,34.75,24.08,657.13,455.22
3,145,70,19,9/29/2020,40,30,25,rainy,1,1,2,.,.,.,315.87
3,146,72,42,9/29/2020,40,42,.,rainy,1,0,1,35.36,28.04,778.69,455.22
3,147,72,20,9/29/2020,40,28,.,rainy,1,0,1,22.25,29.26,511.34,520.26
3,148,36,14,9/29/2020,40,41,.,rainy,1,0,1,.,.,.,306.58
3,149,66,49,9/29/2020,40,67,65,rainy,1,1,2,.,.,.,250.84
3,150,34,30,9/29/2020,40,.,.,rainy,0,0,0,.,.,.,.
3,151,65,7,9/29/2020,40,41,.,rainy,1,0,1,.,.,.,306.58
3,152,6,48,9/29/2020,40,.,.,rainy,0,0,0,.,.,.,.
3,153,6,31,9/29/2020,40,66,.,rainy,1,0,1,37.8,18.59,551.91,501.68
3,154,70,5,9/29/2020,40,38,.,rainy,1,0,1,.,.,.,288
3,155,6,9.1,9/29/2020,40,64,22,rainy,1,1,2,.,.,.,.
3,156,81,22,9/29/2020,40,30,.,rainy,1,0,1,32.31,24.99,634.22,445.93
3,157,50,10,9/29/2020,40,17,.,rainy,1,0,1,.,.,.,.
3,158,1,3,9/29/2020,40,63,.,rainy,1,0,1,31.7,19.81,493.25,408.77
3,159,6,49,9/29/2020,40,80,.,rainy,1,0,1,.,.,.,.
3,160,30,39,9/29/2020,40,71,.,rainy,1,0,1,44.5,32.61,1139.87,1003.35
3,161,11,16,9/29/2020,40,51,.,rainy,1,0,1,38.1,28.35,848.23,585.29
3,162,36,49,9/29/2020,40,55,.,rainy,1,0,1,.,.,.,250.84
3,163,50,7,9/29/2020,40,12,.,rainy,1,0,1,.,.,.,.
3,164,4,25,9/29/2020,40,68,.,rainy,1,0,1,39.93,27.13,850.71,743.22
3,165,9,15.1,9/29/2020,40,38,.,rainy,1,0,1,.,.,.,315.87
3,166,82,17,9/29/2020,40,.,.,rainy,0,0,0,.,.,.,.
4,1,8,8,9/29/2020,40,39,88,rainy,1,1,2,.,.,.,.
4,2,1,8,9/29/2020,40,23,.,rainy,1,0,1,.,.,.,.
4,3,30,55,9/29/2020,40,44,.,rainy,1,0,1,.,.,.,.
4,4,9,5,9/29/2020,40,30,.,rainy,1,0,1,38.71,23.16,704.27,483.1
4,5,71,22,9/29/2020,40,64,.,rainy,1,0,1,.,.,.,.
4,6,82,30,9/29/2020,40,100,.,rainy,1,0,1,.,.,.,325.16
4,7,65,49,9/29/2020,40,30,.,rainy,1,0,1,36.88,32,927.03,613.16
4,8,26,23,9/29/2020,40,36,.,rainy,1,0,1,.,.,.,.
4,9,60,17,9/29/2020,40,42,.,rainy,1,0,1,.,.,.,204.39
4,10,65,42,9/29/2020,40,32,.,rainy,1,0,1,38.71,47.55,1445.6,1031.22
4,11,65,39,9/29/2020,40,47,.,rainy,1,0,1,.,.,.,.
4,12,72,38,9/29/2020,40,37,.,rainy,1,0,1,.,.,.,204.39
4,13,70,8,9/29/2020,40,34,.,rainy,1,0,1,.,.,.,.
4,14,8,37,9/29/2020,40,76,.,rainy,1,0,1,.,.,.,.
4,15,81,27,9/29/2020,40,25,.,rainy,1,0,1,30.18,31.09,736.81,622.45
4,16,34,18,9/29/2020,40,49,.,rainy,1,0,1,45.11,22.56,799.12,845.42
4,17,4,42,9/29/2020,40,77,.,rainy,1,0,1,.,.,.,.
4,18,81,26,9/29/2020,40,29,.,rainy,1,0,1,29.87,26.52,622.11,520.26
4,19,4,48,9/29/2020,40,75,.,rainy,1,0,1,.,.,.,306.58
4,20,67,43,9/29/2020,40,6,.,rainy,1,0,1,.,.,.,.
4,21,65,45,9/29/2020,40,29,.,rainy,1,0,1,48.16,34.75,1314.26,975.48
4,22,4,44,9/29/2020,40,.,.,rainy,0,0,0,.,.,.,.
4,23,4,46,9/29/2020,40,84,.,rainy,1,0,1,.,.,.,232.26
4,24,1,21,9/29/2020,40,9,.,rainy,1,0,1,.,.,.,195.1
4,25,6,33,9/29/2020,40,65,.,rainy,1,0,1,25.3,24.99,496.61,315.87
4,26,11,34,9/29/2020,40,79,.,rainy,1,0,1,46.94,27.74,1022.54,594.58
4,27,70,29,9/29/2020,40,31,.,rainy,1,0,1,.,.,.,334.45
4,28,70,15,9/29/2020,40,36,.,rainy,1,0,1,30.18,21.95,520.1,566.71
4,29,36,35,9/29/2020,40,67,.,rainy,1,0,1,.,.,.,.
4,30,6,6,9/29/2020,40,67,.,rainy,1,0,1,.,.,.,.
4,31,82,14,9/29/2020,40,.,.,rainy,0,0,0,.,.,.,.
4,32,8,36,9/29/2020,40,63,.,rainy,1,0,1,.,.,.,.
4,33,39,46,9/29/2020,40,.,.,rainy,0,0,0,.,.,.,.
4,34,8,32,9/29/2020,40,58,.,rainy,1,0,1,.,.,.,185.81
4,35,34,7,9/29/2020,40,55,.,rainy,1,0,1,.,.,.,204.39
4,36,82,3,9/29/2020,40,73,.,rainy,1,0,1,.,.,.,.
4,37,72,5,9/29/2020,40,31,.,rainy,1,0,1,.,.,.,111.48
4,38,4,49,9/29/2020,40,79,.,rainy,1,0,1,38.4,26.82,809.05,659.61
4,39,30,29,9/29/2020,40,75,.,rainy,1,0,1,35.05,22.86,629.33,501.68
4,40,43,45,9/29/2020,40,69,.,rainy,1,0,1,54.56,41.45,1776.28,1133.42
4,41,81,29,9/29/2020,40,26,.,rainy,1,0,1,.,.,.,176.52
4,42,65,33,9/29/2020,40,32,.,rainy,1,0,1,.,.,.,334.45
4,43,26,60,9/29/2020,40,28,.,rainy,1,0,1,33.83,35.66,947.61,501.68
4,44,6,38,9/29/2020,40,47,.,rainy,1,0,1,18.29,40.84,586.65,622.45
4,45,60,38,9/29/2020,40,65,.,rainy,1,0,1,28.35,18.9,420.72,436.64
4,46,50,17,9/29/2020,40,17,.,rainy,1,0,1,.,.,.,.
4,47,65,34,9/29/2020,40,35,.,rainy,1,0,1,41.15,29.26,945.64,808.26
4,48,26,62,9/29/2020,40,30,.,rainy,1,0,1,46.63,29.26,1071.72,548.13
4,49,82,25,9/29/2020,40,96,.,rainy,1,0,1,.,.,.,.
4,50,70,28,9/29/2020,40,36,.,rainy,1,0,1,43.59,25.3,866.03,594.58
4,51,71,3,9/29/2020,40,43,.,rainy,1,0,1,.,.,.,.
4,52,50,13,9/29/2020,40,9,.,rainy,1,0,1,.,.,.,.
4,53,30,24,9/29/2020,40,63,.,rainy,1,0,1,40.54,20.42,650.2,631.74
4,54,30,49,9/29/2020,40,68,.,rainy,1,0,1,.,.,.,.
4,55,1,23,9/29/2020,40,31,.,rainy,1,0,1,.,.,.,250.84
4,56,66,35,9/29/2020,40,79,.,rainy,1,0,1,.,.,.,.
4,57,1,11,9/29/2020,40,.,.,rainy,0,0,0,.,.,.,.
4,58,50,18,9/29/2020,40,4,.,rainy,1,0,1,.,.,.,.
4,59,9,4,9/29/2020,40,63,.,rainy,1,0,1,.,.,.,334.45
4,60,26,41,9/29/2020,40,37,.,rainy,1,0,1,27.13,15.85,337.69,427.35
4,61,7,47,9/29/2020,40,94,.,rainy,1,0,1,.,.,.,.
4,62,43,6,9/29/2020,40,44,.,rainy,1,0,1,.,.,.,250.84
4,63,39,37.1,9/29/2020,40,15,.,rainy,1,0,1,.,.,.,.
4,64,39,47,9/29/2020,40,16,.,rainy,1,0,1,.,.,.,278.71
4,65,6,14,9/29/2020,40,76,.,rainy,1,0,1,.,.,.,213.68
4,66,70,7,9/29/2020,40,32,.,rainy,1,0,1,19.81,23.47,365.19,232.26
4,67,34,14,9/29/2020,40,48,.,rainy,1,0,1,.,.,.,.
4,68,66,32,9/29/2020,40,59,.,rainy,1,0,1,.,.,.,.
4,69,39,43,9/29/2020,40,32,.,rainy,1,0,1,28.04,29.26,644.43,483.1
4,70,60,24,9/29/2020,40,59,.,rainy,1,0,1,.,.,.,213.68
4,71,66,42,9/29/2020,40,57,.,rainy,1,0,1,.,.,.,297.29
4,72,7,6,9/29/2020,40,96,.,rainy,1,0,1,.,.,.,167.23
4,73,1,26,9/29/2020,40,36,.,rainy,1,0,1,.,.,.,.
4,74,43,17,9/29/2020,40,82,.,rainy,1,0,1,.,.,.,353.03
4,75,6,32,9/29/2020,40,50,.,rainy,1,0,1,28.65,27.43,617.29,836.13
4,76,4,45,9/29/2020,40,94,.,rainy,1,0,1,38.4,19.51,588.4,798.97
4,77,7,41,9/29/2020,40,72,.,rainy,1,0,1,31.39,18.29,450.93,520.26
4,78,30,28,9/29/2020,40,66,.,rainy,1,0,1,.,.,.,.
4,79,46,1,9/29/2020,40,34,.,rainy,1,0,1,.,.,.,269.42
4,80,36,30,9/29/2020,40,38,.,rainy,1,0,1,31.09,22.25,543.3,418.06
4,81,7,49,9/29/2020,40,73,.,rainy,1,0,1,.,.,.,.
4,82,70,13.1,9/29/2020,40,30,.,rainy,1,0,1,.,.,.,213.68
4,83,6,39,9/29/2020,40,54,.,rainy,1,0,1,.,.,.,.
4,84,60,40,9/29/2020,40,50,.,rainy,1,0,1,.,.,.,.
4,85,70,17,9/29/2020,40,33,.,rainy,1,0,1,37.8,28.65,850.49,492.39
4,86,8,31,9/29/2020,40,60,.,rainy,1,0,1,.,.,.,.
4,87,34,13,9/29/2020,40,44,.,rainy,1,0,1,.,.,.,.
4,88,67,32,9/29/2020,40,28,.,rainy,1,0,1,.,.,.,288
4,89,9,13,9/29/2020,40,39,.,rainy,1,0,1,.,.,.,.
4,90,11,11,9/29/2020,40,76,.,rainy,1,0,1,.,.,.,.
4,91,71,17,9/29/2020,40,44,.,rainy,1,0,1,.,.,.,.
4,92,81,13,9/29/2020,40,33,.,rainy,1,0,1,.,.,.,390.19
4,93,71,14,9/29/2020,40,18,.,rainy,1,0,1,.,.,.,.
4,94,1,25,9/29/2020,40,16,.,rainy,1,0,1,.,.,.,195.1
4,95,1,30,9/29/2020,40,52,.,rainy,1,0,1,.,.,.,241.55
4,96,9,8,9/29/2020,40,54,.,rainy,1,0,1,.,.,.,213.68
4,97,1,34,9/29/2020,40,59,.,rainy,1,0,1,.,.,.,288
4,98,6,35,9/29/2020,40,52,.,rainy,1,0,1,39.01,24.69,756.51,390.19
4,99,50,21,9/29/2020,40,4,.,rainy,1,0,1,.,.,.,.
4,100,72,31,9/29/2020,40,29,.,rainy,1,0,1,26.52,21.64,450.71,306.58
4,101,43,8,9/29/2020,40,38,.,rainy,1,0,1,38.4,26.52,799.85,743.22
4,102,82,6,9/29/2020,40,89,.,rainy,1,0,1,.,.,.,157.94
4,103,39,34,9/29/2020,40,81,.,rainy,1,0,1,.,.,.,288
4,104,34,19,9/29/2020,40,42,.,rainy,1,0,1,.,.,.,288
4,105,11,30,9/29/2020,40,85,.,rainy,1,0,1,.,.,.,232.26
4,106,66,45,9/29/2020,40,91,.,rainy,1,0,1,.,.,.,.
4,107,67,24,9/29/2020,40,25,.,rainy,1,0,1,.,.,.,.
4,108,39,41,9/29/2020,40,20,.,rainy,1,0,1,.,.,.,334.45
4,109,79,3,9/29/2020,40,25,.,rainy,1,0,1,.,.,.,185.81
4,110,30,47,9/29/2020,40,56,.,rainy,1,0,1,28.35,21.64,481.79,436.64
4,111,7,42,9/29/2020,40,91,.,rainy,1,0,1,.,.,.,.
4,112,72,46,9/29/2020,40,29,.,rainy,1,0,1,.,.,.,.
4,113,50,25,9/29/2020,40,4,.,rainy,1,0,1,.,.,.,.
4,114,34,6,9/29/2020,40,64,.,rainy,1,0,1,.,.,.,.
4,115,1,32,9/29/2020,40,10,.,rainy,1,0,1,.,.,.,.
4,116,9,3,9/29/2020,40,32,.,rainy,1,0,1,.,.,.,176.52
4,117,36,31,9/29/2020,40,46,.,rainy,1,0,1,.,.,.,297.29
4,118,43,16,9/29/2020,40,44,.,rainy,1,0,1,.,.,.,157.94
4,119,9,9,9/29/2020,40,35,.,rainy,1,0,1,35.36,17.68,490.91,427.35
4,120,81,16,9/29/2020,40,25,.,rainy,1,0,1,23.16,19.81,360.45,334.45
4,121,7,36,9/29/2020,40,95,.,rainy,1,0,1,.,.,.,157.94
4,122,36,23,9/29/2020,40,17,.,rainy,1,0,1,.,.,.,.
4,123,43,10,9/29/2020,40,34,.,rainy,1,0,1,30.18,14.33,339.51,371.61
4,124,26,58,9/29/2020,40,25,.,rainy,1,0,1,34.75,16.46,449.18,418.06
4,125,7,5,9/29/2020,40,9,.,rainy,1,0,1,.,.,.,.
4,126,81,20,9/29/2020,40,20,.,rainy,1,0,1,.,.,.,.
4,127,60,39,9/29/2020,40,.,.,rainy,0,0,0,.,.,.,.
4,128,43,35,9/29/2020,40,47,.,rainy,1,0,1,35.66,29.26,819.55,613.16
4,129,8,44,9/29/2020,40,67,.,rainy,1,0,1,37.49,28.04,825.68,622.45
4,130,11,47,9/29/2020,40,83,.,rainy,1,0,1,.,.,.,334.45
4,131,30,31,9/29/2020,40,53,.,rainy,1,0,1,.,.,.,306.58
4,132,34,10,9/29/2020,40,48,.,rainy,1,0,1,27.43,16.76,361.18,483.1
4,133,72,28,9/29/2020,40,30,.,rainy,1,0,1,.,.,.,269.42
4,134,72,41,9/29/2020,40,30,.,rainy,1,0,1,.,.,.,176.52
4,135,30,46,9/29/2020,40,62,.,rainy,1,0,1,.,.,.,.
4,136,72,4,9/29/2020,40,40,.,rainy,1,0,1,.,.,.,222.97
4,137,26,35,9/29/2020,40,29,.,rainy,1,0,1,40.54,50.9,1620.65,919.74
4,138,65,16,9/29/2020,40,19,.,rainy,1,0,1,.,.,.,315.87
4,139,30,45,9/29/2020,40,50,.,rainy,1,0,1,32,35.36,888.72,659.61
4,140,72,30,9/29/2020,40,31,.,rainy,1,0,1,.,.,.,315.87
4,141,4,40,9/29/2020,40,71,.,rainy,1,0,1,50.29,38.71,1529,1059.09
4,142,8,38,9/29/2020,40,66,.,rainy,1,0,1,.,.,.,.
4,143,39,48,9/29/2020,40,20,.,rainy,1,0,1,30.48,21.34,510.76,520.26
4,144,34,17,9/29/2020,40,39,.,rainy,1,0,1,.,.,.,306.58
5,1,4,34,9/29/2020,40,73,70,rainy,1,1,2,.,.,.,.
5,2,8,5,9/29/2020,40,16,79,rainy,1,1,2,69.19,87.78,4770.22,3112.25
5,3,40,6,9/29/2020,40,12,99,rainy,1,1,2,68.58,39.93,2150.67,2155.35
5,4,65,17,9/29/2020,40,.,.,rainy,0,0,0,.,.,.,.
5,5,66,11,9/29/2020,40,59,35,rainy,1,1,2,51.21,60.66,2439.4,1653.67
5,6,36,28,9/29/2020,40,36,.,rainy,1,0,1,52.43,49.07,2020.57,1467.87
5,7,39,15,9/29/2020,40,25,43,rainy,1,1,2,39.93,17.68,554.39,501.68
5,8,30,58,9/29/2020,40,50,.,rainy,1,0,1,.,.,.,.
5,9,67,12,9/29/2020,40,27,.,rainy,1,0,1,.,.,.,.
5,10,34,46,9/29/2020,40,30,.,rainy,1,0,1,.,.,.,.
5,11,81,15,9/29/2020,40,26,.,rainy,1,0,1,.,.,.,250.84
5,12,9,29,9/29/2020,40,42,38,rainy,1,1,2,.,.,.,269.42
5,13,11,24,9/29/2020,40,81,.,rainy,1,0,1,.,.,.,.
5,14,6,41,9/29/2020,40,67,.,rainy,1,0,1,.,.,.,.
5,15,82,24,9/29/2020,40,79,.,rainy,1,0,1,.,.,.,408.77
5,16,81,24,9/29/2020,40,30,.,rainy,1,0,1,.,.,.,288
5,17,4,11,9/29/2020,40,73,.,rainy,1,0,1,.,.,.,353.03
5,18,39,42,9/29/2020,40,.,.,rainy,0,0,0,.,.,.,.
5,19,1,37,9/29/2020,40,.,.,rainy,0,0,0,.,.,.,.
5,20,50,29,9/29/2020,40,19,.,rainy,1,0,1,.,.,.,.
5,21,1,31,9/29/2020,40,55,.,rainy,1,0,1,.,.,.,.
5,22,11,9,9/29/2020,40,114,.,rainy,1,0,1,20.42,39.93,640.42,529.55
5,23,67,44,9/29/2020,40,29,.,rainy,1,0,1,.,.,.,288
5,24,11,19,9/29/2020,40,82,.,rainy,1,0,1,.,.,.,362.32
5,25,65,47,9/29/2020,40,25,.,rainy,1,0,1,39.01,28.35,868.59,668.9
5,26,8,2,9/29/2020,40,78,.,rainy,1,0,1,.,.,.,315.87
5,27,30,54,9/29/2020,40,45,.,rainy,1,0,1,.,.,.,353.03
5,28,82,16,9/29/2020,40,103,.,rainy,1,0,1,.,.,.,.
5,29,6,44,9/29/2020,40,59,.,rainy,1,0,1,27.74,26.21,571.03,641.03
5,30,6,43,9/29/2020,40,.,.,rainy,0,0,0,.,.,.,.
5,31,82,23,9/29/2020,40,72,.,rainy,1,0,1,.,.,.,195.1
5,32,34,43,9/29/2020,40,28,.,rainy,1,0,1,.,.,.,371.61
5,33,60,18,9/29/2020,40,64,.,rainy,1,0,1,.,.,.,195.1
5,34,7,46,9/29/2020,40,105,.,rainy,1,0,1,.,.,.,241.55
5,35,7,38,9/29/2020,40,81,.,rainy,1,0,1,.,.,.,232.26
5,36,72,32,9/29/2020,40,30,.,rainy,1,0,1,.,.,.,315.87
5,37,1,45,9/29/2020,40,36,.,rainy,1,0,1,.,.,.,.
5,38,39,32,9/29/2020,40,.,.,rainy,0,0,0,.,.,.,.
5,39,11,21,9/29/2020,40,71,.,rainy,1,0,1,47.24,26.52,983.94,910.45
5,40,43,27,9/29/2020,40,75,.,rainy,1,0,1,.,.,.,353.03
5,41,72,11,9/29/2020,40,28,.,rainy,1,0,1,26.82,17.07,359.58,492.39
5,42,39,23,9/29/2020,40,22,.,rainy,1,0,1,41.45,26.52,863.33,650.32
5,43,66,40,9/29/2020,40,58,.,rainy,1,0,1,.,.,.,.
5,44,67,11,9/29/2020,40,18,.,rainy,1,0,1,.,.,.,390.19
5,45,39,35,9/29/2020,40,23,.,rainy,1,0,1,.,.,.,325.16
5,46,34,27,9/29/2020,40,43,.,rainy,1,0,1,.,.,.,427.35
5,47,81,28,9/29/2020,40,24,.,rainy,1,0,1,.,.,.,288
5,48,66,3,9/29/2020,40,53,.,rainy,1,0,1,.,.,.,195.1
5,49,7,37,9/29/2020,40,77,.,rainy,1,0,1,34.44,24.99,676.1,566.71
5,50,60,41,9/29/2020,40,.,.,rainy,0,0,0,.,.,.,.
5,51,26,44,9/29/2020,40,39,.,rainy,1,0,1,.,.,.,353.03
5,52,72,29,9/29/2020,40,38,.,rainy,1,0,1,24.08,21.64,409.27,418.06
5,53,9,19,9/29/2020,40,44,.,rainy,1,0,1,.,.,.,353.03
5,54,50,8,9/29/2020,40,12,.,rainy,1,0,1,.,.,.,.
5,55,45,17,9/29/2020,40,58,.,rainy,1,0,1,.,.,.,445.93
5,56,67,6,9/29/2020,40,23,.,rainy,1,0,1,.,.,.,.
5,57,39,29,9/29/2020,40,28,.,rainy,1,0,1,.,.,.,195.1
5,58,72,10,9/29/2020,40,27,.,rainy,1,0,1,.,.,.,418.06
5,59,81,23,9/29/2020,40,31,.,rainy,1,0,1,.,.,.,269.42
5,60,71,32,9/29/2020,40,15,.,rainy,1,0,1,34.44,26.21,709.08,696.77
5,61,65,36,9/29/2020,40,42,.,rainy,1,0,1,44.2,23.77,825.24,743.22
5,62,6,42,9/29/2020,40,64,.,rainy,1,0,1,.,.,.,427.35
5,63,70,18,9/29/2020,40,27,.,rainy,1,0,1,.,.,.,241.55
5,64,66,44,9/29/2020,40,66,.,rainy,1,0,1,.,.,.,.
5,65,8,43,9/29/2020,40,48,.,rainy,1,0,1,.,.,.,195.1
5,66,1,38,9/29/2020,40,51,57,rainy,1,1,2,.,.,.,278.71
5,67,34,12.1,9/29/2020,40,35,.,rainy,1,0,1,31.09,21.95,535.86,510.97
5,68,26,33,9/29/2020,40,34,.,rainy,1,0,1,39.32,39.62,1223.64,938.32
5,69,30,53,9/29/2020,40,59,.,rainy,1,0,1,.,.,.,.
5,70,4,32,9/29/2020,40,50,54,rainy,1,1,2,28.04,32.61,718.28,538.84
5,71,36,26,9/29/2020,40,23,.,rainy,1,0,1,.,.,.,288
5,72,34,42,9/29/2020,40,38,.,rainy,1,0,1,44.2,20.42,708.86,696.77
5,73,26,18,9/29/2020,40,37,59,rainy,1,1,2,.,.,.,.
5,74,30,7,9/29/2020,40,71,.,rainy,1,0,1,35.66,24.08,674.42,603.87
5,75,70,23,9/29/2020,40,38,.,rainy,1,0,1,24.99,32,628.24,538.84
5,76,39,38,9/29/2020,40,26,.,rainy,1,0,1,.,.,.,325.16
5,77,71,15,9/29/2020,40,23,.,rainy,1,0,1,.,.,.,.
5,78,7,50,9/29/2020,40,91,.,rainy,1,0,1,.,.,.,.
5,79,49,4,9/29/2020,40,.,.,rainy,0,0,0,.,.,.,.
5,80,8,33,9/29/2020,40,65,.,rainy,1,0,1,.,.,.,297.29
5,81,70,10,9/29/2020,40,40,.,rainy,1,0,1,.,.,.,315.87
5,82,26,30,9/29/2020,40,43,.,rainy,1,0,1,.,.,.,213.68
5,83,26,46,9/29/2020,40,39,.,rainy,1,0,1,.,.,.,353.03
5,84,6,11,9/29/2020,40,95,.,rainy,1,0,1,46.02,29.26,1057.71,929.03
5,85,9,20,9/29/2020,40,25,.,rainy,1,0,1,.,.,.,315.87
5,86,69,50,9/29/2020,40,123,.,rainy,1,0,1,.,.,.,.
5,87,81,10,9/29/2020,40,30,.,rainy,1,0,1,.,.,.,418.06
5,88,26,40,9/29/2020,40,35,.,rainy,1,0,1,36.27,33.53,955.12,631.74
5,89,66,10,9/29/2020,40,74,.,rainy,1,0,1,.,.,.,.
5,90,43,26,9/29/2020,40,52,.,rainy,1,0,1,35.97,20.12,568.26,483.1
5,91,26,11,9/29/2020,40,49,.,rainy,1,0,1,41.76,26.21,859.68,845.42
5,92,4,38,9/29/2020,40,80,81,rainy,1,1,2,35.05,22.86,629.33,445.93
5,93,4,35,9/29/2020,40,64,.,rainy,1,0,1,59.74,32,1501.64,1179.87
5,94,60,45,9/29/2020,40,51,.,rainy,1,0,1,.,.,.,204.39
5,95,72,45,9/29/2020,40,40,.,rainy,1,0,1,23.16,26.82,488,538.84
5,96,39,37.2,9/29/2020,40,21,.,rainy,1,0,1,.,.,.,.
5,97,30,51,9/29/2020,40,.,.,rainy,0,0,0,.,.,.,.
5,98,67,26,9/29/2020,40,23,.,rainy,1,0,1,.,.,.,213.68
5,99,43,31,9/29/2020,40,53,.,rainy,1,0,1,59.74,42.37,1987.88,984.77
5,100,36,27,9/29/2020,40,30,.,rainy,1,0,1,.,.,.,250.84
5,101,34,50,9/29/2020,40,41,.,rainy,1,0,1,.,.,.,139.35
5,102,6,40,9/29/2020,40,61,.,rainy,1,0,1,48.46,13.41,510.47,371.61
5,103,72,48,9/29/2020,40,29,.,rainy,1,0,1,.,.,.,297.29
5,104,81,1,9/29/2020,40,43,.,rainy,1,0,1,.,.,.,269.42
5,105,67,34,9/29/2020,40,16,.,rainy,1,0,1,.,.,.,.
5,106,66,5,9/29/2020,40,54,.,rainy,1,0,1,.,.,.,232.26
5,107,4,20,9/29/2020,40,86,84,rainy,1,1,2,.,.,.,436.64
5,108,39,45,9/29/2020,40,16,.,rainy,1,0,1,.,.,.,167.23
5,109,30,63,9/29/2020,40,40,.,rainy,1,0,1,31.09,26.21,640.06,548.13
5,110,43,21.1,9/29/2020,40,66,.,rainy,1,0,1,56.39,28.96,1282.38,947.61
5,111,1,46,9/29/2020,40,51,.,rainy,1,0,1,.,.,.,315.87
5,112,4,3,9/29/2020,40,69,73,rainy,1,1,2,28.35,30.18,671.8,427.35
5,113,6,45,9/29/2020,40,55,.,rainy,1,0,1,41.76,22.25,729.73,483.1
5,114,72,37,9/29/2020,40,36,.,rainy,1,0,1,.,.,.,334.45
5,115,8,30,9/29/2020,40,68,.,rainy,1,0,1,.,.,.,.
5,116,34,49,9/29/2020,40,.,.,rainy,0,0,0,.,.,.,.
5,117,72,39,9/29/2020,40,34,.,rainy,1,0,1,29.87,21.03,493.4,306.58
5,118,26,14,9/29/2020,40,25,.,rainy,1,0,1,37.19,28.35,827.87,724.64
5,119,34,44,9/29/2020,40,33,.,rainy,1,0,1,.,.,.,148.64
5,120,69,13,9/29/2020,40,66,.,rainy,1,0,1,40.54,21.95,698.72,576
5,121,11,29,9/29/2020,40,77,35,rainy,1,1,2,.,.,.,353.03
5,122,11,10,9/29/2020,40,72,.,rainy,1,0,1,.,.,.,.
5,123,43,11,9/29/2020,40,28,.,rainy,1,0,1,34.44,20.42,552.42,473.81
5,124,65,44,9/29/2020,40,40,.,rainy,1,0,1,34.14,26.52,710.98,473.81
5,125,43,9,9/29/2020,40,.,.,rainy,0,0,0,.,.,.,.
5,126,7,7,9/29/2020,40,102,.,rainy,1,0,1,.,.,.,.
5,127,36,25,9/29/2020,40,34,.,rainy,1,0,1,.,.,.,408.77
5,128,80,9,9/29/2020,40,54,.,rainy,1,0,1,.,.,.,.
5,129,60,44,9/29/2020,40,11,.,rainy,1,0,1,.,.,.,.
6,1,43,15.2,9/29/2020,40,.,.,rainy,0,0,0,.,.,.,.
6,2,45,1.2,9/29/2020,40,.,.,rainy,0,0,0,.,.,.,.
6,3,43,21.2,9/29/2020,40,.,.,rainy,0,0,0,.,.,.,.
6,4,65,12.2,9/29/2020,40,.,.,rainy,0,0,0,.,.,.,.
6,5,45,18.2,9/29/2020,40,.,.,rainy,0,0,0,.,.,.,.
6,6,69,47,9/29/2020,40,96,.,rainy,1,0,1,28.04,32.31,711.56,613.16
6,7,34,12.2,9/29/2020,40,.,.,rainy,0,0,0,.,.,.,.
6,8,80,5.2,9/29/2020,40,.,.,rainy,0,0,0,.,.,.,.
6,9,30,20.2,9/29/2020,40,.,.,rainy,0,0,0,.,.,.,.
6,10,8,26,9/29/2020,40,.,.,rainy,0,0,0,.,.,.,.
6,11,80,10.2,9/29/2020,40,.,.,rainy,0,0,0,.,.,.,.
6,12,49,29.2,9/29/2020,40,.,.,rainy,0,0,0,.,.,.,.
6,13,4,13.2,9/29/2020,40,.,.,rainy,0,0,0,.,.,.,.
6,14,79,1,9/29/2020,40,20,105,rainy,1,1,2,.,.,.,.
6,15,9,15.2,9/29/2020,40,.,.,rainy,0,0,0,.,.,.,.
6,16,6,9.2,9/29/2020,40,.,.,rainy,0,0,0,.,.,.,.
6,17,34,29,9/29/2020,40,28,.,rainy,1,0,1,.,.,.,213.68
6,18,70,13.2,9/29/2020,40,.,.,rainy,0,0,0,.,.,.,.
6,19,1,16.2,9/29/2020,40,.,.,rainy,0,0,0,.,.,.,.
6,20,43,34,9/29/2020,40,73,.,rainy,1,0,1,51.21,44.2,1777.45,1440
6,21,71,11.2,9/29/2020,40,.,.,rainy,0,0,0,.,.,.,.
6,22,9,16,9/29/2020,40,51,195,rainy,1,1,2,.,.,.,.
6,23,46,8,9/29/2020,40,9,.,rainy,1,0,1,.,.,.,.
6,24,70,6,9/29/2020,40,44,.,rainy,1,0,1,.,.,.,408.77
6,25,80,18,9/29/2020,40,40,.,rainy,1,0,1,.,.,.,.
6,26,70,4,9/29/2020,40,47,.,rainy,1,0,1,.,.,.,418.06
6,27,7,26,9/29/2020,40,83,.,rainy,1,0,1,.,.,.,213.68
6,28,30,30,9/29/2020,40,51,.,rainy,1,0,1,.,.,.,.
6,29,71,31,9/29/2020,40,25,.,rainy,1,0,1,.,.,.,.
6,30,67,41,9/29/2020,40,19,.,rainy,1,0,1,.,.,.,260.13
6,31,8,39,9/29/2020,40,64,63,rainy,1,1,2,.,.,.,.
6,32,26,55,9/29/2020,40,26,.,rainy,1,0,1,.,.,.,343.74
6,33,50,16,9/29/2020,40,17,.,rainy,1,0,1,.,.,.,222.97
6,34,39,33,9/29/2020,40,18,.,rainy,1,0,1,30.18,29.26,693.47,483.1
6,35,71,18,9/29/2020,40,68,.,rainy,1,0,1,41.45,31.7,1032.03,659.61
6,36,4,21,9/29/2020,40,76,71,rainy,1,1,2,63.4,45.11,2246.18,2582.7
6,37,79,7,9/29/2020,40,23,.,rainy,1,0,1,.,.,.,.
6,38,69,11,9/29/2020,40,20,.,rainy,1,0,1,.,.,.,278.71
6,39,8,16,9/29/2020,40,73,.,rainy,1,0,1,.,.,.,334.45
6,40,72,35,9/29/2020,40,41,.,rainy,1,0,1,.,.,.,.
6,41,70,9,9/29/2020,40,33,.,rainy,1,0,1,.,.,.,362.32
6,42,6,16,9/29/2020,40,83,.,rainy,1,0,1,.,.,.,399.48
6,43,45,25,9/29/2020,40,69,.,rainy,1,0,1,.,.,.,.
6,44,82,4,9/29/2020,40,79,.,rainy,1,0,1,38.1,21.34,638.45,622.45
6,45,30,43,9/29/2020,40,72,.,rainy,1,0,1,42.37,27.43,912.8,798.97
6,46,11,36,9/29/2020,40,101,.,rainy,1,0,1,.,.,.,204.39
6,47,4,7,9/29/2020,40,77,.,rainy,1,0,1,.,.,.,.
6,48,11,26,9/29/2020,40,99,.,rainy,1,0,1,.,.,.,353.03
6,49,43,32,9/29/2020,40,39,.,rainy,1,0,1,.,.,.,.
6,50,1,43,9/29/2020,40,44,.,rainy,1,0,1,35.66,34.14,956.14,687.48
6,51,34,38,9/29/2020,40,70,.,rainy,1,0,1,.,.,.,.
6,52,36,12,9/29/2020,40,43,.,rainy,1,0,1,.,.,.,.
6,53,26,63,9/29/2020,40,33,.,rainy,1,0,1,42.37,24.69,821.52,622.45
6,54,1,24,9/29/2020,40,48,.,rainy,1,0,1,.,.,.,.
6,55,71,28,9/29/2020,40,97,.,rainy,1,0,1,.,.,.,232.26
6,56,79,2,9/29/2020,40,19,.,rainy,1,0,1,.,.,.,315.87
6,57,26,47,9/29/2020,40,35,.,rainy,1,0,1,.,.,.,343.74
6,58,7,31,9/29/2020,40,110,.,rainy,1,0,1,.,.,.,343.74
6,59,30,40,9/29/2020,40,62,.,rainy,1,0,1,.,.,.,436.64
6,60,11,20,9/29/2020,40,72,.,rainy,1,0,1,.,.,.,222.97
6,61,50,6,9/29/2020,40,.,.,rainy,0,0,0,.,.,.,.
6,62,11,25,9/29/2020,40,89,.,rainy,1,0,1,36.27,24.38,694.64,687.48
6,63,60,4,9/29/2020,40,61,.,rainy,1,0,1,.,.,.,288
6,64,65,15,9/29/2020,40,17,.,rainy,1,0,1,42.67,37.8,1266.69,1086.97
6,65,60,16,9/29/2020,40,58,.,rainy,1,0,1,.,.,.,315.87
6,66,39,12,9/29/2020,40,18,.,rainy,1,0,1,29.87,30.18,707.91,436.64
6,67,6,4,9/29/2020,40,77,.,rainy,1,0,1,.,.,.,325.16
6,68,8,13,9/29/2020,40,71,.,rainy,1,0,1,43.59,24.99,855.6,761.8
6,69,11,41,9/29/2020,40,70,.,rainy,1,0,1,34.44,22.25,601.9,483.1
6,70,40,8,9/29/2020,40,12,.,rainy,1,0,1,.,.,.,.
6,71,66,1,9/29/2020,40,60,.,rainy,1,0,1,.,.,.,260.13
6,72,36,8,9/29/2020,40,60,.,rainy,1,0,1,40.84,23.77,762.64,418.06
6,73,26,52,9/29/2020,40,33,.,rainy,1,0,1,.,.,.,343.74
6,74,8,40,9/29/2020,40,77,.,rainy,1,0,1,37.19,34.75,1014.81,743.22
6,75,11,35,9/29/2020,40,83,.,rainy,1,0,1,.,.,.,.
6,76,49,1,9/29/2020,40,.,.,rainy,0,0,0,.,.,.,.
6,77,72,49,9/29/2020,40,30,.,rainy,1,0,1,.,.,.,278.71
6,78,1,42,9/29/2020,40,97,.,rainy,1,0,1,.,.,.,.
6,79,81,12,9/29/2020,40,33,39,rainy,1,1,2,36.27,20.73,590.44,548.13
6,80,11,33,9/29/2020,40,92,.,rainy,1,0,1,.,.,.,.
6,81,7,28,9/29/2020,40,86,.,rainy,1,0,1,.,.,.,.
6,82,71,40,9/29/2020,40,49,.,rainy,1,0,1,.,.,.,288
6,83,60,30,9/29/2020,40,42,.,rainy,1,0,1,.,.,.,.
6,84,6,27,9/29/2020,40,70,.,rainy,1,0,1,.,.,.,.
6,85,11,44,9/29/2020,40,89,.,rainy,1,0,1,.,.,.,390.19
6,86,30,37,9/29/2020,40,59,.,rainy,1,0,1,41.76,42.06,1379.49,1226.32
6,87,66,24,9/29/2020,40,55,.,rainy,1,0,1,.,.,.,.
6,88,40,2,9/29/2020,40,26,.,rainy,1,0,1,.,.,.,315.87
6,89,1,35,9/29/2020,40,45,.,rainy,1,0,1,24.69,23.16,449.18,538.84
6,90,26,57,9/29/2020,40,32,.,rainy,1,0,1,.,.,.,.
6,91,71,29,9/29/2020,40,49,.,rainy,1,0,1,.,.,.,148.64
6,92,66,4,9/29/2020,40,70,.,rainy,1,0,1,.,.,.,222.97
6,93,6,20,9/29/2020,40,.,.,rainy,0,0,0,.,.,.,.
6,94,43,33,9/29/2020,40,46,.,rainy,1,0,1,56.39,42.37,1876.32,1142.71
6,95,9,22,9/29/2020,40,55,.,rainy,1,0,1,39.32,15.85,489.46,622.45
6,96,34,48,9/29/2020,40,42,.,rainy,1,0,1,.,.,.,.
6,97,8,14,9/29/2020,40,86,.,rainy,1,0,1,.,.,.,.
6,98,82,2,9/29/2020,40,93,.,rainy,1,0,1,.,.,.,297.29
6,99,50,14,9/29/2020,40,6,.,rainy,1,0,1,.,.,.,.
6,100,69,30,9/29/2020,40,101,.,rainy,1,0,1,.,.,.,353.03
6,101,4,10,9/29/2020,40,55,.,rainy,1,0,1,.,.,.,.
6,102,6,2,9/29/2020,40,104,.,rainy,1,0,1,.,.,.,.
6,103,46,10,9/29/2020,40,35,.,rainy,1,0,1,.,.,.,.
6,104,7,30,9/29/2020,40,89,.,rainy,1,0,1,.,.,.,353.03
6,105,43,47,9/29/2020,40,40,.,rainy,1,0,1,.,.,.,288
6,106,4,14,9/29/2020,40,65,.,rainy,1,0,1,40.23,28.96,914.99,761.8
6,107,30,57,9/29/2020,40,44,.,rainy,1,0,1,.,.,.,.
6,108,40,1,9/29/2020,40,9,.,rainy,1,0,1,.,.,.,.
6,109,45,30,9/29/2020,40,47,.,rainy,1,0,1,.,.,.,.
6,110,9,10,9/29/2020,40,53,.,rainy,1,0,1,.,.,.,.
6,111,6,17,9/29/2020,40,72,.,rainy,1,0,1,.,.,.,.
6,112,8,24,9/29/2020,40,51,.,rainy,1,0,1,28.04,27.74,610.87,557.42
6,113,4,43,9/29/2020,40,66,.,rainy,1,0,1,.,.,.,.
6,114,1,47,9/29/2020,40,55,.,rainy,1,0,1,.,.,.,.
6,115,6,30,9/29/2020,40,105,.,rainy,1,0,1,.,.,.,.
1,1,80,30,12/10/2020,112,37,52,dry,1,1,2,43.28,37.8,1284.78,1012.64
1,2,69,3,12/10/2020,112,.,.,dry,0,0,0,.,.,.,.
1,3,80,47,12/10/2020,112,.,.,dry,0,0,0,.,.,.,.
1,4,49,42,12/10/2020,112,47,43,dry,1,1,2,38.1,32,957.68,752.51
1,6,80,2,12/10/2020,112,61,.,dry,1,0,1,34.75,33.22,906.67,548.13
1,7,69,26,12/10/2020,112,48,.,dry,1,0,1,46.63,23.16,848.45,798.97
1,8,65,30,12/10/2020,112,.,.,dry,0,0,0,.,.,.,.
1,9,49,39,12/10/2020,112,57,55,dry,1,1,2,48.77,23.77,910.61,994.06
1,10,80,14,12/10/2020,112,50,.,dry,1,0,1,.,.,.,427.35
1,11,69,28,12/10/2020,112,75,.,dry,1,0,1,87.17,80.77,5530.08,3790.44
1,12,69,39,12/10/2020,112,52,44,dry,1,1,2,55.78,36.27,1588.98,1226.32
1,13,50,30,12/10/2020,112,.,.,dry,0,0,0,.,.,.,.
1,14,30,34,12/10/2020,112,75,25,dry,1,1,2,34.44,20.42,552.42,483.1
1,15,80,49,12/10/2020,112,50,50,dry,1,1,2,35.97,23.47,662.97,548.13
1,16,66,2,12/10/2020,112,69,.,dry,1,0,1,.,.,.,.
1,17,69,35,12/10/2020,112,53,.,dry,1,0,1,52.12,25.6,1048.08,1282.06
1,18,69,23,12/10/2020,112,65,69,dry,1,1,2,39.62,26.82,834.73,836.13
1,19,69,10,12/10/2020,112,66,.,dry,1,0,1,.,.,.,.
1,20,71,8,12/10/2020,112,39,.,dry,1,0,1,.,.,.,343.74
1,21,49,17,12/10/2020,112,.,.,dry,0,0,0,.,.,.,.
1,22,39,7,12/10/2020,112,.,.,dry,0,0,0,.,.,.,.
1,23,65,40,12/10/2020,112,47,49,dry,1,1,2,25.6,21.95,441.3,427.35
1,24,45,31,12/10/2020,112,.,.,dry,0,0,0,.,.,.,.
1,25,45,18.1,12/10/2020,112,66,.,dry,1,0,1,29.57,22.56,523.75,520.26
1,26,67,27,12/10/2020,112,19,.,dry,1,0,1,.,.,.,.
1,27,45,4,12/10/2020,112,63,.,dry,1,0,1,.,.,.,.
1,28,49,36,12/10/2020,112,51,.,dry,1,0,1,.,.,.,.
1,29,49,30,12/10/2020,112,42,.,dry,1,0,1,.,.,.,.
1,30,65,11,12/10/2020,112,.,.,dry,0,0,0,.,.,.,.
1,31,45,19,12/10/2020,112,82,.,dry,1,0,1,.,.,.,.
1,32,49,18,12/10/2020,112,40,.,dry,1,0,1,44.2,34.75,1206.13,882.58
1,33,69,45,12/10/2020,112,115,.,dry,1,0,1,41.45,26.52,863.33,613.16
1,34,45,24,12/10/2020,112,.,.,dry,0,0,0,.,.,.,.
1,35,80,46,12/10/2020,112,41,39,dry,1,1,2,46.02,30.78,1112.8,780.39
1,36,45,39,12/10/2020,112,.,.,dry,0,0,0,.,.,.,.
1,37,67,42,12/10/2020,112,.,.,dry,0,0,0,.,.,.,.
1,38,45,5,12/10/2020,112,.,.,dry,0,0,0,.,.,.,.
1,39,80,28,12/10/2020,112,.,.,dry,0,0,0,.,.,.,.
1,40,67,30,12/10/2020,112,.,.,dry,0,0,0,.,.,.,.
1,41,69,5,12/10/2020,112,108,41,dry,1,1,2,72.21,86.87,4926.4,4245.67
1,42,45,28,12/10/2020,112,26,.,dry,1,0,1,.,.,.,.
1,43,45,41,12/10/2020,112,70,54,dry,1,1,2,65.84,38.4,1985.84,1876.64
1,44,72,26,12/10/2020,112,50,43,dry,1,1,2,35.05,26.82,738.41,808.26
1,45,69,8,12/10/2020,112,65,59,dry,1,1,2,90.83,54.25,3870.4,3632.51
1,46,45,2,12/10/2020,112,63,.,dry,1,0,1,.,.,.,343.74
1,47,67,14,12/10/2020,112,.,.,dry,0,0,0,.,.,.,.
1,48,49,19,12/10/2020,112,54,.,dry,1,0,1,46.33,45.42,1652.53,.
1,49,82,19,12/10/2020,112,106,.,dry,1,0,1,.,.,.,.
1,50,65,1,12/10/2020,112,34,50,dry,1,1,2,49.38,38.4,1489.38,1319.22
1,51,49,14,12/10/2020,112,.,.,dry,0,0,0,.,.,.,.
1,52,80,27,12/10/2020,112,44,.,dry,1,0,1,.,.,.,343.74
1,53,49,35,12/10/2020,112,43,.,dry,1,0,1,30.78,26.82,648.52,594.58
1,54,49,29.1,12/10/2020,112,47,.,dry,1,0,1,.,.,.,.
1,55,67,38,12/10/2020,112,.,.,dry,0,0,0,.,.,.,.
1,56,49,12,12/10/2020,112,53,.,dry,1,0,1,.,.,.,.
1,57,80,7,12/10/2020,112,48,44,dry,1,1,2,32.61,29.57,757.31,891.87
1,58,45,47,12/10/2020,112,.,.,dry,0,0,0,.,.,.,.
1,59,60,14,12/10/2020,112,.,.,dry,0,0,0,.,.,.,.
1,60,49,20,12/10/2020,112,43,.,dry,1,0,1,55.17,37.49,1624.44,1133.42
1,61,7,14,12/10/2020,112,120,31,dry,1,1,2,45.11,28.35,1004.3,1059.09
1,62,45,36,12/10/2020,112,.,.,dry,0,0,0,.,.,.,.
1,63,49,3,12/10/2020,112,54,.,dry,1,0,1,.,.,.,288
1,64,66,37,12/10/2020,112,73,70,dry,1,1,2,.,.,.,.
1,65,80,24,12/10/2020,112,54,51,dry,1,1,2,35.97,32.31,912.66,724.64
1,66,82,21,12/10/2020,112,59,20,dry,1,1,2,32.31,31.7,804.38,808.26
1,67,30,32,12/10/2020,112,64,.,dry,1,0,1,.,.,.,.
1,68,49,8,12/10/2020,112,35,.,dry,1,0,1,.,.,.,.
1,69,80,3,12/10/2020,112,48,.,dry,1,0,1,.,.,.,418.06
1,70,11,23,12/10/2020,112,.,.,dry,0,0,0,.,.,.,.
1,71,71,10,12/10/2020,112,32,28,dry,1,1,2,.,.,.,.
1,72,79,6,12/10/2020,112,12,.,dry,1,0,1,.,.,.,.
1,73,69,27,12/10/2020,112,24,.,dry,1,0,1,.,.,.,.
1,74,80,13,12/10/2020,112,48,.,dry,1,0,1,30.18,23.47,556.22,631.74
1,75,34,8,12/10/2020,112,.,.,dry,0,0,0,.,.,.,.
1,76,39,36,12/10/2020,112,.,.,dry,0,0,0,.,.,.,.
1,77,34,25,12/10/2020,112,39,.,dry,1,0,1,.,.,.,.
1,78,80,38,12/10/2020,112,54,.,dry,1,0,1,.,.,.,.
1,79,80,26,12/10/2020,112,50,.,dry,1,0,1,.,.,.,.
1,80,71,27,12/10/2020,112,70,.,dry,1,0,1,.,.,.,.
1,81,6,3,12/10/2020,112,.,.,dry,0,0,0,.,.,.,.
1,82,49,40,12/10/2020,112,43,.,dry,1,0,1,.,.,.,.
1,83,11,32,12/10/2020,112,79,35,dry,1,1,2,53.34,44.5,1864.28,1467.87
1,84,45,34,12/10/2020,112,34,.,dry,1,0,1,.,.,.,.
1,85,69,7,12/10/2020,112,59,49,dry,1,1,2,63.09,55.47,2748.92,1820.9
1,86,6,10,12/10/2020,112,96,.,dry,1,0,1,21.95,28.35,488.58,557.42
1,87,65,35,12/10/2020,112,35,.,dry,1,0,1,.,.,.,.
1,88,45,48,12/10/2020,112,60,.,dry,1,0,1,.,.,.,.
1,89,70,25,12/10/2020,112,35,.,dry,1,0,1,28.65,24.99,562.42,557.42
1,90,9,18,12/10/2020,112,.,.,dry,0,0,0,.,.,.,.
1,91,36,40,12/10/2020,112,59,.,dry,1,0,1,.,.,.,473.81
1,92,60,2,12/10/2020,112,.,.,dry,0,0,0,.,.,.,.
1,93,66,9,12/10/2020,112,.,.,dry,0,0,0,.,.,.,.
1,94,36,38,12/10/2020,112,31,.,dry,1,0,1,.,.,.,.
1,95,71,21,12/10/2020,112,75,.,dry,1,0,1,.,.,.,408.77
1,96,45,23,12/10/2020,112,.,.,dry,0,0,0,.,.,.,.
1,97,60,42,12/10/2020,112,54,40,dry,1,1,2,.,.,.,.
1,98,67,4,12/10/2020,112,.,.,dry,0,0,0,.,.,.,.
1,99,36,1,12/10/2020,112,61,.,dry,1,0,1,.,.,.,408.77
1,100,69,17,12/10/2020,112,60,.,dry,1,0,1,.,.,.,.
1,101,80,41,12/10/2020,112,46,.,dry,1,0,1,.,.,.,.
1,102,43,12,12/10/2020,112,56,.,dry,1,0,1,.,.,.,.
1,103,60,43,12/10/2020,112,45,38,dry,1,1,2,51.82,33.53,1364.46,1040.51
1,104,6,5,12/10/2020,112,.,.,dry,0,0,0,.,.,.,.
1,105,80,32,12/10/2020,112,44,.,dry,1,0,1,.,.,.,.
1,106,69,4,12/10/2020,112,52,38,dry,1,1,2,54.25,46.94,2000.14,1040.51
1,107,65,50,12/10/2020,112,28,.,dry,1,0,1,56.39,37.49,1660.34,1523.61
1,108,80,50,12/10/2020,112,60,38,dry,1,1,2,.,.,.,399.48
1,109,11,46,12/10/2020,112,60,.,dry,1,0,1,60.35,54.56,2586.06,1653.67
1,110,6,29,12/10/2020,112,.,.,dry,0,0,0,.,.,.,.
1,111,26,61,12/10/2020,112,40,32,dry,1,1,2,60.96,25.6,1225.83,1449.29
1,112,66,25,12/10/2020,112,.,.,dry,0,0,0,.,.,.,.
1,113,1,22,12/10/2020,112,68,.,dry,1,0,1,56.08,39.93,1758.77,1235.61
1,114,60,37,12/10/2020,112,86,75,dry,1,1,2,26.52,26.21,545.93,668.9
1,115,4,26,12/10/2020,112,74,.,dry,1,0,1,42.37,31.39,1044.65,1114.84
1,116,50,3,12/10/2020,112,.,.,dry,0,0,0,.,.,.,.
1,117,7,2,12/10/2020,112,82,.,dry,1,0,1,.,.,.,.
1,118,6,7,12/10/2020,112,.,.,dry,0,0,0,.,.,.,.
1,119,11,1,12/10/2020,112,.,.,dry,0,0,0,.,.,.,.
1,120,69,14,12/10/2020,112,24,.,dry,1,0,1,.,.,.,.
1,121,82,5,12/10/2020,112,79,.,dry,1,0,1,.,.,.,.
1,122,11,42,12/10/2020,112,93,.,dry,1,0,1,.,.,.,.
1,123,7,39,12/10/2020,112,82,.,dry,1,0,1,.,.,.,.
1,124,69,22,12/10/2020,112,79,.,dry,1,0,1,46.94,53.34,1966.43,1625.8
1,125,1,20,12/10/2020,112,.,.,dry,0,0,0,.,.,.,.
1,126,45,6,12/10/2020,112,66,.,dry,1,0,1,.,.,.,.
1,127,6,8,12/10/2020,112,.,.,dry,0,0,0,.,.,.,.
1,128,82,22,12/10/2020,112,87,.,dry,1,0,1,.,.,.,.
1,129,49,11,12/10/2020,112,44,.,dry,1,0,1,30.48,21.03,503.46,622.45
1,130,7,43,12/10/2020,112,100,.,dry,1,0,1,.,.,.,.
1,131,80,25,12/10/2020,112,50,.,dry,1,0,1,.,.,.,.
1,132,50,11,12/10/2020,112,.,.,dry,0,0,0,.,.,.,.
1,133,66,19,12/10/2020,112,62,59,dry,1,1,2,30.18,19.2,455.09,501.68
1,134,72,47,12/10/2020,112,42,.,dry,1,0,1,39.32,41.45,1280.11,994.06
1,135,71,11.1,12/10/2020,112,43,.,dry,1,0,1,.,.,.,399.48
1,136,67,31,12/10/2020,112,.,.,dry,0,0,0,.,.,.,.
1,137,11,6,12/10/2020,112,86,.,dry,1,0,1,55.47,28.04,1221.74,1309.93
1,138,80,23,12/10/2020,112,39,.,dry,1,0,1,25.91,25.6,520.98,473.81
1,139,45,32,12/10/2020,112,65,.,dry,1,0,1,39.01,33.53,1027.36,817.55
1,140,65,19,12/10/2020,112,34,.,dry,1,0,1,.,.,.,.
1,141,69,32,12/10/2020,112,76,.,dry,1,0,1,.,.,.,371.61
1,142,80,45,12/10/2020,112,46,.,dry,1,0,1,37.19,20.12,587.52,492.39
1,143,45,3,12/10/2020,112,60,.,dry,1,0,1,.,.,.,399.48
1,144,69,6,12/10/2020,112,89,.,dry,1,0,1,55.78,35.05,1535.57,1170.58
1,145,69,18,12/10/2020,112,88,.,dry,1,0,1,67.67,64.92,3450.26,2322.58
1,146,45,1.1,12/10/2020,112,71,.,dry,1,0,1,.,.,.,325.16
1,147,65,28,12/10/2020,112,30,.,dry,1,0,1,27.74,32.92,717.11,622.45
1,148,49,25,12/10/2020,112,64,61,dry,1,1,2,.,.,.,.
1,149,66,18,12/10/2020,112,.,.,dry,0,0,0,.,.,.,.
1,150,69,42,12/10/2020,112,51,.,dry,1,0,1,50.29,57.3,2263.4,1941.67
1,151,49,50,12/10/2020,112,27,32,dry,1,1,2,38.71,32,973,919.74
1,152,82,29,12/10/2020,112,.,.,dry,0,0,0,.,.,.,.
1,153,82,28,12/10/2020,112,92,79,dry,1,1,2,34.75,39.32,1073.04,947.61
1,154,69,49,12/10/2020,112,102,.,dry,1,0,1,89.31,61.87,4339.94,3121.54
1,155,49,26,12/10/2020,112,52,.,dry,1,0,1,.,.,.,.
1,156,69,46,12/10/2020,112,.,.,dry,0,0,0,.,.,.,.
1,157,45,44,12/10/2020,112,6,.,dry,1,0,1,.,.,.,.
1,158,49,27,12/10/2020,112,41,.,dry,1,0,1,.,.,.,297.29
1,159,66,17,12/10/2020,112,50,.,dry,1,0,1,.,.,.,.
1,160,66,29,12/10/2020,112,79,.,dry,1,0,1,.,.,.,.
1,161,69,2,12/10/2020,112,46,.,dry,1,0,1,.,.,.,.
1,162,69,29,12/10/2020,112,88,.,dry,1,0,1,34.75,28.35,773.58,641.03
1,163,45,38,12/10/2020,112,77,.,dry,1,0,1,.,.,.,.
1,164,49,15,12/10/2020,112,44,.,dry,1,0,1,35.36,57,1582.78,1207.74
1,165,69,25,12/10/2020,112,.,.,dry,0,0,0,.,.,.,.
1,166,69,38,12/10/2020,112,.,.,dry,0,0,0,.,.,.,.
1,167,80,5.1,12/10/2020,112,59,61,dry,1,1,2,32,20.73,520.98,483.1
1,168,49,43,12/10/2020,112,.,.,dry,0,0,0,.,.,.,.
1,169,80,34,12/10/2020,112,37,.,dry,1,0,1,.,.,.,408.77
1,170,69,33,12/10/2020,112,106,.,dry,1,0,1,84.43,62.18,4123.16,3149.41
1,171,80,10.1,12/10/2020,112,.,.,dry,0,0,0,.,.,.,.
1,172,45,50,12/10/2020,112,70,72,dry,1,1,2,.,.,.,.
1,173,69,9,12/10/2020,112,.,.,dry,0,0,0,.,.,.,.
1,174,69,20,12/10/2020,112,54,22,dry,1,1,2,75.9,36.88,2198.39,2127.48
1,175,26,6,12/10/2020,112,34,34,dry,1,1,2,47.85,24.38,916.45,854.71
1,176,45,16,12/10/2020,112,16,.,dry,1,0,1,.,.,.,.
1,177,80,21,12/10/2020,112,36,.,dry,1,0,1,34.75,21.03,573.95,603.87
1,178,71,24,12/10/2020,112,44,.,dry,1,0,1,.,.,.,.
1,179,66,39,12/10/2020,112,71,31,dry,1,1,2,.,.,.,.
1,180,9,14,12/10/2020,112,32,.,dry,1,0,1,62.18,50.6,2470.92,1700.13
1,181,11,39,12/10/2020,112,43.7,.,dry,1,0,1,76.81,56.08,3383.28,2564.12
1,182,66,43,12/10/2020,112,87,.,dry,1,0,1,.,.,.,.
1,183,4,24,12/10/2020,112,86,36,dry,1,1,2,.,.,.,.
1,184,67,19,12/10/2020,112,.,.,dry,0,0,0,.,.,.,.
1,185,11,49,12/10/2020,112,60,45,dry,1,1,2,26.52,43.89,914.12,1210.53
1,186,1,14,12/10/2020,112,.,.,dry,0,0,0,.,.,.,.
1,187,49,33,12/10/2020,112,49,.,dry,1,0,1,.,.,.,.
1,188,34,16,12/10/2020,112,.,.,dry,0,0,0,.,.,.,.
1,189,11,13,12/10/2020,112,87,49,dry,1,1,2,51.51,55.17,2231.95,1597.93
1,190,45,35,12/10/2020,112,.,.,dry,0,0,0,.,.,.,.
1,191,11,8,12/10/2020,112,69,.,dry,1,0,1,.,.,.,.
1,192,66,33,12/10/2020,112,78,77,dry,1,1,2,41.15,31.7,1024.44,761.8
1,193,72,24,12/10/2020,112,.,.,dry,0,0,0,.,.,.,.
1,194,80,48,12/10/2020,112,41,.,dry,1,0,1,.,.,.,.
1,195,1,48,12/10/2020,112,.,.,dry,0,0,0,.,.,.,.
1,196,60,13,12/10/2020,112,70,75,dry,1,1,2,50.29,35.36,1396.57,938.32
1,197,34,1,12/10/2020,112,37,.,dry,1,0,1,30.48,29.26,700.47,594.58
1,198,49,45,12/10/2020,112,38,.,dry,1,0,1,.,.,.,.
1,199,30,12,12/10/2020,112,62,.,dry,1,0,1,24.99,28.65,562.42,566.71
1,200,81,7,12/10/2020,112,22,52,dry,1,1,2,45.42,41.15,1467.71,901.16
1,201,50,5,12/10/2020,112,.,.,dry,0,0,0,.,.,.,.
1,202,71,19,12/10/2020,112,85,.,dry,1,0,1,.,.,.,.
1,203,9,7,12/10/2020,112,41,42,dry,1,1,2,.,.,.,362.32
1,204,70,30,12/10/2020,112,57,55,dry,1,1,2,52.43,62.79,2585.33,2266.83
1,205,65,38,12/10/2020,112,29,.,dry,1,0,1,.,.,.,418.06
1,206,45,49,12/10/2020,112,28,70,dry,1,1,2,38.1,21.64,647.57,650.32
1,207,43,37,12/10/2020,112,72,73,dry,1,1,2,48.77,28.35,1085.73,798.97
1,208,26,17,12/10/2020,112,44,.,dry,1,0,1,36.58,23.77,682.96,771.1
1,209,50,28,12/10/2020,112,.,.,dry,0,0,0,.,.,.,.
1,210,45,33,12/10/2020,112,.,.,dry,0,0,0,.,.,.,.
1,211,36,19,12/10/2020,112,48,40,dry,1,1,2,27.13,24.08,513.02,510.97
1,212,70,2,12/10/2020,112,.,.,dry,0,0,0,.,.,.,.
1,213,69,15,12/10/2020,112,85,.,dry,1,0,1,45.42,23.16,826.27,919.74
1,214,70,14,12/10/2020,112,33,.,dry,1,0,1,.,.,.,380.9
1,215,65,13,12/10/2020,112,29,.,dry,1,0,1,33.53,23.47,618.02,603.87
1,216,9,17,12/10/2020,112,47,47,dry,1,1,2,77.42,25.91,1575.33,1635.09
1,217,30,6,12/10/2020,112,62,.,dry,1,0,1,.,.,.,.
1,218,67,28,12/10/2020,112,26,.,dry,1,0,1,.,.,.,.
1,219,7,8,12/10/2020,112,82,.,dry,1,0,1,.,.,.,.
1,220,11,48,12/10/2020,112,66,.,dry,1,0,1,27.43,26.52,571.32,566.71
1,221,11,22,12/10/2020,112,76,.,dry,1,0,1,49.07,32.92,1268.73,1226.32
1,222,70,22,12/10/2020,112,.,.,dry,0,0,0,.,.,.,.
1,223,49,24,12/10/2020,112,55,.,dry,1,0,1,43.28,30.18,1025.75,1049.8
1,224,71,4,12/10/2020,112,38,30,dry,1,1,2,.,.,.,371.61
1,225,1,29,12/10/2020,112,72,.,dry,1,0,1,.,.,.,.
1,226,1,33,12/10/2020,112,80,79,dry,1,1,2,77.42,42.98,2613.2,2127.48
1,227,60,28,12/10/2020,112,64,61,dry,1,1,2,56.08,31.39,1382.85,1440
1,228,49,37,12/10/2020,112,40,.,dry,1,0,1,43.89,26.82,924.62,733.93
1,229,66,20,12/10/2020,112,79,.,dry,1,0,1,.,.,.,.
1,230,49,32,12/10/2020,112,37,40,dry,1,1,2,.,.,.,399.48
1,231,39,49,12/10/2020,112,.,.,dry,0,0,0,.,.,.,.
1,232,60,34,12/10/2020,112,74,69,dry,1,1,2,39.32,29.87,922.43,1114.84
1,233,4,36,12/10/2020,112,86,76,dry,1,1,2,57.91,32.31,1469.53,1337.8
1,234,79,8,12/10/2020,112,25,36,dry,1,1,2,57.3,44.2,1989.05,1709.42
1,235,39,21,12/10/2020,112,.,.,dry,0,0,0,.,.,.,.
1,236,81,11,12/10/2020,112,36,27,dry,1,1,2,48.16,54.86,2075.15,1746.58
1,237,80,29,12/10/2020,112,25,51,dry,1,1,2,40.54,24.99,795.77,761.8
1,238,34,15,12/10/2020,112,34,.,dry,1,0,1,.,.,.,.
1,239,49,28,12/10/2020,112,30,.,dry,1,0,1,28.35,45.42,1011.09,1179.87
1,240,34,26,12/10/2020,112,33,.,dry,1,0,1,44.2,30.78,1068.59,1012.64
1,241,4,6,12/10/2020,112,89,.,dry,1,0,1,.,.,.,.
1,242,46,7,12/10/2020,112,20,26,dry,1,1,2,67.06,29.26,1541.04,1328.51
1,243,39,40,12/10/2020,112,.,.,dry,0,0,0,.,.,.,.
1,244,43,4,12/10/2020,112,49,.,dry,1,0,1,.,.,.,.
1,245,4,29,12/10/2020,112,69,71,dry,1,1,2,49.99,52.73,2070.19,1309.93
1,246,79,10,12/10/2020,112,27,.,dry,1,0,1,.,.,.,418.06
1,247,49,46,12/10/2020,112,.,.,dry,0,0,0,.,.,.,.
1,248,49,38,12/10/2020,112,.,.,dry,0,0,0,.,.,.,.
1,249,49,22,12/10/2020,112,38,.,dry,1,0,1,.,.,.,.
1,250,81,21,12/10/2020,112,.,.,dry,0,0,0,.,.,.,.
1,251,80,22,12/10/2020,112,.,.,dry,0,0,0,.,.,.,.
1,252,45,8,12/10/2020,112,56,62,dry,1,1,2,36.58,29.57,849.32,975.48
1,253,67,39,12/10/2020,112,.,.,dry,0,0,0,.,.,.,.
1,254,80,4,12/10/2020,112,.,.,dry,0,0,0,.,.,.,.
1,255,49,21,12/10/2020,112,50,.,dry,1,0,1,.,.,.,297.29
1,256,80,33,12/10/2020,112,44,43,dry,1,1,2,28.35,23.47,522.51,501.68
1,257,67,35,12/10/2020,112,23,.,dry,1,0,1,.,.,.,.
1,258,80,39,12/10/2020,112,46,.,dry,1,0,1,30.78,20.42,493.76,613.16
1,259,80,36,12/10/2020,112,51,.,dry,1,0,1,.,.,.,.
1,260,45,9,12/10/2020,112,81,71,dry,1,1,2,52.43,24.69,1016.56,938.32
1,261,36,46,12/10/2020,112,38,.,dry,1,0,1,.,.,.,.
1,262,45,27,12/10/2020,112,63,.,dry,1,0,1,.,.,.,.
1,263,49,16,12/10/2020,112,41,.,dry,1,0,1,43.28,25.3,859.98,836.13
1,264,80,44,12/10/2020,112,46,.,dry,1,0,1,26.52,17.68,368.19,538.84
1,265,80,40,12/10/2020,112,.,.,dry,0,0,0,.,.,.,.
1,266,66,27,12/10/2020,112,71,.,dry,1,0,1,.,.,.,.
1,267,49,41,12/10/2020,112,46,.,dry,1,0,1,.,.,.,418.06
1,268,66,12,12/10/2020,112,74,.,dry,1,0,1,56.69,25.6,1140.02,956.9
1,269,69,41,12/10/2020,112,67,.,dry,1,0,1,39.32,19.51,602.41,585.29
1,270,45,45,12/10/2020,112,17,.,dry,1,0,1,49.99,31.39,1232.54,984.77
1,271,69,40,12/10/2020,112,26,72,dry,1,1,2,34.44,26.21,709.08,641.03
1,272,80,6,12/10/2020,112,40,.,dry,1,0,1,39.01,48.46,1485,1505.03
1,273,34,3,12/10/2020,112,66,.,dry,1,0,1,.,.,.,315.87
1,274,60,19,12/10/2020,112,81,75,dry,1,1,2,55.78,29.26,1281.86,1412.13
1,275,80,43,12/10/2020,112,42,.,dry,1,0,1,.,.,.,297.29
1,276,39,28,12/10/2020,112,13,.,dry,1,0,1,.,.,.,.
1,277,72,22,12/10/2020,112,58,.,dry,1,0,1,.,.,.,.
1,278,60,21,12/10/2020,112,61,50,dry,1,1,2,47.85,39.93,1500.69,1356.38
1,279,67,13,12/10/2020,112,.,.,dry,0,0,0,.,.,.,.
1,280,40,3,12/10/2020,112,18,.,dry,1,0,1,34.44,31.7,857.49,641.03
1,281,49,34,12/10/2020,112,38,.,dry,1,0,1,.,.,.,399.48
1,282,39,3,12/10/2020,112,39,.,dry,1,0,1,.,.,.,380.9
1,283,1,10,12/10/2020,112,75,.,dry,1,0,1,47.85,46.33,1741.26,1477.16
1,284,26,26,12/10/2020,112,38,75,dry,1,1,2,46.33,29.87,1086.9,1170.58
1,285,26,20,12/10/2020,112,50,.,dry,1,0,1,.,.,.,.
1,286,43,40,12/10/2020,112,54,.,dry,1,0,1,.,.,.,.
1,287,36,3,12/10/2020,112,62,61,dry,1,1,2,39.01,35.66,1092.74,929.03
1,288,65,10,12/10/2020,112,26,.,dry,1,0,1,.,.,.,278.71
1,289,81,4,12/10/2020,112,43,44,dry,1,1,2,45.42,47.24,1685.15,836.13
1,290,7,11,12/10/2020,112,92,.,dry,1,0,1,.,.,.,.
2,1,36,15,12/10/2020,112,45,.,dry,1,0,1,69.49,60.05,3277.34,3167.99
2,2,36,16,12/10/2020,112,20,.,dry,1,0,1,.,.,.,.
2,3,43,1,12/10/2020,112,59,.,dry,1,0,1,65.23,57.61,2951.18,2452.64
2,4,43,43,12/10/2020,112,59,.,dry,1,0,1,65.53,44.2,2274.71,1913.8
2,5,40,10,12/10/2020,112,28,.,dry,1,0,1,.,.,.,.
2,6,69,19,12/10/2020,112,109,.,dry,1,0,1,66.45,24.38,1272.52,1161.29
2,7,45,22,12/10/2020,112,44,.,dry,1,0,1,31.09,18.59,453.99,473.81
2,8,36,4,12/10/2020,112,52,.,dry,1,0,1,36.58,28.04,805.54,743.22
2,9,43,5,12/10/2020,112,.,.,dry,0,0,0,.,.,.,.
2,10,43,36,12/10/2020,112,70,.,dry,1,0,1,32.31,34.75,881.72,733.93
2,11,36,11,12/10/2020,112,40,.,dry,1,0,1,42.06,32.61,1077.41,845.42
2,12,43,41,12/10/2020,112,54,.,dry,1,0,1,36.88,24.38,706.31,752.51
2,13,43,3,12/10/2020,112,75,.,dry,1,0,1,73.76,73.46,4255.52,2508.38
2,14,43,2,12/10/2020,112,69,.,dry,1,0,1,.,.,.,269.42
2,15,82,12,12/10/2020,112,100,.,dry,1,0,1,45.72,42.98,1543.23,1337.8
2,16,49,48,12/10/2020,112,26,.,dry,1,0,1,.,.,.,.
2,17,67,20,12/10/2020,112,.,.,dry,0,0,0,.,.,.,.
2,18,34,9,12/10/2020,112,.,.,dry,0,0,0,.,.,.,.
2,19,66,15,12/10/2020,112,77,.,dry,1,0,1,.,.,.,408.77
2,20,11,12,12/10/2020,112,45,.,dry,1,0,1,67.67,74.07,3936.22,2675.61
2,21,36,6,12/10/2020,112,53,.,dry,1,0,1,36.27,22.25,633.85,585.29
2,22,30,35,12/10/2020,112,67,.,dry,1,0,1,.,.,.,371.61
2,23,45,42,12/10/2020,112,.,.,dry,0,0,0,.,.,.,.
2,24,8,42,12/10/2020,112,49,.,dry,1,0,1,.,.,.,362.32
2,25,8,23,12/10/2020,112,41,.,dry,1,0,1,.,.,.,380.9
2,26,66,23,12/10/2020,112,85,71,dry,1,1,2,.,.,.,.
2,27,11,50,12/10/2020,112,81,.,dry,1,0,1,47.55,34.75,1297.63,1068.38
2,28,66,41,12/10/2020,112,33,.,dry,1,0,1,.,.,.,380.9
2,29,34,21,12/10/2020,112,45,.,dry,1,0,1,.,.,.,167.23
2,30,82,11,12/10/2020,112,97,.,dry,1,0,1,52.43,59.13,2434.73,1950.96
2,31,30,26,12/10/2020,112,54,.,dry,1,0,1,.,.,.,.
2,32,69,34,12/10/2020,112,60,.,dry,1,0,1,64.92,38.4,1958.26,1672.25
2,33,66,14,12/10/2020,112,68,.,dry,1,0,1,.,.,.,315.87
2,34,82,20,12/10/2020,112,125,.,dry,1,0,1,52.73,62.48,2587.73,1616.51
2,35,11,28,12/10/2020,112,73,.,dry,1,0,1,41.45,29.26,952.64,557.42
2,36,8,22,12/10/2020,112,81,56,dry,1,1,2,64.31,35.36,1785.91,1421.42
2,37,26,16,12/10/2020,112,41,.,dry,1,0,1,59.44,31.39,1465.52,1040.51
2,38,67,8,12/10/2020,112,10,.,dry,1,0,1,.,.,.,.
2,39,72,43,12/10/2020,112,54,.,dry,1,0,1,.,.,.,269.42
2,40,79,5,12/10/2020,112,17,.,dry,1,0,1,41.76,18.29,599.78,548.13
2,41,11,40,12/10/2020,112,42,.,dry,1,0,1,63.7,45.11,2256.98,2146.06
2,42,39,18,12/10/2020,112,33,.,dry,1,0,1,26.52,28.65,596.71,520.26
2,43,30,17,12/10/2020,112,59,.,dry,1,0,1,.,.,.,278.71
2,44,71,36,12/10/2020,112,81,.,dry,1,0,1,.,.,.,250.84
2,45,81,8,12/10/2020,112,39,.,dry,1,0,1,41.76,27.13,889.67,836.13
2,46,9,6,12/10/2020,112,82,.,dry,1,0,1,.,.,.,.
2,47,4,12,12/10/2020,112,78,.,dry,1,0,1,.,.,.,.
2,48,1,12,12/10/2020,112,.,.,dry,0,0,0,.,.,.,.
2,49,6,23,12/10/2020,112,100,.,dry,1,0,1,.,.,.,.
2,50,69,37,12/10/2020,112,47,.,dry,1,0,1,.,.,.,.
2,51,7,45,12/10/2020,112,106,.,dry,1,0,1,.,.,.,.
2,52,80,17,12/10/2020,112,51,.,dry,1,0,1,.,.,.,.
2,53,71,30,12/10/2020,112,50,.,dry,1,0,1,.,.,.,.
2,54,50,9,12/10/2020,112,.,.,dry,0,0,0,.,.,.,.
2,55,6,21,12/10/2020,112,73,.,dry,1,0,1,.,.,.,.
2,56,81,9,12/10/2020,112,.,.,dry,0,0,0,.,.,.,.
2,57,34,4,12/10/2020,112,.,.,dry,0,0,0,.,.,.,.
2,58,1,9,12/10/2020,112,40,.,dry,1,0,1,.,.,.,.
2,59,6,24,12/10/2020,112,79,.,dry,1,0,1,.,.,.,.
2,60,45,21,12/10/2020,112,.,.,dry,0,0,0,.,.,.,.
2,61,69,36,12/10/2020,112,64,.,dry,1,0,1,.,.,.,.
2,62,65,24,12/10/2020,112,43,.,dry,1,0,1,.,.,.,.
2,63,50,19,12/10/2020,112,.,.,dry,0,0,0,.,.,.,.
2,64,11,7,12/10/2020,112,.,.,dry,0,0,0,.,.,.,.
2,65,45,14,12/10/2020,112,49,.,dry,1,0,1,.,.,.,.
2,66,9,28,12/10/2020,112,12,.,dry,1,0,1,.,.,.,.
2,67,82,1,12/10/2020,112,21,.,dry,1,0,1,.,.,.,.
2,68,80,1,12/10/2020,112,39,.,dry,1,0,1,.,.,.,.
2,69,34,40,12/10/2020,112,52,.,dry,1,0,1,.,.,.,.
2,70,69,48,12/10/2020,112,71,.,dry,1,0,1,.,.,.,.
2,71,30,9,12/10/2020,112,69,.,dry,1,0,1,.,.,.,.
2,72,72,27,12/10/2020,112,.,.,dry,0,0,0,.,.,.,.
2,73,11,18,12/10/2020,112,55,.,dry,1,0,1,.,.,.,.
2,74,26,15,12/10/2020,112,44,.,dry,1,0,1,.,.,.,.
2,75,26,3,12/10/2020,112,38,.,dry,1,0,1,.,.,.,.
2,76,8,41,12/10/2020,112,74,.,dry,1,0,1,.,.,.,.
2,77,7,33,12/10/2020,112,98,.,dry,1,0,1,.,.,.,.
2,78,30,18,12/10/2020,112,73,.,dry,1,0,1,.,.,.,.
2,79,8,6,12/10/2020,112,63,.,dry,1,0,1,28.35,27.43,610.72,483.1
2,80,8,19,12/10/2020,112,.,.,dry,0,0,0,.,.,.,.
2,81,9,24,12/10/2020,112,.,.,dry,0,0,0,.,.,.,.
2,82,39,4,12/10/2020,112,22,.,dry,1,0,1,.,.,.,297.29
2,83,6,28,12/10/2020,112,103,.,dry,1,0,1,.,.,.,.
2,84,67,10,12/10/2020,112,.,.,dry,0,0,0,.,.,.,.
2,85,80,11,12/10/2020,112,44,.,dry,1,0,1,.,.,.,.
2,86,26,49,12/10/2020,112,39,.,dry,1,0,1,46.02,31.39,1134.84,854.71
2,87,72,2,12/10/2020,112,59,.,dry,1,0,1,.,.,.,260.13
2,88,9,2,12/10/2020,112,.,.,dry,0,0,0,.,.,.,.
2,89,72,7,12/10/2020,112,47,.,dry,1,0,1,.,.,.,269.42
2,90,71,1,12/10/2020,112,.,.,dry,0,0,0,.,.,.,.
2,91,70,3,12/10/2020,112,53,36,dry,1,1,2,39.62,41.15,1280.55,1059.09
2,92,7,22,12/10/2020,112,.,.,dry,0,0,0,.,.,.,.
2,93,72,21,12/10/2020,112,66,.,dry,1,0,1,31.7,19.51,485.66,492.39
2,94,34,39,12/10/2020,112,44,.,dry,1,0,1,.,.,.,.
2,95,7,32,12/10/2020,112,.,.,dry,0,0,0,.,.,.,.
2,96,70,27,12/10/2020,112,54,.,dry,1,0,1,.,.,.,390.19
2,97,81,17,12/10/2020,112,39,22,dry,1,1,2,49.68,38.71,1510.47,1217.03
2,98,49,10,12/10/2020,112,44,.,dry,1,0,1,.,.,.,427.35
2,99,67,16,12/10/2020,112,14,.,dry,1,0,1,.,.,.,.
2,100,39,17,12/10/2020,112,.,.,dry,0,0,0,.,.,.,.
2,101,39,1,12/10/2020,112,.,.,dry,0,0,0,.,.,.,.
2,102,1,13,12/10/2020,112,.,.,dry,0,0,0,.,.,.,.
2,103,50,4,12/10/2020,112,.,.,dry,0,0,0,.,.,.,.
2,104,70,24,12/10/2020,112,30,.,dry,1,0,1,.,.,.,.
2,105,69,12,12/10/2020,112,43,.,dry,1,0,1,51.51,33.22,1344.1,1142.71
2,106,11,37,12/10/2020,112,64,.,dry,1,0,1,.,.,.,204.39
2,107,1,1,12/10/2020,112,.,.,dry,0,0,0,.,.,.,.
2,108,1,17,12/10/2020,112,23,.,dry,1,0,1,.,.,.,.
2,109,4,13.1,12/10/2020,112,77,.,dry,1,0,1,32.61,20.73,530.9,483.1
2,110,71,9,12/10/2020,112,.,.,dry,0,0,0,.,.,.,.
2,111,8,34,12/10/2020,112,60,.,dry,1,0,1,.,.,.,.
2,112,60,23,12/10/2020,112,.,.,dry,0,0,0,.,.,.,.
2,113,26,7,12/10/2020,112,55,.,dry,1,0,1,59.44,59.44,2774.53,1607.22
2,114,39,44,12/10/2020,112,27,.,dry,1,0,1,36.27,18.59,529.66,483.1
2,115,65,18,12/10/2020,112,21,.,dry,1,0,1,.,.,.,.
2,116,66,21,12/10/2020,112,62,.,dry,1,0,1,41.15,17.07,551.62,650.32
2,117,26,2,12/10/2020,112,34,.,dry,1,0,1,32,24.69,620.57,510.97
2,118,71,23,12/10/2020,112,9,.,dry,1,0,1,.,.,.,.
2,119,71,20,12/10/2020,112,.,.,dry,0,0,0,.,.,.,.
2,120,39,27,12/10/2020,112,20,.,dry,1,0,1,.,.,.,288
2,121,67,46,12/10/2020,112,.,.,dry,0,0,0,.,.,.,.
2,122,30,25,12/10/2020,112,.,.,dry,0,0,0,.,.,.,.
2,123,65,6,12/10/2020,112,36,.,dry,1,0,1,44.5,33.83,1182.49,864
2,124,30,42,12/10/2020,112,75,.,dry,1,0,1,.,.,.,390.19
2,125,36,37,12/10/2020,112,36,.,dry,1,0,1,.,.,.,.
2,126,60,47,12/10/2020,112,.,.,dry,0,0,0,.,.,.,.
2,127,7,21,12/10/2020,112,86,57,dry,1,1,2,.,.,.,.
2,128,30,27,12/10/2020,112,69,56,dry,1,1,2,24.69,27.43,531.92,464.52
2,129,43,29,12/10/2020,112,80,.,dry,1,0,1,.,.,.,.
2,130,4,18,12/10/2020,112,100,.,dry,1,0,1,.,.,.,.
2,131,4,8,12/10/2020,112,69,.,dry,1,0,1,48.16,31.39,1187.45,891.87
2,132,60,48,12/10/2020,112,67,.,dry,1,0,1,.,.,.,278.71
2,133,11,15,12/10/2020,112,59,.,dry,1,0,1,46.02,16.76,605.98,557.42
2,134,30,21,12/10/2020,112,74,.,dry,1,0,1,21.95,28.04,483.33,464.52
2,135,26,53,12/10/2020,112,.,.,dry,0,0,0,.,.,.,.
2,136,72,12,12/10/2020,112,30,.,dry,1,0,1,43.28,28.35,963.59,771.1
2,137,65,22,12/10/2020,112,26,.,dry,1,0,1,50.29,26.21,1035.39,696.77
2,138,7,1,12/10/2020,112,.,.,dry,0,0,0,.,.,.,.
2,139,49,5,12/10/2020,112,46,.,dry,1,0,1,.,.,.,.
2,140,6,26,12/10/2020,112,80,.,dry,1,0,1,.,.,.,.
2,141,1,16.1,12/10/2020,112,13,.,dry,1,0,1,.,.,.,.
2,142,60,6,12/10/2020,112,.,.,dry,0,0,0,.,.,.,.
2,143,43,46,12/10/2020,112,46,.,dry,1,0,1,.,.,.,.
2,144,67,2,12/10/2020,112,27,.,dry,1,0,1,.,.,.,.
2,145,7,29,12/10/2020,112,87,.,dry,1,0,1,.,.,.,.
2,146,72,17,12/10/2020,112,.,.,dry,0,0,0,.,.,.,.
2,147,67,45,12/10/2020,112,.,.,dry,0,0,0,.,.,.,.
2,148,39,6,12/10/2020,112,.,.,dry,0,0,0,.,.,.,.
2,149,39,19,12/10/2020,112,26,.,dry,1,0,1,.,.,.,.
2,150,34,23,12/10/2020,112,38,.,dry,1,0,1,.,.,.,.
2,151,1,15,12/10/2020,112,.,.,dry,0,0,0,.,.,.,.
2,152,43,49,12/10/2020,112,71,.,dry,1,0,1,48.77,40.54,1552.71,1189.16
2,153,6,22,12/10/2020,112,51,.,dry,1,0,1,.,.,.,.
2,154,81,5,12/10/2020,112,58,43,dry,1,1,2,49.38,44.2,1713.97,1291.35
2,155,8,47,12/10/2020,112,54,.,dry,1,0,1,35.36,30.18,837.94,566.71
2,156,26,5,12/10/2020,112,49,.,dry,1,0,1,.,.,.,380.9
2,157,60,5,12/10/2020,112,54,.,dry,1,0,1,.,.,.,.
2,158,7,24,12/10/2020,112,78,.,dry,1,0,1,37.49,21.34,628.24,659.61
2,159,4,1,12/10/2020,112,.,.,dry,0,0,0,.,.,.,.
2,160,65,4,12/10/2020,112,31,.,dry,1,0,1,.,.,.,.
2,161,66,22,12/10/2020,112,102,.,dry,1,0,1,29.87,41.76,979.64,891.87
2,162,70,16,12/10/2020,112,61,.,dry,1,0,1,59.13,44.81,2080.84,1393.55
2,163,30,19,12/10/2020,112,87,.,dry,1,0,1,.,.,.,.
2,164,49,9,12/10/2020,112,53,.,dry,1,0,1,.,.,.,.
2,165,4,16,12/10/2020,112,95,.,dry,1,0,1,.,.,.,390.19
2,166,36,7,12/10/2020,112,46,.,dry,1,0,1,35.05,33.22,914.63,864
2,167,60,35,12/10/2020,112,.,.,dry,0,0,0,.,.,.,.
2,168,4,15,12/10/2020,112,82,.,dry,1,0,1,.,.,.,.
2,169,82,10,12/10/2020,112,81,.,dry,1,0,1,50.9,33.22,1328.2,947.61
2,170,71,2,12/10/2020,112,.,.,dry,0,0,0,.,.,.,.
2,171,49,2,12/10/2020,112,56,.,dry,1,0,1,.,.,.,.
2,172,50,20,12/10/2020,112,.,.,dry,0,0,0,.,.,.,.
2,173,8,17,12/10/2020,112,67,.,dry,1,0,1,.,.,.,.
2,174,72,6,12/10/2020,112,37,.,dry,1,0,1,.,.,.,.
2,175,72,18,12/10/2020,112,52,.,dry,1,0,1,.,.,.,269.42
2,176,67,1,12/10/2020,112,.,.,dry,0,0,0,.,.,.,.
2,177,8,28,12/10/2020,112,71,65,dry,1,1,2,37.8,26.52,787.16,836.13
2,178,60,7,12/10/2020,112,.,.,dry,0,0,0,.,.,.,.
2,179,50,23,12/10/2020,112,.,.,dry,0,0,0,.,.,.,.
2,180,7,23,12/10/2020,112,98,.,dry,1,0,1,29.26,22.56,518.35,483.1
2,181,4,9,12/10/2020,112,90,.,dry,1,0,1,.,.,.,.
2,182,26,24,12/10/2020,112,60,.,dry,1,0,1,51.21,43.28,1740.67,1495.74
2,183,67,15,12/10/2020,112,19,.,dry,1,0,1,.,.,.,.
2,184,1,19,12/10/2020,112,81,.,dry,1,0,1,41.45,47.24,1538.12,1737.29
2,185,9,21,12/10/2020,112,38,.,dry,1,0,1,.,.,.,353.03
2,186,71,34,12/10/2020,112,27,.,dry,1,0,1,.,.,.,.
2,187,67,22,12/10/2020,112,17,.,dry,1,0,1,.,.,.,.
2,188,67,33,12/10/2020,112,.,.,dry,0,0,0,.,.,.,.
2,189,65,12.1,12/10/2020,112,37,.,dry,1,0,1,35.36,38.4,1066.47,1012.64
2,190,1,7,12/10/2020,112,36,.,dry,1,0,1,41.76,23.77,779.71,715.35
2,191,4,2,12/10/2020,112,81,.,dry,1,0,1,.,.,.,.
2,192,6,18,12/10/2020,112,61,.,dry,1,0,1,.,.,.,.
2,193,40,9,12/10/2020,112,33,.,dry,1,0,1,67.67,58.22,3093.9,2099.61
2,194,6,19,12/10/2020,112,77,.,dry,1,0,1,.,.,.,.
2,195,46,3,12/10/2020,112,.,.,dry,0,0,0,.,.,.,.
2,196,65,5,12/10/2020,112,34,.,dry,1,0,1,.,.,.,418.06
2,197,26,25,12/10/2020,112,47,.,dry,1,0,1,.,.,.,.
2,198,65,3,12/10/2020,112,45,.,dry,1,0,1,.,.,.,.
2,199,60,10,12/10/2020,112,.,.,dry,0,0,0,.,.,.,.
2,200,66,6,12/10/2020,112,82,.,dry,1,0,1,.,.,.,.
2,201,34,36,12/10/2020,112,41,.,dry,1,0,1,.,.,.,.
2,202,36,10,12/10/2020,112,40,.,dry,1,0,1,.,.,.,.
2,203,7,25,12/10/2020,112,.,.,dry,0,0,0,.,.,.,.
2,204,11,31,12/10/2020,112,33,.,dry,1,0,1,.,.,.,.
3,1,40,5,12/10/2020,112,25,.,dry,1,0,1,34.14,27.74,743.67,733.93
3,2,46,6,12/10/2020,112,.,.,dry,0,0,0,.,.,.,.
3,3,71,39,12/10/2020,112,82,57,dry,1,1,2,45.11,38.4,1360.67,1161.29
3,4,11,38,12/10/2020,112,64,.,dry,1,0,1,31.09,51.51,1257.79,1263.48
3,5,34,20,12/10/2020,112,60,.,dry,1,0,1,.,.,.,.
3,6,67,49,12/10/2020,112,.,.,dry,0,0,0,.,.,.,.
3,7,66,30,12/10/2020,112,78,.,dry,1,0,1,.,.,.,380.9
3,8,66,26,12/10/2020,112,63,.,dry,1,0,1,.,.,.,.
3,9,71,5,12/10/2020,112,46,.,dry,1,0,1,.,.,.,399.48
3,10,66,50,12/10/2020,112,79,.,dry,1,0,1,.,.,.,.
3,11,30,15,12/10/2020,112,75,.,dry,1,0,1,31.09,23.16,565.63,510.97
3,12,71,16,12/10/2020,112,.,.,dry,0,0,0,.,.,.,.
3,13,50,24,12/10/2020,112,20,.,dry,1,0,1,.,.,.,.
3,14,67,37,12/10/2020,112,.,.,dry,0,0,0,.,.,.,.
3,15,6,13,12/10/2020,112,.,.,dry,0,0,0,.,.,.,.
3,16,66,46,12/10/2020,112,67,.,dry,1,0,1,.,.,.,269.42
3,17,39,11,12/10/2020,112,15,.,dry,1,0,1,.,.,.,.
3,18,50,2,12/10/2020,112,17,.,dry,1,0,1,.,.,.,.
3,19,60,31,12/10/2020,112,52,.,dry,1,0,1,33.83,19.51,518.35,585.29
3,20,43,15.1,12/10/2020,112,25,.,dry,1,0,1,28.35,21.95,488.58,473.81
3,21,7,17,12/10/2020,112,.,.,dry,0,0,0,.,.,.,.
3,22,30,50,12/10/2020,112,.,.,dry,0,0,0,.,.,.,.
3,23,39,8,12/10/2020,112,27,.,dry,1,0,1,.,.,.,.
3,24,60,26,12/10/2020,112,.,.,dry,0,0,0,.,.,.,.
3,25,36,44,12/10/2020,112,55,.,dry,1,0,1,.,.,.,306.58
3,26,60,49,12/10/2020,112,60,.,dry,1,0,1,25.3,32.92,654.07,696.77
3,27,67,18,12/10/2020,112,20,.,dry,1,0,1,.,.,.,.
3,28,26,59,12/10/2020,112,.,.,dry,0,0,0,.,.,.,.
3,29,70,26,12/10/2020,112,47,.,dry,1,0,1,42.67,24.38,817.22,956.9
3,30,8,4,12/10/2020,112,88,.,dry,1,0,1,50.6,39.01,1550.38,1133.42
3,31,81,14,12/10/2020,112,43,39,dry,1,1,2,46.63,28.35,1038.23,1077.68
3,32,71,6,12/10/2020,112,21,.,dry,1,0,1,.,.,.,.
3,33,71,37,12/10/2020,112,16,33,dry,1,1,2,.,.,.,.
3,34,72,14,12/10/2020,112,12,.,dry,1,0,1,.,.,.,315.87
3,35,70,12,12/10/2020,112,45,.,dry,1,0,1,47.55,29.26,1092.74,1021.93
3,36,26,45,12/10/2020,112,38,.,dry,1,0,1,.,.,.,.
3,37,45,11,12/10/2020,112,67,.,dry,1,0,1,.,.,.,.
3,38,26,31,12/10/2020,112,42,.,dry,1,0,1,.,.,.,.
3,39,7,18,12/10/2020,112,76,.,dry,1,0,1,.,.,.,.
3,40,1,5,12/10/2020,112,.,.,dry,0,0,0,.,.,.,.
3,41,30,22,12/10/2020,112,75,.,dry,1,0,1,29.26,24.08,553.37,464.52
3,42,11,17,12/10/2020,112,82,.,dry,1,0,1,.,.,.,.
3,43,9,30,12/10/2020,112,.,.,dry,0,0,0,.,.,.,.
3,44,67,50,12/10/2020,112,.,.,dry,0,0,0,.,.,.,.
3,45,8,48,12/10/2020,112,.,.,dry,0,0,0,.,.,.,.
3,46,46,5,12/10/2020,112,17,.,dry,1,0,1,.,.,.,.
3,47,26,29,12/10/2020,112,43,.,dry,1,0,1,44.5,27.74,969.42,1003.35
3,48,72,44,12/10/2020,112,63,37,dry,1,1,2,30.18,29.26,693.47,641.03
3,49,34,41,12/10/2020,112,45,.,dry,1,0,1,.,.,.,.
3,50,26,39,12/10/2020,112,42,.,dry,1,0,1,43.89,26.82,924.62,678.19
3,51,66,47,12/10/2020,112,74,.,dry,1,0,1,.,.,.,.
3,52,36,17,12/10/2020,112,47,.,dry,1,0,1,.,.,.,408.77
3,53,43,23,12/10/2020,112,62,.,dry,1,0,1,.,.,.,.
3,54,30,44,12/10/2020,112,69,.,dry,1,0,1,.,.,.,269.42
3,55,65,25,12/10/2020,112,26,.,dry,1,0,1,.,.,.,.
3,56,11,27,12/10/2020,112,86,.,dry,1,0,1,.,.,.,.
3,57,60,3,12/10/2020,112,.,.,dry,0,0,0,.,.,.,.
3,58,43,13,12/10/2020,112,32,.,dry,1,0,1,.,.,.,.
3,59,26,28,12/10/2020,112,33,.,dry,1,0,1,.,.,.,436.64
3,60,43,44,12/10/2020,112,66,.,dry,1,0,1,.,.,.,.
3,61,60,15,12/10/2020,112,59,.,dry,1,0,1,.,.,.,.
3,62,30,23,12/10/2020,112,76,.,dry,1,0,1,.,.,.,.
3,63,4,27,12/10/2020,112,75,.,dry,1,0,1,.,.,.,.
3,64,8,11,12/10/2020,112,.,.,dry,0,0,0,.,.,.,.
3,65,71,13,12/10/2020,112,36,.,dry,1,0,1,.,.,.,.
3,66,8,9,12/10/2020,112,70,.,dry,1,0,1,.,.,.,.
3,67,71,38,12/10/2020,112,39,.,dry,1,0,1,.,.,.,.
3,68,6,46,12/10/2020,112,.,.,dry,0,0,0,.,.,.,.
3,69,26,38,12/10/2020,112,34,.,dry,1,0,1,.,.,.,.
3,70,6,47,12/10/2020,112,.,.,dry,0,0,0,.,.,.,.
3,71,7,16,12/10/2020,112,101,.,dry,1,0,1,.,.,.,.
3,72,7,20,12/10/2020,112,84,.,dry,1,0,1,.,.,.,.
3,73,71,35,12/10/2020,112,.,.,dry,0,0,0,.,.,.,.
3,74,8,12,12/10/2020,112,30,.,dry,1,0,1,.,.,.,.
3,75,34,32,12/10/2020,112,49,.,dry,1,0,1,.,.,.,.
3,76,9,23,12/10/2020,112,32,.,dry,1,0,1,.,.,.,.
3,77,81,19,12/10/2020,112,.,.,dry,0,0,0,.,.,.,.
3,78,50,12,12/10/2020,112,.,.,dry,0,0,0,.,.,.,.
3,79,40,7,12/10/2020,112,22,.,dry,1,0,1,.,.,.,.
3,80,30,16,12/10/2020,112,47,.,dry,1,0,1,.,.,.,.
3,81,65,48,12/10/2020,112,.,.,dry,0,0,0,.,.,.,.
3,82,65,23,12/10/2020,112,.,.,dry,0,0,0,.,.,.,.
3,83,4,47,12/10/2020,112,71,.,dry,1,0,1,.,.,.,.
3,84,36,34,12/10/2020,112,37,.,dry,1,0,1,.,.,.,.
3,85,72,40,12/10/2020,112,.,.,dry,0,0,0,.,.,.,.
3,86,4,50,12/10/2020,112,.,.,dry,0,0,0,.,.,.,.
3,87,4,23,12/10/2020,112,87,.,dry,1,0,1,.,.,.,.
3,88,81,2,12/10/2020,112,40,.,dry,1,0,1,56.08,26.21,1154.61,1040.51
3,89,9,27,12/10/2020,112,.,.,dry,0,0,0,.,.,.,.
3,90,26,27,12/10/2020,112,43,.,dry,1,0,1,.,.,.,.
3,91,11,5,12/10/2020,112,56,.,dry,1,0,1,.,.,.,.
3,92,7,19,12/10/2020,112,.,.,dry,0,0,0,.,.,.,.
3,93,1,49,12/10/2020,112,40,.,dry,1,0,1,.,.,.,.
3,94,11,3,12/10/2020,112,50,.,dry,1,0,1,.,.,.,.
3,95,34,31,12/10/2020,112,.,.,dry,0,0,0,.,.,.,.
3,96,39,14,12/10/2020,112,.,.,dry,0,0,0,.,.,.,.
3,97,67,23,12/10/2020,112,.,.,dry,0,0,0,.,.,.,.
3,98,26,36,12/10/2020,112,.,.,dry,0,0,0,.,.,.,.
3,99,11,14,12/10/2020,112,64,.,dry,1,0,1,.,.,.,.
3,100,39,16,12/10/2020,112,34,40,dry,1,1,2,.,.,.,.
3,101,43,22,12/10/2020,112,56,.,dry,1,0,1,36.27,20.73,590.44,548.13
3,102,36,45,12/10/2020,112,49,.,dry,1,0,1,.,.,.,.
3,103,43,19,12/10/2020,112,54,.,dry,1,0,1,84.73,55.17,3671.5,2489.8
3,104,34,35,12/10/2020,112,.,.,dry,0,0,0,.,.,.,.
3,105,6,34,12/10/2020,112,.,.,dry,0,0,0,.,.,.,.
3,106,43,25,12/10/2020,112,78,.,dry,1,0,1,.,.,.,288
3,107,72,33,12/10/2020,112,23,.,dry,1,0,1,.,.,.,2415.48
3,108,46,2,12/10/2020,112,.,.,dry,0,0,0,.,.,.,.
3,109,30,52,12/10/2020,112,73,.,dry,1,0,1,.,.,.,278.71
3,110,39,9,12/10/2020,112,17,.,dry,1,0,1,.,.,.,.
3,111,66,28,12/10/2020,112,.,.,dry,0,0,0,.,.,.,.
3,112,65,26,12/10/2020,112,.,.,dry,0,0,0,.,.,.,.
3,113,1,41,12/10/2020,112,.,.,dry,0,0,0,.,.,.,.
3,114,72,23,12/10/2020,112,.,.,dry,0,0,0,.,.,.,.
3,115,34,45,12/10/2020,112,37,.,dry,1,0,1,.,.,.,.
3,116,34,2,12/10/2020,112,62,.,dry,1,0,1,.,.,.,.
3,117,39,10,12/10/2020,112,28,.,dry,1,0,1,.,.,.,167.23
3,118,1,6,12/10/2020,112,.,.,dry,0,0,0,.,.,.,.
3,119,81,18,12/10/2020,112,40.1,.,dry,1,0,1,43.59,32,1095.58,929.03
3,120,8,18,12/10/2020,112,59,.,dry,1,0,1,.,.,.,222.97
3,121,34,34,12/10/2020,112,42,.,dry,1,0,1,.,.,.,.
3,122,34,33,12/10/2020,112,35,.,dry,1,0,1,.,.,.,418.06
3,123,30,56,12/10/2020,112,52,.,dry,1,0,1,37.19,21.95,640.93,483.1
3,124,8,10,12/10/2020,112,52,.,dry,1,0,1,.,.,.,.
3,125,82,8,12/10/2020,112,55,.,dry,1,0,1,.,.,.,.
3,126,9,12,12/10/2020,112,47,.,dry,1,0,1,.,.,.,.
3,127,1,18,12/10/2020,112,.,.,dry,0,0,0,.,.,.,.
3,128,4,4,12/10/2020,112,86,.,dry,1,0,1,53.04,32.61,1358.48,1235.61
3,129,72,34,12/10/2020,112,55,.,dry,1,0,1,.,.,.,185.81
3,130,60,8,12/10/2020,112,.,.,dry,0,0,0,.,.,.,.
3,131,7,34,12/10/2020,112,89,.,dry,1,0,1,.,.,.,.
3,132,36,22,12/10/2020,112,39,.,dry,1,0,1,40.54,14.63,465.81,510.97
3,133,82,27,12/10/2020,112,.,.,dry,0,0,0,.,.,.,.
3,134,26,10,12/10/2020,112,.,.,dry,0,0,0,.,.,.,.
3,135,30,20.1,12/10/2020,112,71,.,dry,1,0,1,33.53,22.25,585.92,641.03
3,136,7,15,12/10/2020,112,93,.,dry,1,0,1,.,.,.,.
3,137,43,20,12/10/2020,112,58,.,dry,1,0,1,.,.,.,.
3,138,36,18,12/10/2020,112,39,.,dry,1,0,1,43.59,19.81,678.22,650.32
3,139,60,32,12/10/2020,112,61,.,dry,1,0,1,.,.,.,306.58
3,140,82,26,12/10/2020,112,99,.,dry,1,0,1,.,.,.,.
3,141,8,3,12/10/2020,112,48,.,dry,1,0,1,35.66,22.86,640.28,641.03
3,142,1,44,12/10/2020,112,50,.,dry,1,0,1,.,.,.,.
3,143,4,5,12/10/2020,112,101,.,dry,1,0,1,57,50.9,2278.65,2378.32
3,144,60,9,12/10/2020,112,77,56,dry,1,1,2,45.42,26.82,956.73,798.97
3,145,70,19,12/10/2020,112,48,.,dry,1,0,1,47.85,52.73,1981.83,1904.51
3,146,72,42,12/10/2020,112,56,.,dry,1,0,1,32,30.78,773.8,501.68
3,147,72,20,12/10/2020,112,49,.,dry,1,0,1,.,.,.,325.16
3,148,36,14,12/10/2020,112,50,.,dry,1,0,1,35.66,35.36,990.29,733.93
3,149,66,49,12/10/2020,112,97,.,dry,1,0,1,.,.,.,.
3,150,34,30,12/10/2020,112,.,.,dry,0,0,0,.,.,.,.
3,151,65,7,12/10/2020,112,40,.,dry,1,0,1,.,.,.,.
3,152,6,48,12/10/2020,112,.,.,dry,0,0,0,.,.,.,.
3,153,6,31,12/10/2020,112,103,.,dry,1,0,1,38.71,70.1,2131.33,2118.19
3,154,70,5,12/10/2020,112,40,.,dry,1,0,1,68.58,65.53,3529.72,2777.8
3,155,6,9.1,12/10/2020,112,73,.,dry,1,0,1,.,.,.,.
3,156,81,22,12/10/2020,112,36,14,dry,1,1,2,35.66,39.01,1092.74,1096.26
3,157,50,10,12/10/2020,112,.,.,dry,0,0,0,.,.,.,.
3,158,1,3,12/10/2020,112,57,.,dry,1,0,1,.,.,.,.
3,159,6,49,12/10/2020,112,117,.,dry,1,0,1,36.58,67.06,1926.3,1867.35
3,160,30,39,12/10/2020,112,73,.,dry,1,0,1,26.52,39.62,825.24,557.42
3,161,11,16,12/10/2020,112,53,.,dry,1,0,1,63.09,61.57,3051,3075.09
3,162,36,49,12/10/2020,112,58,.,dry,1,0,1,29.57,42.98,997.95,919.74
3,163,50,7,12/10/2020,112,.,.,dry,0,0,0,.,.,.,.
3,164,4,25,12/10/2020,112,84,.,dry,1,0,1,35.36,42.67,1184.97,1040.51
3,165,9,15.1,12/10/2020,112,45,.,dry,1,0,1,42.98,51.82,1748.99,1226.32
3,166,82,17,12/10/2020,112,.,.,dry,0,0,0,.,.,.,.
4,1,8,8,12/10/2020,112,26,79,dry,1,1,2,.,.,.,.
4,2,1,8,12/10/2020,112,.,.,dry,0,0,0,.,.,.,.
4,3,30,55,12/10/2020,112,48,.,dry,1,0,1,.,.,.,.
4,4,9,5,12/10/2020,112,34,.,dry,1,0,1,32.31,24.08,611.02,687.48
4,5,71,22,12/10/2020,112,77,.,dry,1,0,1,.,.,.,.
4,6,82,30,12/10/2020,112,102,.,dry,1,0,1,.,.,.,.
4,7,65,49,12/10/2020,112,34,.,dry,1,0,1,20.12,32.61,515.29,464.52
4,8,26,23,12/10/2020,112,45,.,dry,1,0,1,.,.,.,.
4,9,60,17,12/10/2020,112,54,.,dry,1,0,1,22.25,41.15,719.08,808.26
4,10,65,42,12/10/2020,112,42,.,dry,1,0,1,24.99,29.26,574.39,473.81
4,11,65,39,12/10/2020,112,56,.,dry,1,0,1,.,.,.,.
4,12,72,38,12/10/2020,112,35,.,dry,1,0,1,.,.,.,167.23
4,13,70,8,12/10/2020,112,38,.,dry,1,0,1,.,.,.,343.74
4,14,8,37,12/10/2020,112,74,.,dry,1,0,1,.,.,.,.
4,15,81,27,12/10/2020,112,36,32,dry,1,1,2,41.76,33.83,1109.59,1049.8
4,16,34,18,12/10/2020,112,55,.,dry,1,0,1,.,.,.,306.58
4,17,4,42,12/10/2020,112,.,.,dry,0,0,0,.,.,.,.
4,18,81,26,12/10/2020,112,.,.,dry,0,0,0,.,.,.,.
4,19,4,48,12/10/2020,112,73,.,dry,1,0,1,.,.,.,.
4,20,67,43,12/10/2020,112,.,.,dry,0,0,0,.,.,.,.
4,21,65,45,12/10/2020,112,35,.,dry,1,0,1,36.88,40.84,1183.07,1133.42
4,22,4,44,12/10/2020,112,.,.,dry,0,0,0,.,.,.,.
4,23,4,46,12/10/2020,112,100,.,dry,1,0,1,.,.,.,.
4,24,1,21,12/10/2020,112,9,.,dry,1,0,1,.,.,.,.
4,25,6,33,12/10/2020,112,29,.,dry,1,0,1,.,.,.,.
4,26,11,34,12/10/2020,112,44,.,dry,1,0,1,.,.,.,418.06
4,27,70,29,12/10/2020,112,37,59,dry,1,1,2,43.28,23.77,808.17,733.93
4,28,70,15,12/10/2020,112,56,40,dry,1,1,2,36.88,60.66,1756.95,1690.84
4,29,36,35,12/10/2020,112,.,.,dry,0,0,0,.,.,.,.
4,30,6,6,12/10/2020,112,41,.,dry,1,0,1,.,.,.,.
4,31,82,14,12/10/2020,112,.,.,dry,0,0,0,.,.,.,.
4,32,8,36,12/10/2020,112,54,.,dry,1,0,1,.,.,.,.
4,33,39,46,12/10/2020,112,.,.,dry,0,0,0,.,.,.,.
4,34,8,32,12/10/2020,112,66,.,dry,1,0,1,33.22,32,835.09,613.16
4,35,34,7,12/10/2020,112,64,.,dry,1,0,1,.,.,.,.
4,36,82,3,12/10/2020,112,74,.,dry,1,0,1,.,.,.,.
4,37,72,5,12/10/2020,112,34,.,dry,1,0,1,.,.,.,.
4,38,4,49,12/10/2020,112,82,.,dry,1,0,1,19.81,35.97,559.65,492.39
4,39,30,29,12/10/2020,112,78,.,dry,1,0,1,.,.,.,.
4,40,43,45,12/10/2020,112,81,.,dry,1,0,1,.,.,.,.
4,41,81,29,12/10/2020,112,40,.,dry,1,0,1,25.91,25.91,527.18,687.48
4,42,65,33,12/10/2020,112,.,.,dry,0,0,0,.,.,.,.
4,43,26,60,12/10/2020,112,42,.,dry,1,0,1,.,.,.,.
4,44,6,38,12/10/2020,112,28,.,dry,1,0,1,.,.,.,.
4,45,60,38,12/10/2020,112,74,.,dry,1,0,1,22.25,36.58,639.18,836.13
4,46,50,17,12/10/2020,112,.,.,dry,0,0,0,.,.,.,.
4,47,65,34,12/10/2020,112,39,.,dry,1,0,1,.,.,.,.
4,48,26,62,12/10/2020,112,40,.,dry,1,0,1,32.92,28.35,732.87,603.87
4,49,82,25,12/10/2020,112,.,.,dry,0,0,0,.,.,.,.
4,50,70,28,12/10/2020,112,35,.,dry,1,0,1,30.78,31.7,766.43,724.64
4,51,71,3,12/10/2020,112,.,.,dry,0,0,0,.,.,.,.
4,52,50,13,12/10/2020,112,.,.,dry,0,0,0,.,.,.,.
4,53,30,24,12/10/2020,112,69,.,dry,1,0,1,.,.,.,325.16
4,54,30,49,12/10/2020,112,86,.,dry,1,0,1,.,.,.,.
4,55,1,23,12/10/2020,112,30,.,dry,1,0,1,20.73,44.5,724.41,668.9
4,56,66,35,12/10/2020,112,86,.,dry,1,0,1,26.21,43.89,903.61,798.97
4,57,1,11,12/10/2020,112,.,.,dry,0,0,0,.,.,.,.
4,58,50,18,12/10/2020,112,.,.,dry,0,0,0,.,.,.,.
4,59,9,4,12/10/2020,112,44,.,dry,1,0,1,.,.,.,.
4,60,26,41,12/10/2020,112,42,.,dry,1,0,1,.,.,.,.
4,61,7,47,12/10/2020,112,92,.,dry,1,0,1,.,.,.,.
4,62,43,6,12/10/2020,112,62,.,dry,1,0,1,40.84,46.94,1505.72,2053.16
4,63,39,37.1,12/10/2020,112,.,.,dry,0,0,0,.,.,.,.
4,64,39,47,12/10/2020,112,18,.,dry,1,0,1,.,.,.,.
4,65,6,14,12/10/2020,112,.,.,dry,0,0,0,.,.,.,.
4,66,70,7,12/10/2020,112,34,.,dry,1,0,1,29.57,32.92,764.39,966.19
4,67,34,14,12/10/2020,112,.,.,dry,0,0,0,.,.,.,.
4,68,66,32,12/10/2020,112,58,.,dry,1,0,1,.,.,.,.
4,69,39,43,12/10/2020,112,27,.,dry,1,0,1,.,.,.,.
4,70,60,24,12/10/2020,112,58,.,dry,1,0,1,23.16,32,582.27,566.71
4,71,66,42,12/10/2020,112,.,.,dry,0,0,0,.,.,.,.
4,72,7,6,12/10/2020,112,105,.,dry,1,0,1,.,.,.,.
4,73,1,26,12/10/2020,112,51,.,dry,1,0,1,.,.,.,427.35
4,74,43,17,12/10/2020,112,28,.,dry,1,0,1,.,.,.,315.87
4,75,6,32,12/10/2020,112,.,.,dry,0,0,0,.,.,.,.
4,76,4,45,12/10/2020,112,92,.,dry,1,0,1,.,.,.,.
4,77,7,41,12/10/2020,112,77,.,dry,1,0,1,.,.,.,.
4,78,30,28,12/10/2020,112,75,.,dry,1,0,1,29.57,30.78,714.85,641.03
4,79,46,1,12/10/2020,112,.,.,dry,0,0,0,.,.,.,.
4,80,36,30,12/10/2020,112,40,.,dry,1,0,1,.,.,.,.
4,81,7,49,12/10/2020,112,75,.,dry,1,0,1,.,.,.,.
4,82,70,13.1,12/10/2020,112,31,.,dry,1,0,1,19.51,30.78,471.65,501.68
4,83,6,39,12/10/2020,112,29,.,dry,1,0,1,.,.,.,.
4,84,60,40,12/10/2020,112,50,.,dry,1,0,1,.,.,.,.
4,85,70,17,12/10/2020,112,31,.,dry,1,0,1,38.1,55.47,1659.97,1737.29
4,86,8,31,12/10/2020,112,63,.,dry,1,0,1,.,.,.,222.97
4,87,34,13,12/10/2020,112,52,.,dry,1,0,1,.,.,.,195.1
4,88,67,32,12/10/2020,112,28,.,dry,1,0,1,.,.,.,.
4,89,9,13,12/10/2020,112,38,.,dry,1,0,1,.,.,.,.
4,90,11,11,12/10/2020,112,58,.,dry,1,0,1,.,.,.,.
4,91,71,17,12/10/2020,112,44,.,dry,1,0,1,.,.,.,.
4,92,81,13,12/10/2020,112,.,.,dry,0,0,0,.,.,.,.
4,93,71,14,12/10/2020,112,.,.,dry,0,0,0,.,.,.,.
4,94,1,25,12/10/2020,112,.,.,dry,0,0,0,.,.,.,.
4,95,1,30,12/10/2020,112,.,.,dry,0,0,0,.,.,.,.
4,96,9,8,12/10/2020,112,58,.,dry,1,0,1,29.87,40.23,943.89,919.74
4,97,1,34,12/10/2020,112,.,.,dry,0,0,0,.,.,.,.
4,98,6,35,12/10/2020,112,18,.,dry,1,0,1,.,.,.,.
4,99,50,21,12/10/2020,112,.,.,dry,0,0,0,.,.,.,.
4,100,72,31,12/10/2020,112,42,.,dry,1,0,1,.,.,.,.
4,101,43,8,12/10/2020,112,48,.,dry,1,0,1,30.18,22.86,541.77,613.16
4,102,82,6,12/10/2020,112,.,.,dry,0,0,0,.,.,.,.
4,103,39,34,12/10/2020,112,18,.,dry,1,0,1,.,.,.,.
4,104,34,19,12/10/2020,112,55,.,dry,1,0,1,.,.,.,.
4,105,11,30,12/10/2020,112,54,.,dry,1,0,1,27.43,40.84,879.97,854.71
4,106,66,45,12/10/2020,112,70,.,dry,1,0,1,.,.,.,.
4,107,67,24,12/10/2020,112,24,.,dry,1,0,1,.,.,.,.
4,108,39,41,12/10/2020,112,25,.,dry,1,0,1,30.18,21.03,498.43,538.84
4,109,79,3,12/10/2020,112,24,.,dry,1,0,1,.,.,.,.
4,110,30,47,12/10/2020,112,72,.,dry,1,0,1,33.22,35.66,930.53,436.64
4,111,7,42,12/10/2020,112,84,.,dry,1,0,1,.,.,.,.
4,112,72,46,12/10/2020,112,31,.,dry,1,0,1,.,.,.,.
4,113,50,25,12/10/2020,112,.,.,dry,0,0,0,.,.,.,.
4,114,34,6,12/10/2020,112,54,.,dry,1,0,1,.,.,.,.
4,115,1,32,12/10/2020,112,.,.,dry,0,0,0,.,.,.,.
4,116,9,3,12/10/2020,112,31,.,dry,1,0,1,.,.,.,.
4,117,36,31,12/10/2020,112,60,.,dry,1,0,1,51.21,42.67,1716.16,1532.9
4,118,43,16,12/10/2020,112,50,.,dry,1,0,1,.,.,.,250.84
4,119,9,9,12/10/2020,112,19,.,dry,1,0,1,27.43,23.47,505.65,445.93
4,120,81,16,12/10/2020,112,32,.,dry,1,0,1,28.04,18.59,409.48,501.68
4,121,7,36,12/10/2020,112,90,.,dry,1,0,1,.,.,.,.
4,122,36,23,12/10/2020,112,19,.,dry,1,0,1,.,.,.,353.03
4,123,43,10,12/10/2020,112,46,57,dry,1,1,2,47.85,50.6,1901.64,1644.38
4,124,26,58,12/10/2020,112,33,.,dry,1,0,1,47.85,44.81,1683.98,1523.61
4,125,7,5,12/10/2020,112,84,.,dry,1,0,1,.,.,.,.
4,126,81,20,12/10/2020,112,30,.,dry,1,0,1,30.18,38.71,917.4,696.77
4,127,60,39,12/10/2020,112,.,.,dry,0,0,0,.,.,.,.
4,128,43,35,12/10/2020,112,52,.,dry,1,0,1,.,.,.,380.9
4,129,8,44,12/10/2020,112,73,64,dry,1,1,2,34.75,39.32,1073.04,910.45
4,130,11,47,12/10/2020,112,40,.,dry,1,0,1,25.6,45.42,913.24,845.42
4,131,30,31,12/10/2020,112,65,.,dry,1,0,1,.,.,.,371.61
4,132,34,10,12/10/2020,112,46,.,dry,1,0,1,.,.,.,.
4,133,72,28,12/10/2020,112,53,.,dry,1,0,1,.,.,.,306.58
4,134,72,41,12/10/2020,112,30,.,dry,1,0,1,19.51,37.8,579.06,678.19
4,135,30,46,12/10/2020,112,66,.,dry,1,0,1,.,.,.,427.35
4,136,72,4,12/10/2020,112,41,.,dry,1,0,1,.,.,.,204.39
4,137,26,35,12/10/2020,112,44,.,dry,1,0,1,46.94,68.28,2517.03,2564.12
4,138,65,16,12/10/2020,112,.,.,dry,0,0,0,.,.,.,.
4,139,30,45,12/10/2020,112,56,.,dry,1,0,1,.,.,.,.
4,140,72,30,12/10/2020,112,46,.,dry,1,0,1,.,.,.,371.61
4,141,4,40,12/10/2020,112,85,.,dry,1,0,1,43.28,57.3,1947.9,1895.22
4,142,8,38,12/10/2020,112,77,71,dry,1,1,2,43.89,22.25,767.02,761.8
4,143,39,48,12/10/2020,112,23,.,dry,1,0,1,27.43,37.19,801.17,901.16
4,144,34,17,12/10/2020,112,43,.,dry,1,0,1,.,.,.,.
5,1,4,34,12/10/2020,112,74,.,dry,1,0,1,.,.,.,.
5,2,8,5,12/10/2020,112,63,79,dry,1,1,2,66.14,107.59,5589.26,3363.09
5,3,40,6,12/10/2020,112,.,.,dry,0,0,0,.,.,.,.
5,4,65,17,12/10/2020,112,.,.,dry,0,0,0,.,.,.,.
5,5,66,11,12/10/2020,112,.,.,dry,0,0,0,.,.,.,.
5,6,36,28,12/10/2020,112,43,.,dry,1,0,1,61.87,55.78,2710.61,2118.19
5,7,39,15,12/10/2020,112,29,.,dry,1,0,1,33.22,17.07,445.38,455.22
5,8,30,58,12/10/2020,112,51,.,dry,1,0,1,.,.,.,.
5,9,67,12,12/10/2020,112,27,.,dry,1,0,1,.,.,.,.
5,10,34,46,12/10/2020,112,44,.,dry,1,0,1,.,.,.,.
5,11,81,15,12/10/2020,112,50,.,dry,1,0,1,42.37,42.67,1419.92,1263.48
5,12,9,29,12/10/2020,112,45,.,dry,1,0,1,31.09,28.04,684.71,529.55
5,13,11,24,12/10/2020,112,96,.,dry,1,0,1,.,.,.,.
5,14,6,41,12/10/2020,112,75,194,dry,1,1,2,.,.,.,.
5,15,82,24,12/10/2020,112,65,.,dry,1,0,1,38.1,42.37,1267.78,975.48
5,16,81,24,12/10/2020,112,49,.,dry,1,0,1,.,.,.,.
5,17,4,11,12/10/2020,112,82,.,dry,1,0,1,.,.,.,.
5,18,39,42,12/10/2020,112,.,.,dry,0,0,0,.,.,.,.
5,19,1,37,12/10/2020,112,.,.,dry,0,0,0,.,.,.,.
5,20,50,29,12/10/2020,112,14,.,dry,1,0,1,.,.,.,.
5,21,1,31,12/10/2020,112,.,.,dry,0,0,0,.,.,.,.
5,22,11,9,12/10/2020,112,118,.,dry,1,0,1,25.6,52.12,1048.08,1049.8
5,23,67,44,12/10/2020,112,.,.,dry,0,0,0,.,.,.,.
5,24,11,19,12/10/2020,112,95,.,dry,1,0,1,.,.,.,.
5,25,65,47,12/10/2020,112,34,.,dry,1,0,1,.,.,.,.
5,26,8,2,12/10/2020,112,85,.,dry,1,0,1,23.47,49.68,915.79,622.45
5,27,30,54,12/10/2020,112,52,.,dry,1,0,1,.,.,.,.
5,28,82,16,12/10/2020,112,109,.,dry,1,0,1,.,.,.,.
5,29,6,44,12/10/2020,112,62,.,dry,1,0,1,.,.,.,.
5,30,6,43,12/10/2020,112,.,.,dry,0,0,0,.,.,.,.
5,31,82,23,12/10/2020,112,80,.,dry,1,0,1,.,.,.,.
5,32,34,43,12/10/2020,112,.,.,dry,0,0,0,.,.,.,.
5,33,60,18,12/10/2020,112,46,.,dry,1,0,1,55.78,40.23,1762.56,1365.67
5,34,7,46,12/10/2020,112,110,.,dry,1,0,1,.,.,.,.
5,35,7,38,12/10/2020,112,84,.,dry,1,0,1,.,.,.,.
5,36,72,32,12/10/2020,112,40,28,dry,1,1,2,.,.,.,399.48
5,37,1,45,12/10/2020,112,20,.,dry,1,0,1,.,.,.,.
5,38,39,32,12/10/2020,112,.,.,dry,0,0,0,.,.,.,.
5,39,11,21,12/10/2020,112,65,.,dry,1,0,1,29.57,63.09,1465.08,1486.45
5,40,43,27,12/10/2020,112,85,.,dry,1,0,1,.,.,.,.
5,41,72,11,12/10/2020,112,41,.,dry,1,0,1,.,.,.,.
5,42,39,23,12/10/2020,112,36,.,dry,1,0,1,22.25,46.94,820.28,966.19
5,43,66,40,12/10/2020,112,64,.,dry,1,0,1,.,.,.,.
5,44,67,11,12/10/2020,112,23,.,dry,1,0,1,21.03,43.28,714.92,576
5,45,39,35,12/10/2020,112,28,.,dry,1,0,1,.,.,.,.
5,46,34,27,12/10/2020,112,47,.,dry,1,0,1,.,.,.,.
5,47,81,28,12/10/2020,112,27,.,dry,1,0,1,.,.,.,.
5,48,66,3,12/10/2020,112,61,.,dry,1,0,1,.,.,.,204.39
5,49,7,37,12/10/2020,112,83,.,dry,1,0,1,.,.,.,.
5,50,60,41,12/10/2020,112,.,.,dry,0,0,0,.,.,.,.
5,51,26,44,12/10/2020,112,50,45,dry,1,1,2,38.1,56.08,1678.22,1347.09
5,52,72,29,12/10/2020,112,66,.,dry,1,0,1,.,.,.,.
5,53,9,19,12/10/2020,112,26,.,dry,1,0,1,55.78,38.1,1669.09,1179.87
5,54,50,8,12/10/2020,112,.,.,dry,0,0,0,.,.,.,.
5,55,45,17,12/10/2020,112,.,.,dry,0,0,0,.,.,.,.
5,56,67,6,12/10/2020,112,25,.,dry,1,0,1,.,.,.,.
5,57,39,29,12/10/2020,112,31,.,dry,1,0,1,42.37,28.04,933.09,845.42
5,58,72,10,12/10/2020,112,63,.,dry,1,0,1,.,.,.,399.48
5,59,81,23,12/10/2020,112,37,33,dry,1,1,2,32,35.97,904.05,678.19
5,60,71,32,12/10/2020,112,79,.,dry,1,0,1,21.03,27.43,453.12,455.22
5,61,65,36,12/10/2020,112,55,46,dry,1,1,2,47.24,42.67,1583.36,1402.84
5,62,6,42,12/10/2020,112,91,.,dry,1,0,1,49.68,34.75,1355.85,1179.87
5,63,70,18,12/10/2020,112,45,26,dry,1,1,2,43.59,33.53,1147.75,1282.06
5,64,66,44,12/10/2020,112,85,88,dry,1,1,2,59.74,49.68,2331.11,2081.03
5,65,8,43,12/10/2020,112,58,.,dry,1,0,1,.,.,.,.
5,66,1,38,12/10/2020,112,56,.,dry,1,0,1,32.92,51.51,1331.77,1551.48
5,67,34,12.1,12/10/2020,112,56,36,dry,1,1,2,42.98,25.91,874.5,622.45
5,68,26,33,12/10/2020,112,47,.,dry,1,0,1,.,.,.,.
5,69,30,53,12/10/2020,112,71,87,dry,1,1,2,21.64,39.01,663.11,631.74
5,70,4,32,12/10/2020,112,64,61,dry,1,1,2,26.52,45.42,945.86,956.9
5,71,36,26,12/10/2020,112,23,.,dry,1,0,1,.,.,.,.
5,72,34,42,12/10/2020,112,48,.,dry,1,0,1,.,.,.,.
5,73,26,18,12/10/2020,112,61,.,dry,1,0,1,.,.,.,.
5,74,30,7,12/10/2020,112,78,.,dry,1,0,1,40.54,38.71,1232.47,1272.77
5,75,70,23,12/10/2020,112,48,.,dry,1,0,1,26.82,42.98,905.36,817.55
5,76,39,38,12/10/2020,112,30,.,dry,1,0,1,.,.,.,.
5,77,71,15,12/10/2020,112,.,.,dry,0,0,0,.,.,.,.
5,78,7,50,12/10/2020,112,.,.,dry,0,0,0,.,.,.,.
5,79,49,4,12/10/2020,112,.,.,dry,0,0,0,.,.,.,.
5,80,8,33,12/10/2020,112,44,.,dry,1,0,1,.,.,.,297.29
5,81,70,10,12/10/2020,112,41,.,dry,1,0,1,25.6,29.87,600.66,603.87
5,82,26,30,12/10/2020,112,58,.,dry,1,0,1,21.95,24.99,430.79,483.1
5,83,26,46,12/10/2020,112,65,.,dry,1,0,1,26.82,35.05,738.41,603.87
5,84,6,11,12/10/2020,112,46,.,dry,1,0,1,.,.,.,.
5,85,9,20,12/10/2020,112,27,.,dry,1,0,1,.,.,.,362.32
5,86,69,50,12/10/2020,112,.,.,dry,0,0,0,.,.,.,.
5,87,81,10,12/10/2020,112,40,.,dry,1,0,1,37.19,24.69,721.05,678.19
5,88,26,40,12/10/2020,112,48,.,dry,1,0,1,44.2,28.96,1005.1,1142.71
5,89,66,10,12/10/2020,112,85,.,dry,1,0,1,35.05,25.91,713.24,715.35
5,90,43,26,12/10/2020,112,84,67,dry,1,1,2,47.55,72.85,2720.46,2907.87
5,91,26,11,12/10/2020,112,68,.,dry,1,0,1,55.47,38.1,1659.97,1625.8
5,92,4,38,12/10/2020,112,93,86,dry,1,1,2,53.34,44.2,1851.51,1514.32
5,93,4,35,12/10/2020,112,.,.,dry,0,0,0,.,.,.,.
5,94,60,45,12/10/2020,112,44,45,dry,1,1,2,30.48,18.59,445.09,501.68
5,95,72,45,12/10/2020,112,41,.,dry,1,0,1,28.35,23.16,515.72,464.52
5,96,39,37.2,12/10/2020,112,.,.,dry,0,0,0,.,.,.,.
5,97,30,51,12/10/2020,112,.,.,dry,0,0,0,.,.,.,.
5,98,67,26,12/10/2020,112,.,.,dry,0,0,0,.,.,.,.
5,99,43,31,12/10/2020,112,80,60,dry,1,1,2,51.82,51.21,2083.91,2062.45
5,100,36,27,12/10/2020,112,.,.,dry,0,0,0,.,.,.,.
5,101,34,50,12/10/2020,112,45,.,dry,1,0,1,.,.,.,.
5,102,6,40,12/10/2020,112,.,.,dry,0,0,0,.,.,.,.
5,103,72,48,12/10/2020,112,41,.,dry,1,0,1,.,.,.,390.19
5,104,81,1,12/10/2020,112,.,.,dry,0,0,0,.,.,.,.
5,105,67,34,12/10/2020,112,19,.,dry,1,0,1,31.7,42.06,1047.21,910.45
5,106,66,5,12/10/2020,112,53,.,dry,1,0,1,.,.,.,.
5,107,4,20,12/10/2020,112,.,.,dry,0,0,0,.,.,.,.
5,108,39,45,12/10/2020,112,19,.,dry,1,0,1,.,.,.,.
5,109,30,63,12/10/2020,112,56,40,dry,1,1,2,31.39,34.44,849.25,650.32
5,110,43,21.1,12/10/2020,112,85,.,dry,1,0,1,41.15,45.42,1467.71,1514.32
5,111,1,46,12/10/2020,112,.,.,dry,0,0,0,.,.,.,.
5,112,4,3,12/10/2020,112,.,.,dry,0,0,0,.,.,.,.
5,113,6,45,12/10/2020,112,65,.,dry,1,0,1,.,.,.,.
5,114,72,37,12/10/2020,112,40,33,dry,1,1,2,.,.,.,.
5,115,8,30,12/10/2020,112,76,.,dry,1,0,1,.,.,.,.
5,116,34,49,12/10/2020,112,.,.,dry,0,0,0,.,.,.,.
5,117,72,39,12/10/2020,112,60,.,dry,1,0,1,.,.,.,306.58
5,118,26,14,12/10/2020,112,53,.,dry,1,0,1,53.04,55.17,2297.99,1607.22
5,119,34,44,12/10/2020,112,43,.,dry,1,0,1,.,.,.,.
5,120,69,13,12/10/2020,112,81,.,dry,1,0,1,51.82,61.26,2493.24,2211.09
5,121,11,29,12/10/2020,112,48,.,dry,1,0,1,.,.,.,232.26
5,122,11,10,12/10/2020,112,55,.,dry,1,0,1,.,.,.,.
5,123,43,11,12/10/2020,112,92,78,dry,1,1,2,42.37,74.37,2474.71,1235.61
5,124,65,44,12/10/2020,112,45,42,dry,1,1,2,35.66,45.42,1272.01,1161.29
5,125,43,9,12/10/2020,112,.,.,dry,0,0,0,.,.,.,.
5,126,7,7,12/10/2020,112,110,.,dry,1,0,1,.,.,.,.
5,127,36,25,12/10/2020,112,39,.,dry,1,0,1,.,.,.,.
5,128,80,9,12/10/2020,112,63,.,dry,1,0,1,.,.,.,.
5,129,60,44,12/10/2020,112,62,.,dry,1,0,1,.,.,.,.
6,1,43,15.2,12/10/2020,112,.,.,dry,0,0,0,.,.,.,.
6,2,45,1.2,12/10/2020,112,.,.,dry,0,0,0,.,.,.,.
6,3,43,21.2,12/10/2020,112,.,.,dry,0,0,0,.,.,.,.
6,4,65,12.2,12/10/2020,112,.,.,dry,0,0,0,.,.,.,.
6,5,45,18.2,12/10/2020,112,.,.,dry,0,0,0,.,.,.,.
6,6,69,47,12/10/2020,112,.,.,dry,0,0,0,.,.,.,.
6,7,34,12.2,12/10/2020,112,.,.,dry,0,0,0,.,.,.,.
6,8,80,5.2,12/10/2020,112,.,.,dry,0,0,0,.,.,.,.
6,9,30,20.2,12/10/2020,112,.,.,dry,0,0,0,.,.,.,.
6,10,8,26,12/10/2020,112,.,.,dry,0,0,0,.,.,.,.
6,11,80,10.2,12/10/2020,112,.,.,dry,0,0,0,.,.,.,.
6,12,49,29.2,12/10/2020,112,.,.,dry,0,0,0,.,.,.,.
6,13,4,13.2,12/10/2020,112,.,.,dry,0,0,0,.,.,.,.
6,14,79,1,12/10/2020,112,30,134,dry,1,1,2,.,.,.,.
6,15,9,15.2,12/10/2020,112,.,.,dry,0,0,0,.,.,.,.
6,16,6,9.2,12/10/2020,112,.,.,dry,0,0,0,.,.,.,.
6,17,34,29,12/10/2020,112,29,.,dry,1,0,1,.,.,.,.
6,18,70,13.2,12/10/2020,112,.,.,dry,0,0,0,.,.,.,.
6,19,1,16.2,12/10/2020,112,.,.,dry,0,0,0,.,.,.,.
6,20,43,34,12/10/2020,112,3,.,dry,1,0,1,24.38,30.18,577.89,687.48
6,21,71,11.2,12/10/2020,112,.,.,dry,0,0,0,.,.,.,.
6,22,9,16,12/10/2020,112,53,.,dry,1,0,1,56.69,34.75,1547.17,1207.74
6,23,46,8,12/10/2020,112,.,.,dry,0,0,0,.,.,.,.
6,24,70,6,12/10/2020,112,41,.,dry,1,0,1,24.99,35.97,706.02,780.39
6,25,80,18,12/10/2020,112,46,.,dry,1,0,1,.,.,.,.
6,26,70,4,12/10/2020,112,52,.,dry,1,0,1,31.09,30.48,744.25,548.13
6,27,7,26,12/10/2020,112,80,.,dry,1,0,1,.,.,.,.
6,28,30,30,12/10/2020,112,58,.,dry,1,0,1,.,.,.,343.74
6,29,71,31,12/10/2020,112,18,.,dry,1,0,1,.,.,.,.
6,30,67,41,12/10/2020,112,.,.,dry,0,0,0,.,.,.,.
6,31,8,39,12/10/2020,112,66,.,dry,1,0,1,81.99,93.27,6006.11,5267.6
6,32,26,55,12/10/2020,112,28,.,dry,1,0,1,.,.,.,.
6,33,50,16,12/10/2020,112,.,.,dry,0,0,0,.,.,.,.
6,34,39,33,12/10/2020,112,25,.,dry,1,0,1,32.31,41.76,1059.61,1059.09
6,35,71,18,12/10/2020,112,80,.,dry,1,0,1,31.7,34.14,849.91,761.8
6,36,4,21,12/10/2020,112,76,.,dry,1,0,1,35.97,37.19,1050.42,845.42
6,37,79,7,12/10/2020,112,33,.,dry,1,0,1,.,.,.,.
6,38,69,11,12/10/2020,112,80,.,dry,1,0,1,49.68,65.53,2557.09,2266.83
6,39,8,16,12/10/2020,112,73,.,dry,1,0,1,.,.,.,.
6,40,72,35,12/10/2020,112,42,.,dry,1,0,1,.,.,.,.
6,41,70,9,12/10/2020,112,32,.,dry,1,0,1,37.8,23.47,696.68,631.74
6,42,6,16,12/10/2020,112,50,.,dry,1,0,1,.,.,.,.
6,43,45,25,12/10/2020,112,32,.,dry,1,0,1,29.26,34.44,791.53,836.13
6,44,82,4,12/10/2020,112,87,.,dry,1,0,1,.,.,.,390.19
6,45,30,43,12/10/2020,112,76,.,dry,1,0,1,.,.,.,436.64
6,46,11,36,12/10/2020,112,71,.,dry,1,0,1,.,.,.,445.93
6,47,4,7,12/10/2020,112,85,.,dry,1,0,1,35.05,24.69,679.68,687.48
6,48,11,26,12/10/2020,112,50,.,dry,1,0,1,.,.,.,.
6,49,43,32,12/10/2020,112,39,.,dry,1,0,1,.,.,.,288
6,50,1,43,12/10/2020,112,62,.,dry,1,0,1,.,.,.,.
6,51,34,38,12/10/2020,112,70,.,dry,1,0,1,.,.,.,.
6,52,36,12,12/10/2020,112,.,.,dry,0,0,0,.,.,.,.
6,53,26,63,12/10/2020,112,53,.,dry,1,0,1,27.74,33.22,723.75,706.06
6,54,1,24,12/10/2020,112,36,.,dry,1,0,1,.,.,.,399.48
6,55,71,28,12/10/2020,112,83,.,dry,1,0,1,31.7,34.44,857.49,696.77
6,56,79,2,12/10/2020,112,28,.,dry,1,0,1,43.89,38.71,1334.4,1142.71
6,57,26,47,12/10/2020,112,38,.,dry,1,0,1,.,.,.,278.71
6,58,7,31,12/10/2020,112,103,.,dry,1,0,1,.,.,.,.
6,59,30,40,12/10/2020,112,78,.,dry,1,0,1,.,.,.,380.9
6,60,11,20,12/10/2020,112,53,.,dry,1,0,1,37.8,35.97,1067.64,910.45
6,61,50,6,12/10/2020,112,.,.,dry,0,0,0,.,.,.,.
6,62,11,25,12/10/2020,112,77,.,dry,1,0,1,47.85,43.28,1626.7,1867.35
6,63,60,4,12/10/2020,112,70,57,dry,1,1,2,32.31,38.71,982.27,882.58
6,64,65,15,12/10/2020,112,31,.,dry,1,0,1,47.85,34.14,1283.03,1328.51
6,65,60,16,12/10/2020,112,62,.,dry,1,0,1,20.73,32.31,525.94,548.13
6,66,39,12,12/10/2020,112,23,.,dry,1,0,1,32,41.45,1041.95,1003.35
6,67,6,4,12/10/2020,112,60,.,dry,1,0,1,.,.,.,.
6,68,8,13,12/10/2020,112,80,.,dry,1,0,1,.,.,.,.
6,69,11,41,12/10/2020,112,68,.,dry,1,0,1,55.47,38.4,1673.25,1607.22
6,70,40,8,12/10/2020,112,18,.,dry,1,0,1,28.96,24.69,561.47,566.71
6,71,66,1,12/10/2020,112,70,.,dry,1,0,1,36.58,32.92,945.64,789.68
6,72,36,8,12/10/2020,112,64,.,dry,1,0,1,39.93,37.19,1166.14,1152
6,73,26,52,12/10/2020,112,49,.,dry,1,0,1,.,.,.,.
6,74,8,40,12/10/2020,112,81,.,dry,1,0,1,34.44,21.34,577.16,557.42
6,75,11,35,12/10/2020,112,50,.,dry,1,0,1,43.89,24.08,830.06,826.84
6,76,49,1,12/10/2020,112,.,.,dry,0,0,0,.,.,.,.
6,77,72,49,12/10/2020,112,47,.,dry,1,0,1,.,.,.,260.13
6,78,1,42,12/10/2020,112,95,.,dry,1,0,1,.,.,.,.
6,79,81,12,12/10/2020,112,40,.,dry,1,0,1,.,.,.,371.61
6,80,11,33,12/10/2020,112,50,.,dry,1,0,1,.,.,.,157.94
6,81,7,28,12/10/2020,112,60,.,dry,1,0,1,.,.,.,.
6,82,71,40,12/10/2020,112,53,.,dry,1,0,1,.,.,.,.
6,83,60,30,12/10/2020,112,51,.,dry,1,0,1,.,.,.,232.26
6,84,6,27,12/10/2020,112,67,.,dry,1,0,1,.,.,.,.
6,85,11,44,12/10/2020,112,73,.,dry,1,0,1,60.35,30.48,1444.72,1532.9
6,86,30,37,12/10/2020,112,75,.,dry,1,0,1,24.69,36.27,703.32,854.71
6,87,66,24,12/10/2020,112,73,.,dry,1,0,1,42.37,39.01,1298.21,1458.58
6,88,40,2,12/10/2020,112,30,.,dry,1,0,1,.,.,.,.
6,89,1,35,12/10/2020,112,60,.,dry,1,0,1,48.77,41.45,1587.74,1374.96
6,90,26,57,12/10/2020,112,42,.,dry,1,0,1,.,.,.,.
6,91,71,29,12/10/2020,112,70,.,dry,1,0,1,.,.,.,297.29
6,92,66,4,12/10/2020,112,81,.,dry,1,0,1,.,.,.,297.29
6,93,6,20,12/10/2020,112,.,.,dry,0,0,0,.,.,.,.
6,94,43,33,12/10/2020,112,31,.,dry,1,0,1,29.57,21.95,509.59,576
6,95,9,22,12/10/2020,112,34,.,dry,1,0,1,33.22,22.56,588.54,529.55
6,96,34,48,12/10/2020,112,36,.,dry,1,0,1,.,.,.,.
6,97,8,14,12/10/2020,112,25,82,dry,1,1,2,.,.,.,.
6,98,82,2,12/10/2020,112,103,.,dry,1,0,1,45.11,31.39,1112.29,1077.68
6,99,50,14,12/10/2020,112,.,.,dry,0,0,0,.,.,.,.
6,100,69,30,12/10/2020,112,50,.,dry,1,0,1,69.49,45.11,2462.16,2155.35
6,101,4,10,12/10/2020,112,73,.,dry,1,0,1,54.25,37.49,1597.51,1347.09
6,102,6,2,12/10/2020,112,76,.,dry,1,0,1,.,.,.,.
6,103,46,10,12/10/2020,112,34,.,dry,1,0,1,.,.,.,.
6,104,7,30,12/10/2020,112,.,.,dry,0,0,0,.,.,.,.
6,105,43,47,12/10/2020,112,56,.,dry,1,0,1,36.27,35.36,1007.22,994.06
6,106,4,14,12/10/2020,112,75,.,dry,1,0,1,32.31,41.45,1051.88,1570.06
6,107,30,57,12/10/2020,112,54,.,dry,1,0,1,33.22,38.1,994.16,594.58
6,108,40,1,12/10/2020,112,.,.,dry,0,0,0,.,.,.,.
6,109,45,30,12/10/2020,112,.,.,dry,0,0,0,.,.,.,.
6,110,9,10,12/10/2020,112,58,.,dry,1,0,1,10.36,23.16,188.54,520.26
6,111,6,17,12/10/2020,112,.,.,dry,0,0,0,.,.,.,.
6,112,8,24,12/10/2020,112,60,.,dry,1,0,1,.,.,.,380.9
6,113,4,43,12/10/2020,112,82,.,dry,1,0,1,.,.,.,.
6,114,1,47,12/10/2020,112,78,.,dry,1,0,1,51.82,48.77,1984.67,1950.96
6,115,6,30,12/10/2020,112,82,.,dry,1,0,1,39.93,49.38,1548.48,1793.03
1,1,80,30,3/11/2021,203,29.5,.,hot,1,0,1,.,.,.,.
1,2,69,3,3/11/2021,203,69,.,hot,1,0,1,.,.,.,.
1,3,80,47,3/11/2021,203,44.7,.,hot,1,0,1,.,.,.,.
1,4,49,42,3/11/2021,203,51,.,hot,1,0,1,.,.,.,.
1,6,80,2,3/11/2021,203,66,52,hot,1,1,2,.,.,.,.
1,7,69,26,3/11/2021,203,88,.,hot,1,0,1,.,.,.,.
1,8,65,30,3/11/2021,203,.,.,hot,0,0,0,.,.,.,.
1,9,49,39,3/11/2021,203,74.8,74,hot,1,1,2,66.14,53.95,2802.55,2601.29
1,10,80,14,3/11/2021,203,47,.,hot,1,0,1,.,.,.,.
1,11,69,28,3/11/2021,203,76,.,hot,1,0,1,.,.,.,.
1,12,69,39,3/11/2021,203,57,.,hot,1,0,1,.,.,.,.
1,13,50,30,3/11/2021,203,.,.,hot,0,0,0,.,.,.,.
1,14,30,34,3/11/2021,203,101,67,hot,1,1,2,46.63,55.78,2042.97,1765.16
1,15,80,49,3/11/2021,203,.,.,hot,0,0,0,.,.,.,.
1,16,66,2,3/11/2021,203,70,.,hot,1,0,1,.,.,.,.
1,17,69,35,3/11/2021,203,53,.,hot,1,0,1,.,.,.,.
1,18,69,23,3/11/2021,203,70,.,hot,1,0,1,.,.,.,.
1,19,69,10,3/11/2021,203,.,.,hot,0,0,0,.,.,.,.
1,20,71,8,3/11/2021,203,52.5,.,hot,1,0,1,21.34,18.9,316.67,278.71
1,21,49,17,3/11/2021,203,.,.,hot,0,0,0,.,.,.,.
1,22,39,7,3/11/2021,203,.,.,hot,0,0,0,.,.,.,.
1,23,65,40,3/11/2021,203,51,41,hot,1,1,2,35.05,36.88,1015.32,798.97
1,24,45,31,3/11/2021,203,.,.,hot,0,0,0,.,.,.,.
1,25,45,18.1,3/11/2021,203,46,.,hot,1,0,1,40.84,38.4,1231.96,901.16
1,26,67,27,3/11/2021,203,.,.,hot,0,0,0,.,.,.,.
1,27,45,4,3/11/2021,203,59,.,hot,1,0,1,.,.,.,.
1,28,49,36,3/11/2021,203,50.5,.,hot,1,0,1,.,.,.,.
1,29,49,30,3/11/2021,203,.,.,hot,0,0,0,.,.,.,.
1,30,65,11,3/11/2021,203,31,.,hot,1,0,1,30.18,22.56,534.55,566.71
1,31,45,19,3/11/2021,203,46,.,hot,1,0,1,35.66,39.93,1118.35,966.19
1,32,49,18,3/11/2021,203,36.5,.,hot,1,0,1,.,.,.,.
1,33,69,45,3/11/2021,203,79,.,hot,1,0,1,25.3,23.16,460.27,408.77
1,34,45,24,3/11/2021,203,87,.,hot,1,0,1,34.44,44.2,1195.55,938.32
1,35,80,46,3/11/2021,203,29.5,.,hot,1,0,1,.,.,.,.
1,36,45,39,3/11/2021,203,.,.,hot,0,0,0,.,.,.,.
1,37,67,42,3/11/2021,203,.,.,hot,0,0,0,.,.,.,.
1,38,45,5,3/11/2021,203,.,.,hot,0,0,0,.,.,.,.
1,39,80,28,3/11/2021,203,.,.,hot,0,0,0,.,.,.,.
1,40,67,30,3/11/2021,203,.,.,hot,0,0,0,.,.,.,.
1,41,69,5,3/11/2021,203,61,.,hot,1,0,1,.,.,.,.
1,42,45,28,3/11/2021,203,.,.,hot,0,0,0,.,.,.,.
1,43,45,41,3/11/2021,203,65,.,hot,1,0,1,46.02,52.73,1906.09,1384.26
1,44,72,26,3/11/2021,203,49,.,hot,1,0,1,.,.,.,.
1,45,69,8,3/11/2021,203,71,.,hot,1,0,1,68.58,57.61,3102.87,2229.67
1,46,45,2,3/11/2021,203,67,28,hot,1,1,2,42.98,38.1,1286.02,1124.13
1,47,67,14,3/11/2021,203,.,.,hot,0,0,0,.,.,.,.
1,48,49,19,3/11/2021,203,54,41,hot,1,1,2,49.38,50.29,1950.38,1486.45
1,49,82,19,3/11/2021,203,106,.,hot,1,0,1,41.45,29.26,952.64,947.61
1,50,65,1,3/11/2021,203,.,.,hot,0,0,0,.,.,.,.
1,51,49,14,3/11/2021,203,.,.,hot,0,0,0,.,.,.,.
1,52,80,27,3/11/2021,203,41,.,hot,1,0,1,.,.,.,.
1,53,49,35,3/11/2021,203,46,.,hot,1,0,1,.,.,.,.
1,54,49,29.1,3/11/2021,203,46,.,hot,1,0,1,.,.,.,.
1,55,67,38,3/11/2021,203,.,.,hot,0,0,0,.,.,.,.
1,56,49,12,3/11/2021,203,50,.,hot,1,0,1,.,.,.,.
1,57,80,7,3/11/2021,203,58,.,hot,1,0,1,34.44,33.53,906.97,845.42
1,58,45,47,3/11/2021,203,.,.,hot,0,0,0,.,.,.,.
1,59,60,14,3/11/2021,203,.,.,hot,0,0,0,.,.,.,.
1,60,49,20,3/11/2021,203,45,.,hot,1,0,1,40.54,47.85,1523.6,1133.42
1,61,7,14,3/11/2021,203,118,.,hot,1,0,1,.,.,.,.
1,62,45,36,3/11/2021,203,.,.,hot,0,0,0,.,.,.,.
1,63,49,3,3/11/2021,203,57,.,hot,1,0,1,37.49,24.38,717.98,798.97
1,64,66,37,3/11/2021,203,74,.,hot,1,0,1,.,.,.,.
1,65,80,24,3/11/2021,203,.,.,hot,0,0,0,.,.,.,.
1,66,82,21,3/11/2021,203,104,.,hot,1,0,1,54.56,35.36,1515.06,1449.29
1,67,30,32,3/11/2021,203,60,.,hot,1,0,1,.,.,.,.
1,68,49,8,3/11/2021,203,34,.,hot,1,0,1,.,.,.,.
1,69,80,3,3/11/2021,203,47,.,hot,1,0,1,.,.,.,.
1,70,11,23,3/11/2021,203,.,.,hot,0,0,0,.,.,.,.
1,71,71,10,3/11/2021,203,.,.,hot,0,0,0,.,.,.,.
1,72,79,6,3/11/2021,203,.,.,hot,0,0,0,.,.,.,.
1,73,69,27,3/11/2021,203,40,.,hot,1,0,1,.,.,.,.
1,74,80,13,3/11/2021,203,45,.,hot,1,0,1,.,.,.,.
1,75,34,8,3/11/2021,203,54,.,hot,1,0,1,.,.,.,.
1,76,39,36,3/11/2021,203,.,.,hot,0,0,0,.,.,.,.
1,77,34,25,3/11/2021,203,38,.,hot,1,0,1,.,.,.,.
1,78,80,38,3/11/2021,203,54,.,hot,1,0,1,.,.,.,.
1,79,80,26,3/11/2021,203,47,.,hot,1,0,1,.,.,.,.
1,80,71,27,3/11/2021,203,.,.,hot,0,0,0,.,.,.,.
1,81,6,3,3/11/2021,203,.,.,hot,0,0,0,.,.,.,.
1,82,49,40,3/11/2021,203,.,.,hot,0,0,0,.,.,.,.
1,83,11,32,3/11/2021,203,40,.,hot,1,0,1,.,.,.,.
1,84,45,34,3/11/2021,203,.,.,hot,0,0,0,.,.,.,.
1,85,69,7,3/11/2021,203,63,.,hot,1,0,1,.,.,.,.
1,86,6,10,3/11/2021,203,97,.,hot,1,0,1,.,.,.,.
1,87,65,35,3/11/2021,203,36,.,hot,1,0,1,.,.,.,.
1,88,45,48,3/11/2021,203,.,.,hot,0,0,0,.,.,.,.
1,89,70,25,3/11/2021,203,33,.,hot,1,0,1,.,.,.,.
1,90,9,18,3/11/2021,203,.,.,hot,0,0,0,.,.,.,.
1,91,36,40,3/11/2021,203,.,.,hot,0,0,0,.,.,.,.
1,92,60,2,3/11/2021,203,.,.,hot,0,0,0,.,.,.,.
1,93,66,9,3/11/2021,203,.,.,hot,0,0,0,.,.,.,.
1,94,36,38,3/11/2021,203,.,.,hot,0,0,0,.,.,.,.
1,95,71,21,3/11/2021,203,.,.,hot,0,0,0,.,.,.,.
1,96,45,23,3/11/2021,203,.,.,hot,0,0,0,.,.,.,.
1,97,60,42,3/11/2021,203,71,.,hot,1,0,1,.,.,.,.
1,98,67,4,3/11/2021,203,.,.,hot,0,0,0,.,.,.,.
1,99,36,1,3/11/2021,203,39,.,hot,1,0,1,.,.,.,.
1,100,69,17,3/11/2021,203,.,.,hot,0,0,0,.,.,.,.
1,101,80,41,3/11/2021,203,52,.,hot,1,0,1,.,.,.,.
1,102,43,12,3/11/2021,203,54,.,hot,1,0,1,.,.,.,.
1,103,60,43,3/11/2021,203,.,.,hot,0,0,0,.,.,.,.
1,104,6,5,3/11/2021,203,.,.,hot,0,0,0,.,.,.,.
1,105,80,32,3/11/2021,203,46,.,hot,1,0,1,.,.,.,.
1,106,69,4,3/11/2021,203,52,.,hot,1,0,1,.,.,.,.
1,107,65,50,3/11/2021,203,.,.,hot,0,0,0,.,.,.,.
1,108,80,50,3/11/2021,203,61,.,hot,1,0,1,.,.,.,.
1,109,11,46,3/11/2021,203,67,.,hot,1,0,1,.,.,.,.
1,110,6,29,3/11/2021,203,.,.,hot,0,0,0,.,.,.,.
1,111,26,61,3/11/2021,203,39,.,hot,1,0,1,.,.,.,.
1,112,66,25,3/11/2021,203,.,.,hot,0,0,0,.,.,.,.
1,113,1,22,3/11/2021,203,67,.,hot,1,0,1,.,.,.,.
1,114,60,37,3/11/2021,203,124,81,hot,1,1,2,94.18,52.43,3877.99,3892.64
1,115,4,26,3/11/2021,203,70,.,hot,1,0,1,.,.,.,.
1,116,50,3,3/11/2021,203,.,.,hot,0,0,0,.,.,.,.
1,117,7,2,3/11/2021,203,79,.,hot,1,0,1,.,.,.,.
1,118,6,7,3/11/2021,203,.,.,hot,0,0,0,.,.,.,.
1,119,11,1,3/11/2021,203,.,.,hot,0,0,0,.,.,.,.
1,120,69,14,3/11/2021,203,38,.,hot,1,0,1,.,.,.,.
1,121,82,5,3/11/2021,203,86,.,hot,1,0,1,.,.,.,.
1,122,11,42,3/11/2021,203,56,.,hot,1,0,1,.,.,.,.
1,123,7,39,3/11/2021,203,85,.,hot,1,0,1,.,.,.,.
1,124,69,22,3/11/2021,203,73,.,hot,1,0,1,.,.,.,.
1,125,1,20,3/11/2021,203,.,.,hot,0,0,0,.,.,.,.
1,126,45,6,3/11/2021,203,.,.,hot,0,0,0,.,.,.,.
1,127,6,8,3/11/2021,203,.,.,hot,0,0,0,.,.,.,.
1,128,82,22,3/11/2021,203,88,.,hot,1,0,1,33.83,30.78,818.02,761.8
1,129,49,11,3/11/2021,203,45,.,hot,1,0,1,.,.,.,.
1,130,7,43,3/11/2021,203,106,.,hot,1,0,1,.,.,.,.
1,131,80,25,3/11/2021,203,48,.,hot,1,0,1,.,.,.,.
1,132,50,11,3/11/2021,203,.,.,hot,0,0,0,.,.,.,.
1,133,66,19,3/11/2021,203,65,.,hot,1,0,1,.,.,.,.
1,134,72,47,3/11/2021,203,.,.,hot,0,0,0,.,.,.,.
1,135,71,11.1,3/11/2021,203,43,.,hot,1,0,1,.,.,.,.
1,136,67,31,3/11/2021,203,.,.,hot,0,0,0,.,.,.,.
1,137,11,6,3/11/2021,203,52,.,hot,1,0,1,.,.,.,.
1,138,80,23,3/11/2021,203,34,.,hot,1,0,1,.,.,.,.
1,139,45,32,3/11/2021,203,63,.,hot,1,0,1,.,.,.,.
1,140,65,19,3/11/2021,203,37,.,hot,1,0,1,.,.,.,.
1,141,69,32,3/11/2021,203,.,.,hot,0,0,0,.,.,.,.
1,142,80,45,3/11/2021,203,.,.,hot,0,0,0,.,.,.,.
1,143,45,3,3/11/2021,203,55,.,hot,1,0,1,.,.,.,436.64
1,144,69,6,3/11/2021,203,89,.,hot,1,0,1,.,.,.,.
1,145,69,18,3/11/2021,203,49,.,hot,1,0,1,.,.,.,380.9
1,146,45,1.1,3/11/2021,203,14.5,.,hot,1,0,1,.,.,.,297.29
1,147,65,28,3/11/2021,203,27,.,hot,1,0,1,.,.,.,.
1,148,49,25,3/11/2021,203,65,.,hot,1,0,1,.,.,.,.
1,149,66,18,3/11/2021,203,.,.,hot,0,0,0,.,.,.,.
1,150,69,42,3/11/2021,203,49,.,hot,1,0,1,.,.,.,.
1,151,49,50,3/11/2021,203,26.5,.,hot,1,0,1,.,.,.,.
1,152,82,29,3/11/2021,203,.,.,hot,0,0,0,.,.,.,.
1,153,82,28,3/11/2021,203,94,.,hot,1,0,1,43.59,36.27,1241.66,1096.26
1,154,69,49,3/11/2021,203,29,45,hot,1,1,2,30.48,17.98,430.5,529.55
1,155,49,26,3/11/2021,203,51,.,hot,1,0,1,.,.,.,.
1,156,69,46,3/11/2021,203,.,.,hot,0,0,0,.,.,.,.
1,157,45,44,3/11/2021,203,9,.,hot,1,0,1,.,.,.,.
1,158,49,27,3/11/2021,203,42.5,.,hot,1,0,1,.,.,.,.
1,159,66,17,3/11/2021,203,41,.,hot,1,0,1,.,.,.,.
1,160,66,29,3/11/2021,203,76,.,hot,1,0,1,.,.,.,.
1,161,69,2,3/11/2021,203,41,.,hot,1,0,1,.,.,.,.
1,162,69,29,3/11/2021,203,47,.,hot,1,0,1,.,.,.,.
1,163,45,38,3/11/2021,203,73,.,hot,1,0,1,.,.,.,.
1,164,49,15,3/11/2021,203,57,.,hot,1,0,1,36.27,35.36,1007.22,910.45
1,165,69,25,3/11/2021,203,.,.,hot,0,0,0,.,.,.,.
1,166,69,38,3/11/2021,203,.,.,hot,0,0,0,.,.,.,.
1,167,80,5.1,3/11/2021,203,57,.,hot,1,0,1,.,.,.,.
1,168,49,43,3/11/2021,203,.,.,hot,0,0,0,.,.,.,.
1,169,80,34,3/11/2021,203,34.5,.,hot,1,0,1,.,.,.,.
1,170,69,33,3/11/2021,203,27.5,.,hot,1,0,1,33.22,44.2,1153.23,1207.74
1,171,80,10.1,3/11/2021,203,.,.,hot,0,0,0,.,.,.,.
1,172,45,50,3/11/2021,203,76.5,.,hot,1,0,1,.,.,.,.
1,173,69,9,3/11/2021,203,.,.,hot,0,0,0,.,.,.,.
1,174,69,20,3/11/2021,203,31.5,.,hot,1,0,1,.,.,.,.
1,175,26,6,3/11/2021,203,34,.,hot,1,0,1,.,.,.,.
1,176,45,16,3/11/2021,203,.,.,hot,0,0,0,.,.,.,.
1,177,80,21,3/11/2021,203,31,.,hot,1,0,1,.,.,.,.
1,178,71,24,3/11/2021,203,.,.,hot,0,0,0,.,.,.,.
1,179,66,39,3/11/2021,203,77,.,hot,1,0,1,.,.,.,.
1,180,9,14,3/11/2021,203,39,.,hot,1,0,1,.,.,.,.
1,181,11,39,3/11/2021,203,38.3,.,hot,1,0,1,.,.,.,399.48
1,182,66,43,3/11/2021,203,79.5,.,hot,1,0,1,.,.,.,.
1,183,4,24,3/11/2021,203,85,.,hot,1,0,1,.,.,.,.
1,184,67,19,3/11/2021,203,.,.,hot,0,0,0,.,.,.,.
1,185,11,49,3/11/2021,203,56,.,hot,1,0,1,.,.,.,.
1,186,1,14,3/11/2021,203,.,.,hot,0,0,0,.,.,.,.
1,187,49,33,3/11/2021,203,50,.,hot,1,0,1,.,.,.,.
1,188,34,16,3/11/2021,203,.,.,hot,0,0,0,.,.,.,.
1,189,11,13,3/11/2021,203,71,.,hot,1,0,1,.,.,.,.
1,190,45,35,3/11/2021,203,.,.,hot,0,0,0,.,.,.,.
1,191,11,8,3/11/2021,203,.,.,hot,0,0,0,.,.,.,.
1,192,66,33,3/11/2021,203,91,.,hot,1,0,1,.,.,.,.
1,193,72,24,3/11/2021,203,59,.,hot,1,0,1,.,.,.,.
1,194,80,48,3/11/2021,203,40,.,hot,1,0,1,.,.,.,.
1,195,1,48,3/11/2021,203,.,.,hot,0,0,0,.,.,.,.
1,196,60,13,3/11/2021,203,95,91,hot,1,1,2,74.07,37.8,2198.61,2248.25
1,197,34,1,3/11/2021,203,34.5,.,hot,1,0,1,.,.,.,.
1,198,49,45,3/11/2021,203,37,.,hot,1,0,1,.,.,.,.
1,199,30,12,3/11/2021,203,62,.,hot,1,0,1,.,.,.,.
1,200,81,7,3/11/2021,203,30,.,hot,1,0,1,30.48,26.82,642.1,613.16
1,201,50,5,3/11/2021,203,.,.,hot,0,0,0,.,.,.,.
1,202,71,19,3/11/2021,203,.,.,hot,0,0,0,.,.,.,.
1,203,9,7,3/11/2021,203,40,.,hot,1,0,1,.,.,.,.
1,204,70,30,3/11/2021,203,50.5,.,hot,1,0,1,.,.,.,.
1,205,65,38,3/11/2021,203,30,.,hot,1,0,1,.,.,.,.
1,206,45,49,3/11/2021,203,.,.,hot,0,0,0,.,.,.,.
1,207,43,37,3/11/2021,203,95,103,hot,1,1,2,49.99,37.19,1459.9,1495.74
1,208,26,17,3/11/2021,203,53,.,hot,1,0,1,.,.,.,.
1,209,50,28,3/11/2021,203,.,.,hot,0,0,0,.,.,.,.
1,210,45,33,3/11/2021,203,.,.,hot,0,0,0,.,.,.,.
1,211,36,19,3/11/2021,203,48,.,hot,1,0,1,.,.,.,.
1,212,70,2,3/11/2021,203,.,.,hot,0,0,0,.,.,.,.
1,213,69,15,3/11/2021,203,83.5,.,hot,1,0,1,.,.,.,.
1,214,70,14,3/11/2021,203,41,.,hot,1,0,1,.,.,.,.
1,215,65,13,3/11/2021,203,29,.,hot,1,0,1,.,.,.,.
1,216,9,17,3/11/2021,203,73.5,52,hot,1,1,2,51.21,25.3,1017.44,1049.8
1,217,30,6,3/11/2021,203,60,.,hot,1,0,1,.,.,.,.
1,218,67,28,3/11/2021,203,26,.,hot,1,0,1,.,.,.,.
1,219,7,8,3/11/2021,203,91,.,hot,1,0,1,.,.,.,.
1,220,11,48,3/11/2021,203,45,.,hot,1,0,1,.,.,.,.
1,221,11,22,3/11/2021,203,60,.,hot,1,0,1,.,.,.,.
1,222,70,22,3/11/2021,203,.,.,hot,0,0,0,.,.,.,.
1,223,49,24,3/11/2021,203,58,33,hot,1,1,2,103.63,46.94,3820.49,3195.86
1,224,71,4,3/11/2021,203,43,.,hot,1,0,1,.,.,.,.
1,225,1,29,3/11/2021,203,35,.,hot,1,0,1,27.43,22.25,479.39,445.93
1,226,1,33,3/11/2021,203,73,29,hot,1,1,2,31.7,28.35,705.73,594.58
1,227,60,28,3/11/2021,203,83,63,hot,1,1,2,75.29,49.07,2901.63,2415.48
1,228,49,37,3/11/2021,203,49,.,hot,1,0,1,.,.,.,.
1,229,66,20,3/11/2021,203,86,.,hot,1,0,1,39.93,25.3,793.36,668.9
1,230,49,32,3/11/2021,203,44,.,hot,1,0,1,44.81,31.7,1115.5,1207.74
1,231,39,49,3/11/2021,203,.,.,hot,0,0,0,.,.,.,.
1,232,60,34,3/11/2021,203,100,76,hot,1,1,2,.,.,.,232.26
1,233,4,36,3/11/2021,203,84,.,hot,1,0,1,.,.,.,.
1,234,79,8,3/11/2021,203,32,25,hot,1,1,2,20.42,43.28,694.2,706.06
1,235,39,21,3/11/2021,203,.,.,hot,0,0,0,.,.,.,.
1,236,81,11,3/11/2021,203,54,50,hot,1,1,2,59.74,39.01,1830.57,1412.13
1,237,80,29,3/11/2021,203,26,.,hot,1,0,1,.,.,.,.
1,238,34,15,3/11/2021,203,37.5,.,hot,1,0,1,.,.,.,.
1,239,49,28,3/11/2021,203,42,36,hot,1,1,2,37.49,36.58,1076.98,715.35
1,240,34,26,3/11/2021,203,35,.,hot,1,0,1,.,.,.,.
1,241,4,6,3/11/2021,203,.,.,hot,0,0,0,.,.,.,.
1,242,46,7,3/11/2021,203,21,.,hot,1,0,1,.,.,.,.
1,243,39,40,3/11/2021,203,.,.,hot,0,0,0,.,.,.,.
1,244,43,4,3/11/2021,203,.,.,hot,0,0,0,.,.,.,.
1,245,4,29,3/11/2021,203,.,.,hot,0,0,0,.,.,.,.
1,246,79,10,3/11/2021,203,.,.,hot,0,0,0,.,.,.,.
1,247,49,46,3/11/2021,203,.,.,hot,0,0,0,.,.,.,.
1,248,49,38,3/11/2021,203,.,.,hot,0,0,0,.,.,.,.
1,249,49,22,3/11/2021,203,.,.,hot,0,0,0,.,.,.,.
1,250,81,21,3/11/2021,203,.,.,hot,0,0,0,.,.,.,.
1,251,80,22,3/11/2021,203,.,.,hot,0,0,0,.,.,.,.
1,252,45,8,3/11/2021,203,24,.,hot,1,0,1,38.4,28.65,864.21,826.84
1,253,67,39,3/11/2021,203,.,.,hot,0,0,0,.,.,.,.
1,254,80,4,3/11/2021,203,.,.,hot,0,0,0,.,.,.,.
1,255,49,21,3/11/2021,203,.,.,hot,0,0,0,.,.,.,.
1,256,80,33,3/11/2021,203,.,.,hot,0,0,0,.,.,.,.
1,257,67,35,3/11/2021,203,.,.,hot,0,0,0,.,.,.,.
1,258,80,39,3/11/2021,203,.,.,hot,0,0,0,.,.,.,.
1,259,80,36,3/11/2021,203,.,.,hot,0,0,0,.,.,.,.
1,260,45,9,3/11/2021,203,.,.,hot,0,0,0,.,.,.,.
1,261,36,46,3/11/2021,203,.,.,hot,0,0,0,.,.,.,.
1,262,45,27,3/11/2021,203,.,.,hot,0,0,0,.,.,.,.
1,263,49,16,3/11/2021,203,.,.,hot,0,0,0,.,.,.,.
1,264,80,44,3/11/2021,203,.,.,hot,0,0,0,.,.,.,.
1,265,80,40,3/11/2021,203,.,.,hot,0,0,0,.,.,.,.
1,266,66,27,3/11/2021,203,.,.,hot,0,0,0,.,.,.,.
1,267,49,41,3/11/2021,203,.,.,hot,0,0,0,.,.,.,.
1,268,66,12,3/11/2021,203,.,.,hot,0,0,0,.,.,.,.
1,269,69,41,3/11/2021,203,.,.,hot,0,0,0,.,.,.,.
1,270,45,45,3/11/2021,203,17,.,hot,1,0,1,.,.,.,.
1,271,69,40,3/11/2021,203,.,.,hot,0,0,0,.,.,.,.
1,272,80,6,3/11/2021,203,.,.,hot,0,0,0,.,.,.,.
1,273,34,3,3/11/2021,203,.,.,hot,0,0,0,.,.,.,.
1,274,60,19,3/11/2021,203,.,.,hot,0,0,0,.,.,.,.
1,275,80,43,3/11/2021,203,.,.,hot,0,0,0,.,.,.,.
1,276,39,28,3/11/2021,203,.,.,hot,0,0,0,.,.,.,.
1,277,72,22,3/11/2021,203,.,.,hot,0,0,0,.,.,.,.
1,278,60,21,3/11/2021,203,.,.,hot,0,0,0,.,.,.,.
1,279,67,13,3/11/2021,203,.,.,hot,0,0,0,.,.,.,.
1,280,40,3,3/11/2021,203,.,.,hot,0,0,0,.,.,.,.
1,281,49,34,3/11/2021,203,.,.,hot,0,0,0,.,.,.,.
1,282,39,3,3/11/2021,203,.,.,hot,0,0,0,.,.,.,.
1,283,1,10,3/11/2021,203,.,.,hot,0,0,0,.,.,.,.
1,284,26,26,3/11/2021,203,.,.,hot,0,0,0,.,.,.,.
1,285,26,20,3/11/2021,203,.,.,hot,0,0,0,.,.,.,.
1,286,43,40,3/11/2021,203,48,.,hot,1,0,1,.,.,.,.
1,287,36,3,3/11/2021,203,.,.,hot,0,0,0,.,.,.,.
1,288,65,10,3/11/2021,203,.,.,hot,0,0,0,.,.,.,.
1,289,81,4,3/11/2021,203,.,.,hot,0,0,0,.,.,.,.
1,290,7,11,3/11/2021,203,.,.,hot,0,0,0,.,.,.,.
2,1,36,15,3/11/2021,203,46,.,hot,1,0,1,.,.,.,.
2,2,36,16,3/11/2021,203,.,.,hot,0,0,0,.,.,.,.
2,3,43,1,3/11/2021,203,62,.,hot,1,0,1,.,.,.,.
2,4,43,43,3/11/2021,203,59,.,hot,1,0,1,.,.,.,.
2,5,40,10,3/11/2021,203,.,.,hot,0,0,0,.,.,.,.
2,6,69,19,3/11/2021,203,112,107,hot,1,1,2,41.76,34.44,1129.58,994.06
2,7,45,22,3/11/2021,203,.,.,hot,0,0,0,.,.,.,.
2,8,36,4,3/11/2021,203,55,114,hot,1,1,2,.,.,.,427.35
2,9,43,5,3/11/2021,203,.,.,hot,0,0,0,.,.,.,.
2,10,43,36,3/11/2021,203,73,.,hot,1,0,1,.,.,.,.
2,11,36,11,3/11/2021,203,38,.,hot,1,0,1,.,.,.,.
2,12,43,41,3/11/2021,203,55,.,hot,1,0,1,.,.,.,.
2,13,43,3,3/11/2021,203,77,.,hot,1,0,1,39.93,28.96,908.06,798.97
2,14,43,2,3/11/2021,203,68,.,hot,1,0,1,37.49,38.1,1121.85,966.19
2,15,82,12,3/11/2021,203,111,93,hot,1,1,2,66.14,35.36,1836.7,603.87
2,16,49,48,3/11/2021,203,31,.,hot,1,0,1,.,.,.,.
2,17,67,20,3/11/2021,203,.,.,hot,0,0,0,.,.,.,.
2,18,34,9,3/11/2021,203,.,.,hot,0,0,0,.,.,.,.
2,19,66,15,3/11/2021,203,68,.,hot,1,0,1,.,.,.,.
2,20,11,12,3/11/2021,203,104,.,hot,1,0,1,.,.,.,.
2,21,36,6,3/11/2021,203,50,.,hot,1,0,1,.,.,.,.
2,22,30,35,3/11/2021,203,69,.,hot,1,0,1,.,.,.,.
2,23,45,42,3/11/2021,203,.,.,hot,0,0,0,.,.,.,.
2,24,8,42,3/11/2021,203,44,.,hot,1,0,1,.,.,.,.
2,25,8,23,3/11/2021,203,.,.,hot,0,0,0,.,.,.,.
2,26,66,23,3/11/2021,203,.,.,hot,0,0,0,.,.,.,.
2,27,11,50,3/11/2021,203,60,.,hot,1,0,1,.,.,.,.
2,28,66,41,3/11/2021,203,64,.,hot,1,0,1,.,.,.,.
2,29,34,21,3/11/2021,203,36,.,hot,1,0,1,.,.,.,.
2,30,82,11,3/11/2021,203,151,129,hot,1,1,2,72.85,78.94,4516.66,4041.28
2,31,30,26,3/11/2021,203,39,.,hot,1,0,1,.,.,.,306.58
2,32,69,34,3/11/2021,203,35,.,hot,1,0,1,.,.,.,.
2,33,66,14,3/11/2021,203,56,.,hot,1,0,1,.,.,.,.
2,34,82,20,3/11/2021,203,129,.,hot,1,0,1,60.66,46.33,2207.07,2118.19
2,35,11,28,3/11/2021,203,66,.,hot,1,0,1,.,.,.,.
2,36,8,22,3/11/2021,203,65,59,hot,1,1,2,.,.,.,390.19
2,37,26,16,3/11/2021,203,33,.,hot,1,0,1,.,.,.,.
2,38,67,8,3/11/2021,203,.,.,hot,0,0,0,.,.,.,.
2,39,72,43,3/11/2021,203,55,.,hot,1,0,1,.,.,.,.
2,40,79,5,3/11/2021,203,15,.,hot,1,0,1,.,.,.,.
2,41,11,40,3/11/2021,203,37,.,hot,1,0,1,.,.,.,.
2,42,39,18,3/11/2021,203,24,.,hot,1,0,1,.,.,.,.
2,43,30,17,3/11/2021,203,61,.,hot,1,0,1,.,.,.,.
2,44,71,36,3/11/2021,203,75,.,hot,1,0,1,.,.,.,.
2,45,81,8,3/11/2021,203,31,.,hot,1,0,1,.,.,.,.
2,46,9,6,3/11/2021,203,78,.,hot,1,0,1,.,.,.,.
2,47,4,12,3/11/2021,203,77,.,hot,1,0,1,.,.,.,.
2,48,1,12,3/11/2021,203,.,.,hot,0,0,0,.,.,.,.
2,49,6,23,3/11/2021,203,87,.,hot,1,0,1,.,.,.,.
2,50,69,37,3/11/2021,203,45,.,hot,1,0,1,.,.,.,.
2,51,7,45,3/11/2021,203,.,.,hot,0,0,0,.,.,.,.
2,52,80,17,3/11/2021,203,49,.,hot,1,0,1,.,.,.,.
2,53,71,30,3/11/2021,203,.,.,hot,0,0,0,.,.,.,.
2,54,50,9,3/11/2021,203,.,.,hot,0,0,0,.,.,.,.
2,55,6,21,3/11/2021,203,25,.,hot,1,0,1,.,.,.,.
2,56,81,9,3/11/2021,203,.,.,hot,0,0,0,.,.,.,.
2,57,34,4,3/11/2021,203,50,.,hot,1,0,1,.,.,.,.
2,58,1,9,3/11/2021,203,34,.,hot,1,0,1,.,.,.,.
2,59,6,24,3/11/2021,203,.,.,hot,0,0,0,.,.,.,.
2,60,45,21,3/11/2021,203,.,.,hot,0,0,0,.,.,.,.
2,61,69,36,3/11/2021,203,70,.,hot,1,0,1,.,.,.,.
2,62,65,24,3/11/2021,203,.,.,hot,0,0,0,.,.,.,.
2,63,50,19,3/11/2021,203,.,.,hot,0,0,0,.,.,.,.
2,64,11,7,3/11/2021,203,.,.,hot,0,0,0,.,.,.,.
2,65,45,14,3/11/2021,203,.,.,hot,0,0,0,.,.,.,.
2,66,9,28,3/11/2021,203,.,.,hot,0,0,0,.,.,.,.
2,67,82,1,3/11/2021,203,.,.,hot,0,0,0,.,.,.,.
2,68,80,1,3/11/2021,203,36,.,hot,1,0,1,.,.,.,.
2,69,34,40,3/11/2021,203,29,.,hot,1,0,1,.,.,.,.
2,70,69,48,3/11/2021,203,38,.,hot,1,0,1,.,.,.,.
2,71,30,9,3/11/2021,203,69,.,hot,1,0,1,.,.,.,.
2,72,72,27,3/11/2021,203,.,.,hot,0,0,0,.,.,.,.
2,73,11,18,3/11/2021,203,55,.,hot,1,0,1,.,.,.,.
2,74,26,15,3/11/2021,203,41,.,hot,1,0,1,.,.,.,.
2,75,26,3,3/11/2021,203,30,.,hot,1,0,1,.,.,.,.
2,76,8,41,3/11/2021,203,.,.,hot,0,0,0,.,.,.,.
2,77,7,33,3/11/2021,203,102,.,hot,1,0,1,.,.,.,.
2,78,30,18,3/11/2021,203,60,.,hot,1,0,1,.,.,.,.
2,79,8,6,3/11/2021,203,52,.,hot,1,0,1,.,.,.,390.19
2,80,8,19,3/11/2021,203,.,.,hot,0,0,0,.,.,.,.
2,81,9,24,3/11/2021,203,.,.,hot,0,0,0,.,.,.,.
2,82,39,4,3/11/2021,203,17,.,hot,1,0,1,.,.,.,.
2,83,6,28,3/11/2021,203,96,.,hot,1,0,1,32.61,24.38,624.59,603.87
2,84,67,10,3/11/2021,203,.,.,hot,0,0,0,.,.,.,.
2,85,80,11,3/11/2021,203,43,.,hot,1,0,1,.,.,.,.
2,86,26,49,3/11/2021,203,39,.,hot,1,0,1,.,.,.,.
2,87,72,2,3/11/2021,203,60,.,hot,1,0,1,.,.,.,.
2,88,9,2,3/11/2021,203,.,.,hot,0,0,0,.,.,.,.
2,89,72,7,3/11/2021,203,42,.,hot,1,0,1,.,.,.,.
2,90,71,1,3/11/2021,203,.,.,hot,0,0,0,.,.,.,.
2,91,70,3,3/11/2021,203,41,.,hot,1,0,1,.,.,.,.
2,92,7,22,3/11/2021,203,.,.,hot,0,0,0,.,.,.,.
2,93,72,21,3/11/2021,203,50,.,hot,1,0,1,.,.,.,.
2,94,34,39,3/11/2021,203,38,.,hot,1,0,1,.,.,.,.
2,95,7,32,3/11/2021,203,95,.,hot,1,0,1,.,.,.,.
2,96,70,27,3/11/2021,203,15,.,hot,1,0,1,.,.,.,.
2,97,81,17,3/11/2021,203,35,.,hot,1,0,1,.,.,.,390.19
2,98,49,10,3/11/2021,203,42,.,hot,1,0,1,.,.,.,.
2,99,67,16,3/11/2021,203,.,.,hot,0,0,0,.,.,.,.
2,100,39,17,3/11/2021,203,.,.,hot,0,0,0,.,.,.,.
2,101,39,1,3/11/2021,203,.,.,hot,0,0,0,.,.,.,.
2,102,1,13,3/11/2021,203,.,.,hot,0,0,0,.,.,.,.
2,103,50,4,3/11/2021,203,.,.,hot,0,0,0,.,.,.,.
2,104,70,24,3/11/2021,203,.,.,hot,0,0,0,.,.,.,.
2,105,69,12,3/11/2021,203,53,.,hot,1,0,1,.,.,.,.
2,106,11,37,3/11/2021,203,10,.,hot,1,0,1,.,.,.,.
2,107,1,1,3/11/2021,203,.,.,hot,0,0,0,.,.,.,.
2,108,1,17,3/11/2021,203,.,.,hot,0,0,0,.,.,.,.
2,109,4,13.1,3/11/2021,203,62,.,hot,1,0,1,.,.,.,.
2,110,71,9,3/11/2021,203,.,.,hot,0,0,0,.,.,.,.
2,111,8,34,3/11/2021,203,56,.,hot,1,0,1,.,.,.,.
2,112,60,23,3/11/2021,203,.,.,hot,0,0,0,.,.,.,.
2,113,26,7,3/11/2021,203,40,.,hot,1,0,1,.,.,.,.
2,114,39,44,3/11/2021,203,24,.,hot,1,0,1,.,.,.,.
2,115,65,18,3/11/2021,203,.,.,hot,0,0,0,.,.,.,.
2,116,66,21,3/11/2021,203,55,.,hot,1,0,1,.,.,.,.
2,117,26,2,3/11/2021,203,29,.,hot,1,0,1,35.97,27.74,783.51,836.13
2,118,71,23,3/11/2021,203,.,.,hot,0,0,0,.,.,.,.
2,119,71,20,3/11/2021,203,.,.,hot,0,0,0,.,.,.,.
2,120,39,27,3/11/2021,203,.,.,hot,0,0,0,.,.,.,.
2,121,67,46,3/11/2021,203,.,.,hot,0,0,0,.,.,.,.
2,122,30,25,3/11/2021,203,.,.,hot,0,0,0,.,.,.,.
2,123,65,6,3/11/2021,203,27,30,hot,1,1,2,48.16,28.04,1060.63,1049.8
2,124,30,42,3/11/2021,203,75,.,hot,1,0,1,27.43,23.77,512.22,464.52
2,125,36,37,3/11/2021,203,35,.,hot,1,0,1,.,.,.,.
2,126,60,47,3/11/2021,203,.,.,hot,0,0,0,.,.,.,.
2,127,7,21,3/11/2021,203,77,.,hot,1,0,1,.,.,.,.
2,128,30,27,3/11/2021,203,74,.,hot,1,0,1,41.15,41.45,1339.65,1161.29
2,129,43,29,3/11/2021,203,74,.,hot,1,0,1,.,.,.,.
2,130,4,18,3/11/2021,203,92,.,hot,1,0,1,.,.,.,.
2,131,4,8,3/11/2021,203,57,.,hot,1,0,1,.,.,.,.
2,132,60,48,3/11/2021,203,88,.,hot,1,0,1,79.55,36.27,2266.25,2090.32
2,133,11,15,3/11/2021,203,57,.,hot,1,0,1,.,.,.,.
2,134,30,21,3/11/2021,203,70,.,hot,1,0,1,28.04,25.91,570.59,529.55
2,135,26,53,3/11/2021,203,.,.,hot,0,0,0,.,.,.,.
2,136,72,12,3/11/2021,203,29,.,hot,1,0,1,.,.,.,.
2,137,65,22,3/11/2021,203,16,.,hot,1,0,1,32.92,22.56,583.14,557.42
2,138,7,1,3/11/2021,203,.,.,hot,0,0,0,.,.,.,.
2,139,49,5,3/11/2021,203,.,.,hot,0,0,0,.,.,.,.
2,140,6,26,3/11/2021,203,.,.,hot,0,0,0,.,.,.,.
2,141,1,16.1,3/11/2021,203,.,.,hot,0,0,0,.,.,.,.
2,142,60,6,3/11/2021,203,.,.,hot,0,0,0,.,.,.,.
2,143,43,46,3/11/2021,203,.,.,hot,0,0,0,.,.,.,.
2,144,67,2,3/11/2021,203,.,.,hot,0,0,0,.,.,.,.
2,145,7,29,3/11/2021,203,89,.,hot,1,0,1,.,.,.,.
2,146,72,17,3/11/2021,203,.,.,hot,0,0,0,.,.,.,.
2,147,67,45,3/11/2021,203,.,.,hot,0,0,0,.,.,.,.
2,148,39,6,3/11/2021,203,.,.,hot,0,0,0,.,.,.,.
2,149,39,19,3/11/2021,203,.,.,hot,0,0,0,.,.,.,.
2,150,34,23,3/11/2021,203,34,.,hot,1,0,1,.,.,.,.
2,151,1,15,3/11/2021,203,.,.,hot,0,0,0,.,.,.,.
2,152,43,49,3/11/2021,203,79,.,hot,1,0,1,.,.,.,.
2,153,6,22,3/11/2021,203,.,.,hot,0,0,0,.,.,.,.
2,154,81,5,3/11/2021,203,53,41,hot,1,1,2,48.16,42.67,1614.01,1560.77
2,155,8,47,3/11/2021,203,50,43,hot,1,1,2,.,.,.,362.32
2,156,26,5,3/11/2021,203,.,.,hot,0,0,0,.,.,.,.
2,157,60,5,3/11/2021,203,.,.,hot,0,0,0,.,.,.,.
2,158,7,24,3/11/2021,203,88,.,hot,1,0,1,.,.,.,.
2,159,4,1,3/11/2021,203,.,.,hot,0,0,0,.,.,.,.
2,160,65,4,3/11/2021,203,.,.,hot,0,0,0,.,.,.,.
2,161,66,22,3/11/2021,203,80,.,hot,1,0,1,45.11,25.6,907.11,966.19
2,162,70,16,3/11/2021,203,48,.,hot,1,0,1,.,.,.,.
2,163,30,19,3/11/2021,203,61,.,hot,1,0,1,39.32,32.31,997.74,901.16
2,164,49,9,3/11/2021,203,56,.,hot,1,0,1,32.31,20.73,525.94,557.42
2,165,4,16,3/11/2021,203,81,.,hot,1,0,1,.,.,.,.
2,166,36,7,3/11/2021,203,41,.,hot,1,0,1,.,.,.,.
2,167,60,35,3/11/2021,203,.,.,hot,0,0,0,.,.,.,.
2,168,4,15,3/11/2021,203,74,.,hot,1,0,1,.,.,.,.
2,169,82,10,3/11/2021,203,76,.,hot,1,0,1,40.23,31.09,982.41,1049.8
2,170,71,2,3/11/2021,203,.,.,hot,0,0,0,.,.,.,.
2,171,49,2,3/11/2021,203,52,.,hot,1,0,1,.,.,.,.
2,172,50,20,3/11/2021,203,.,.,hot,0,0,0,.,.,.,.
2,173,8,17,3/11/2021,203,66,.,hot,1,0,1,.,.,.,222.97
2,174,72,6,3/11/2021,203,38,.,hot,1,0,1,.,.,.,.
2,175,72,18,3/11/2021,203,.,.,hot,0,0,0,.,.,.,.
2,176,67,1,3/11/2021,203,.,.,hot,0,0,0,.,.,.,.
2,177,8,28,3/11/2021,203,60,.,hot,1,0,1,.,.,.,.
2,178,60,7,3/11/2021,203,.,.,hot,0,0,0,.,.,.,.
2,179,50,23,3/11/2021,203,.,.,hot,0,0,0,.,.,.,.
2,180,7,23,3/11/2021,203,80,.,hot,1,0,1,.,.,.,.
2,181,4,9,3/11/2021,203,84,.,hot,1,0,1,.,.,.,.
2,182,26,24,3/11/2021,203,44,.,hot,1,0,1,.,.,.,371.61
2,183,67,15,3/11/2021,203,.,.,hot,0,0,0,.,.,.,.
2,184,1,19,3/11/2021,203,37,14,hot,1,1,2,29.57,27.13,629.91,650.32
2,185,9,21,3/11/2021,203,32,21,hot,1,1,2,64.62,36.27,1840.78,1458.58
2,186,71,34,3/11/2021,203,.,.,hot,0,0,0,.,.,.,.
2,187,67,22,3/11/2021,203,.,.,hot,0,0,0,.,.,.,.
2,188,67,33,3/11/2021,203,.,.,hot,0,0,0,.,.,.,.
2,189,65,12.1,3/11/2021,203,23,17,hot,1,1,2,49.07,37.19,1433.2,1059.09
2,190,1,7,3/11/2021,203,.,.,hot,0,0,0,.,.,.,.
2,191,4,2,3/11/2021,203,71,.,hot,1,0,1,.,.,.,.
2,192,6,18,3/11/2021,203,95,.,hot,1,0,1,.,.,.,.
2,193,40,9,3/11/2021,203,.,.,hot,0,0,0,.,.,.,.
2,194,6,19,3/11/2021,203,150,.,hot,1,0,1,.,.,.,.
2,195,46,3,3/11/2021,203,.,.,hot,0,0,0,.,.,.,.
2,196,65,5,3/11/2021,203,.,.,hot,0,0,0,.,.,.,.
2,197,26,25,3/11/2021,203,76,36,hot,1,1,2,50.6,48.77,1937.97,1774.45
2,198,65,3,3/11/2021,203,28,.,hot,1,0,1,.,.,.,.
2,199,60,10,3/11/2021,203,.,.,hot,0,0,0,.,.,.,.
2,200,66,6,3/11/2021,203,75,.,hot,1,0,1,42.06,45.72,1510.39,1356.38
2,201,34,36,3/11/2021,203,36,.,hot,1,0,1,.,.,.,.
2,202,36,10,3/11/2021,203,36,.,hot,1,0,1,.,.,.,.
2,203,7,25,3/11/2021,203,91,.,hot,1,0,1,.,.,.,.
2,204,11,31,3/11/2021,203,34,.,hot,1,0,1,.,.,.,.
3,1,40,5,3/11/2021,203,20,22,hot,1,1,2,.,.,.,.
3,2,46,6,3/11/2021,203,.,.,hot,0,0,0,.,.,.,.
3,3,71,39,3/11/2021,203,78,69,hot,1,1,2,46.02,32,1156.87,1077.68
3,4,11,38,3/11/2021,203,.,.,hot,0,0,0,.,.,.,.
3,5,34,20,3/11/2021,203,55,.,hot,1,0,1,.,.,.,.
3,6,67,49,3/11/2021,203,.,.,hot,0,0,0,.,.,.,.
3,7,66,30,3/11/2021,203,17,.,hot,1,0,1,.,.,.,222.97
3,8,66,26,3/11/2021,203,73,.,hot,1,0,1,.,.,.,.
3,9,71,5,3/11/2021,203,44,.,hot,1,0,1,.,.,.,418.06
3,10,66,50,3/11/2021,203,60,.,hot,1,0,1,.,.,.,.
3,11,30,15,3/11/2021,203,74,.,hot,1,0,1,.,.,.,.
3,12,71,16,3/11/2021,203,.,.,hot,0,0,0,.,.,.,.
3,13,50,24,3/11/2021,203,.,.,hot,0,0,0,.,.,.,.
3,14,67,37,3/11/2021,203,.,.,hot,0,0,0,.,.,.,.
3,15,6,13,3/11/2021,203,60,.,hot,1,0,1,.,.,.,.
3,16,66,46,3/11/2021,203,61,.,hot,1,0,1,.,.,.,.
3,17,39,11,3/11/2021,203,14,.,hot,1,0,1,.,.,.,.
3,18,50,2,3/11/2021,203,.,.,hot,0,0,0,.,.,.,.
3,19,60,31,3/11/2021,203,57,35,hot,1,1,2,30.48,28.04,671.29,613.16
3,20,43,15.1,3/11/2021,203,34,.,hot,1,0,1,.,.,.,.
3,21,7,17,3/11/2021,203,86,.,hot,1,0,1,.,.,.,.
3,22,30,50,3/11/2021,203,.,.,hot,0,0,0,.,.,.,.
3,23,39,8,3/11/2021,203,26,.,hot,1,0,1,.,.,.,.
3,24,60,26,3/11/2021,203,.,.,hot,0,0,0,.,.,.,.
3,25,36,44,3/11/2021,203,.,.,hot,0,0,0,.,.,.,.
3,26,60,49,3/11/2021,203,58,.,hot,1,0,1,45.42,23.16,826.27,752.51
3,27,67,18,3/11/2021,203,.,.,hot,0,0,0,.,.,.,.
3,28,26,59,3/11/2021,203,44,.,hot,1,0,1,35.36,22.86,634.8,631.74
3,29,70,26,3/11/2021,203,36,.,hot,1,0,1,.,.,.,.
3,30,8,4,3/11/2021,203,82,51,hot,1,1,2,.,.,.,371.61
3,31,81,14,3/11/2021,203,38,.,hot,1,0,1,39.01,33.22,1018.02,910.45
3,32,71,6,3/11/2021,203,.,.,hot,0,0,0,.,.,.,.
3,33,71,37,3/11/2021,203,.,.,hot,0,0,0,.,.,.,.
3,34,72,14,3/11/2021,203,22,.,hot,1,0,1,.,.,.,.
3,35,70,12,3/11/2021,203,37,.,hot,1,0,1,.,.,.,.
3,36,26,45,3/11/2021,203,.,.,hot,0,0,0,.,.,.,.
3,37,45,11,3/11/2021,203,.,.,hot,0,0,0,.,.,.,.
3,38,26,31,3/11/2021,203,36,.,hot,1,0,1,.,.,.,.
3,39,7,18,3/11/2021,203,75,.,hot,1,0,1,.,.,.,.
3,40,1,5,3/11/2021,203,.,.,hot,0,0,0,.,.,.,.
3,41,30,22,3/11/2021,203,33,.,hot,1,0,1,.,.,.,.
3,42,11,17,3/11/2021,203,.,.,hot,0,0,0,.,.,.,.
3,43,9,30,3/11/2021,203,.,.,hot,0,0,0,.,.,.,.
3,44,67,50,3/11/2021,203,.,.,hot,0,0,0,.,.,.,.
3,45,8,48,3/11/2021,203,.,.,hot,0,0,0,.,.,.,.
3,46,46,5,3/11/2021,203,.,.,hot,0,0,0,.,.,.,.
3,47,26,29,3/11/2021,203,31,.,hot,1,0,1,.,.,.,.
3,48,72,44,3/11/2021,203,90,.,hot,1,0,1,.,.,.,.
3,49,34,41,3/11/2021,203,35,.,hot,1,0,1,.,.,.,.
3,50,26,39,3/11/2021,203,41,.,hot,1,0,1,.,.,.,.
3,51,66,47,3/11/2021,203,.,.,hot,0,0,0,.,.,.,.
3,52,36,17,3/11/2021,203,40,.,hot,1,0,1,.,.,.,.
3,53,43,23,3/11/2021,203,59,.,hot,1,0,1,.,.,.,.
3,54,30,44,3/11/2021,203,70,.,hot,1,0,1,.,.,.,.
3,55,65,25,3/11/2021,203,.,.,hot,0,0,0,.,.,.,.
3,56,11,27,3/11/2021,203,.,.,hot,0,0,0,.,.,.,.
3,57,60,3,3/11/2021,203,.,.,hot,0,0,0,.,.,.,.
3,58,43,13,3/11/2021,203,32,.,hot,1,0,1,.,.,.,.
3,59,26,28,3/11/2021,203,32,.,hot,1,0,1,.,.,.,.
3,60,43,44,3/11/2021,203,63,.,hot,1,0,1,.,.,.,.
3,61,60,15,3/11/2021,203,55,.,hot,1,0,1,.,.,.,.
3,62,30,23,3/11/2021,203,70,.,hot,1,0,1,.,.,.,.
3,63,4,27,3/11/2021,203,72,.,hot,1,0,1,.,.,.,.
3,64,8,11,3/11/2021,203,.,.,hot,0,0,0,.,.,.,.
3,65,71,13,3/11/2021,203,.,.,hot,0,0,0,.,.,.,.
3,66,8,9,3/11/2021,203,.,.,hot,0,0,0,.,.,.,.
3,67,71,38,3/11/2021,203,.,.,hot,0,0,0,.,.,.,.
3,68,6,46,3/11/2021,203,.,.,hot,0,0,0,.,.,.,.
3,69,26,38,3/11/2021,203,.,.,hot,0,0,0,.,.,.,.
3,70,6,47,3/11/2021,203,.,.,hot,0,0,0,.,.,.,.
3,71,7,16,3/11/2021,203,81,.,hot,1,0,1,.,.,.,.
3,72,7,20,3/11/2021,203,80,.,hot,1,0,1,.,.,.,.
3,73,71,35,3/11/2021,203,.,.,hot,0,0,0,.,.,.,.
3,74,8,12,3/11/2021,203,.,.,hot,0,0,0,.,.,.,.
3,75,34,32,3/11/2021,203,.,.,hot,0,0,0,.,.,.,.
3,76,9,23,3/11/2021,203,.,.,hot,0,0,0,.,.,.,.
3,77,81,19,3/11/2021,203,.,.,hot,0,0,0,.,.,.,.
3,78,50,12,3/11/2021,203,.,.,hot,0,0,0,.,.,.,.
3,79,40,7,3/11/2021,203,.,.,hot,0,0,0,.,.,.,.
3,80,30,16,3/11/2021,203,40,.,hot,1,0,1,.,.,.,.
3,81,65,48,3/11/2021,203,.,.,hot,0,0,0,.,.,.,.
3,82,65,23,3/11/2021,203,.,.,hot,0,0,0,.,.,.,.
3,83,4,47,3/11/2021,203,.,.,hot,0,0,0,.,.,.,.
3,84,36,34,3/11/2021,203,.,.,hot,0,0,0,.,.,.,.
3,85,72,40,3/11/2021,203,65,.,hot,1,0,1,.,.,.,.
3,86,4,50,3/11/2021,203,.,.,hot,0,0,0,.,.,.,.
3,87,4,23,3/11/2021,203,.,.,hot,0,0,0,.,.,.,.
3,88,81,2,3/11/2021,203,77,.,hot,1,0,1,.,.,.,.
3,89,9,27,3/11/2021,203,82,.,hot,1,0,1,.,.,.,.
3,90,26,27,3/11/2021,203,.,.,hot,0,0,0,.,.,.,.
3,91,11,5,3/11/2021,203,.,.,hot,0,0,0,.,.,.,.
3,92,7,19,3/11/2021,203,10,.,hot,1,0,1,.,.,.,.
3,93,1,49,3/11/2021,203,.,.,hot,0,0,0,.,.,.,.
3,94,11,3,3/11/2021,203,68,.,hot,1,0,1,.,.,.,.
3,95,34,31,3/11/2021,203,6,.,hot,1,0,1,.,.,.,.
3,96,39,14,3/11/2021,203,.,.,hot,0,0,0,.,.,.,.
3,97,67,23,3/11/2021,203,.,.,hot,0,0,0,.,.,.,.
3,98,26,36,3/11/2021,203,.,.,hot,0,0,0,.,.,.,.
3,99,11,14,3/11/2021,203,.,.,hot,0,0,0,.,.,.,.
3,100,39,16,3/11/2021,203,.,.,hot,0,0,0,.,.,.,.
3,101,43,22,3/11/2021,203,35,.,hot,1,0,1,.,.,.,.
3,102,36,45,3/11/2021,203,56,.,hot,1,0,1,.,.,.,.
3,103,43,19,3/11/2021,203,.,.,hot,0,0,0,.,.,.,.
3,104,34,35,3/11/2021,203,65,.,hot,1,0,1,.,.,.,.
3,105,6,34,3/11/2021,203,.,.,hot,0,0,0,.,.,.,.
3,106,43,25,3/11/2021,203,.,.,hot,0,0,0,.,.,.,.
3,107,72,33,3/11/2021,203,.,.,hot,0,0,0,.,.,.,.
3,108,46,2,3/11/2021,203,.,.,hot,0,0,0,.,.,.,.
3,109,30,52,3/11/2021,203,24,.,hot,1,0,1,.,.,.,.
3,110,39,9,3/11/2021,203,.,.,hot,0,0,0,.,.,.,.
3,111,66,28,3/11/2021,203,79,.,hot,1,0,1,.,.,.,.
3,112,65,26,3/11/2021,203,48,.,hot,1,0,1,.,.,.,.
3,113,1,41,3/11/2021,203,.,.,hot,0,0,0,.,.,.,.
3,114,72,23,3/11/2021,203,21,.,hot,1,0,1,.,.,.,.
3,115,34,45,3/11/2021,203,37,.,hot,1,0,1,.,.,.,.
3,116,34,2,3/11/2021,203,.,.,hot,0,0,0,.,.,.,.
3,117,39,10,3/11/2021,203,25,.,hot,1,0,1,.,.,.,.
3,118,1,6,3/11/2021,203,.,.,hot,0,0,0,.,.,.,.
3,119,81,18,3/11/2021,203,37,.,hot,1,0,1,.,.,.,.
3,120,8,18,3/11/2021,203,54,.,hot,1,0,1,.,.,.,.
3,121,34,34,3/11/2021,203,.,.,hot,0,0,0,.,.,.,.
3,122,34,33,3/11/2021,203,35,.,hot,1,0,1,.,.,.,.
3,123,30,56,3/11/2021,203,45,.,hot,1,0,1,.,.,.,.
3,124,8,10,3/11/2021,203,.,.,hot,0,0,0,.,.,.,.
3,125,82,8,3/11/2021,203,.,.,hot,0,0,0,.,.,.,.
3,126,9,12,3/11/2021,203,.,.,hot,0,0,0,.,.,.,.
3,127,1,18,3/11/2021,203,.,.,hot,0,0,0,.,.,.,.
3,128,4,4,3/11/2021,203,82,.,hot,1,0,1,.,.,.,.
3,129,72,34,3/11/2021,203,.,.,hot,0,0,0,.,.,.,.
3,130,60,8,3/11/2021,203,.,.,hot,0,0,0,.,.,.,.
3,131,7,34,3/11/2021,203,.,.,hot,0,0,0,.,.,.,.
3,132,36,22,3/11/2021,203,37,.,hot,1,0,1,.,.,.,.
3,133,82,27,3/11/2021,203,.,.,hot,0,0,0,.,.,.,.
3,134,26,10,3/11/2021,203,.,.,hot,0,0,0,.,.,.,.
3,135,30,20.1,3/11/2021,203,68,29,hot,1,1,2,32.92,30.48,788.03,613.16
3,136,7,15,3/11/2021,203,90,.,hot,1,0,1,.,.,.,.
3,137,43,20,3/11/2021,203,81,.,hot,1,0,1,.,.,.,.
3,138,36,18,3/11/2021,203,39,.,hot,1,0,1,.,.,.,.
3,139,60,32,3/11/2021,203,61,.,hot,1,0,1,.,.,.,.
3,140,82,26,3/11/2021,203,.,.,hot,0,0,0,.,.,.,.
3,141,8,3,3/11/2021,203,40,.,hot,1,0,1,.,.,.,.
3,142,1,44,3/11/2021,203,.,.,hot,0,0,0,.,.,.,.
3,143,4,5,3/11/2021,203,87,35,hot,1,1,2,.,.,.,.
3,144,60,9,3/11/2021,203,73,74,hot,1,1,2,39.93,60.05,1883.03,1607.22
3,145,70,19,3/11/2021,203,37,.,hot,1,0,1,.,.,.,.
3,146,72,42,3/11/2021,203,56,.,hot,1,0,1,.,.,.,.
3,147,72,20,3/11/2021,203,42,.,hot,1,0,1,.,.,.,.
3,148,36,14,3/11/2021,203,44,42,hot,1,1,2,.,.,.,.
3,149,66,49,3/11/2021,203,67,.,hot,1,0,1,.,.,.,.
3,150,34,30,3/11/2021,203,.,.,hot,0,0,0,.,.,.,.
3,151,65,7,3/11/2021,203,44,.,hot,1,0,1,.,.,.,278.71
3,152,6,48,3/11/2021,203,.,.,hot,0,0,0,.,.,.,.
3,153,6,31,3/11/2021,203,102,.,hot,1,0,1,.,.,.,.
3,154,70,5,3/11/2021,203,31,.,hot,1,0,1,.,.,.,.
3,155,6,9.1,3/11/2021,203,70,.,hot,1,0,1,.,.,.,.
3,156,81,22,3/11/2021,203,56,30,hot,1,1,2,34.44,36.27,981.17,947.61
3,157,50,10,3/11/2021,203,.,.,hot,0,0,0,.,.,.,.
3,158,1,3,3/11/2021,203,.,.,hot,0,0,0,.,.,.,.
3,159,6,49,3/11/2021,203,140,.,hot,1,0,1,.,.,.,.
3,160,30,39,3/11/2021,203,70,40,hot,1,1,2,36.88,35.36,1024.15,938.32
3,161,11,16,3/11/2021,203,47,.,hot,1,0,1,53.95,32.61,1381.9,1337.8
3,162,36,49,3/11/2021,203,54,.,hot,1,0,1,.,.,.,.
3,163,50,7,3/11/2021,203,5,.,hot,1,0,1,.,.,.,.
3,164,4,25,3/11/2021,203,.,.,hot,0,0,0,.,.,.,.
3,165,9,15.1,3/11/2021,203,45,36,hot,1,1,2,62.48,48.77,2393.28,2276.12
3,166,82,17,3/11/2021,203,.,.,hot,0,0,0,.,.,.,.
4,1,8,8,3/11/2021,203,30,.,hot,1,0,1,105.46,45.42,3761.68,3790.44
4,2,1,8,3/11/2021,203,.,.,hot,0,0,0,.,.,.,.
4,3,30,55,3/11/2021,203,45,.,hot,1,0,1,.,.,.,.
4,4,9,5,3/11/2021,203,32,.,hot,1,0,1,.,.,.,.
4,5,71,22,3/11/2021,203,76,.,hot,1,0,1,.,.,.,.
4,6,82,30,3/11/2021,203,.,.,hot,0,0,0,.,.,.,.
4,7,65,49,3/11/2021,203,29,.,hot,1,0,1,34.14,22.86,612.91,557.42
4,8,26,23,3/11/2021,203,37,.,hot,1,0,1,.,.,.,.
4,9,60,17,3/11/2021,203,19,.,hot,1,0,1,.,.,.,.
4,10,65,42,3/11/2021,203,33,.,hot,1,0,1,.,.,.,408.77
4,11,65,39,3/11/2021,203,44,.,hot,1,0,1,.,.,.,.
4,12,72,38,3/11/2021,203,18,.,hot,1,0,1,.,.,.,.
4,13,70,8,3/11/2021,203,.,.,hot,0,0,0,.,.,.,.
4,14,8,37,3/11/2021,203,76,48,hot,1,1,2,33.83,23.16,615.54,548.13
4,15,81,27,3/11/2021,203,32,32,hot,1,1,2,36.27,32,911.71,1096.26
4,16,34,18,3/11/2021,203,34,.,hot,1,0,1,43.59,14.94,511.27,529.55
4,17,4,42,3/11/2021,203,77,.,hot,1,0,1,.,.,.,.
4,18,81,26,3/11/2021,203,36,.,hot,1,0,1,31.7,28.96,720.9,687.48
4,19,4,48,3/11/2021,203,86,.,hot,1,0,1,.,.,.,.
4,20,67,43,3/11/2021,203,.,.,hot,0,0,0,.,.,.,.
4,21,65,45,3/11/2021,203,29,.,hot,1,0,1,36.27,25.3,720.68,780.39
4,22,4,44,3/11/2021,203,.,.,hot,0,0,0,.,.,.,.
4,23,4,46,3/11/2021,203,.,.,hot,0,0,0,.,.,.,.
4,24,1,21,3/11/2021,203,40,40,hot,1,1,2,26.52,27.13,564.97,473.81
4,25,6,33,3/11/2021,203,50,.,hot,1,0,1,.,.,.,.
4,26,11,34,3/11/2021,203,44,.,hot,1,0,1,.,.,.,.
4,27,70,29,3/11/2021,203,27,.,hot,1,0,1,.,.,.,.
4,28,70,15,3/11/2021,203,47,.,hot,1,0,1,.,.,.,.
4,29,36,35,3/11/2021,203,.,.,hot,0,0,0,.,.,.,.
4,30,6,6,3/11/2021,203,30,.,hot,1,0,1,.,.,.,.
4,31,82,14,3/11/2021,203,.,.,hot,0,0,0,.,.,.,.
4,32,8,36,3/11/2021,203,.,.,hot,0,0,0,.,.,.,.
4,33,39,46,3/11/2021,203,.,.,hot,0,0,0,.,.,.,.
4,34,8,32,3/11/2021,203,57,.,hot,1,0,1,.,.,.,.
4,35,34,7,3/11/2021,203,56,.,hot,1,0,1,.,.,.,.
4,36,82,3,3/11/2021,203,74,.,hot,1,0,1,.,.,.,.
4,37,72,5,3/11/2021,203,.,.,hot,0,0,0,.,.,.,.
4,38,4,49,3/11/2021,203,81,.,hot,1,0,1,.,.,.,.
4,39,30,29,3/11/2021,203,81,.,hot,1,0,1,.,.,.,.
4,40,43,45,3/11/2021,203,80,.,hot,1,0,1,.,.,.,.
4,41,81,29,3/11/2021,203,35,.,hot,1,0,1,.,.,.,.
4,42,65,33,3/11/2021,203,.,.,hot,0,0,0,.,.,.,.
4,43,26,60,3/11/2021,203,.,.,hot,0,0,0,.,.,.,.
4,44,6,38,3/11/2021,203,.,.,hot,0,0,0,.,.,.,.
4,45,60,38,3/11/2021,203,73,.,hot,1,0,1,.,.,.,.
4,46,50,17,3/11/2021,203,.,.,hot,0,0,0,.,.,.,.
4,47,65,34,3/11/2021,203,.,.,hot,0,0,0,.,.,.,.
4,48,26,62,3/11/2021,203,.,.,hot,0,0,0,.,.,.,.
4,49,82,25,3/11/2021,203,.,.,hot,0,0,0,.,.,.,.
4,50,70,28,3/11/2021,203,33,.,hot,1,0,1,.,.,.,.
4,51,71,3,3/11/2021,203,.,.,hot,0,0,0,.,.,.,.
4,52,50,13,3/11/2021,203,.,.,hot,0,0,0,.,.,.,.
4,53,30,24,3/11/2021,203,.,.,hot,0,0,0,.,.,.,.
4,54,30,49,3/11/2021,203,67,.,hot,1,0,1,.,.,.,.
4,55,1,23,3/11/2021,203,21.5,.,hot,1,0,1,.,.,.,.
4,56,66,35,3/11/2021,203,75,79,hot,1,1,2,.,.,.,.
4,57,1,11,3/11/2021,203,.,.,hot,0,0,0,.,.,.,.
4,58,50,18,3/11/2021,203,.,.,hot,0,0,0,.,.,.,.
4,59,9,4,3/11/2021,203,.,.,hot,0,0,0,.,.,.,.
4,60,26,41,3/11/2021,203,37,.,hot,1,0,1,.,.,.,.
4,61,7,47,3/11/2021,203,10,.,hot,1,0,1,.,.,.,.
4,62,43,6,3/11/2021,203,.,.,hot,0,0,0,.,.,.,.
4,63,39,37.1,3/11/2021,203,.,.,hot,0,0,0,.,.,.,.
4,64,39,47,3/11/2021,203,.,.,hot,0,0,0,.,.,.,.
4,65,6,14,3/11/2021,203,.,.,hot,0,0,0,.,.,.,.
4,66,70,7,3/11/2021,203,28,.,hot,1,0,1,.,.,.,.
4,67,34,14,3/11/2021,203,.,.,hot,0,0,0,.,.,.,.
4,68,66,32,3/11/2021,203,.,.,hot,0,0,0,.,.,.,.
4,69,39,43,3/11/2021,203,.,.,hot,0,0,0,.,.,.,.
4,70,60,24,3/11/2021,203,66,.,hot,1,0,1,.,.,.,.
4,71,66,42,3/11/2021,203,.,.,hot,0,0,0,.,.,.,.
4,72,7,6,3/11/2021,203,95,.,hot,1,0,1,.,.,.,.
4,73,1,26,3/11/2021,203,30,.,hot,1,0,1,.,.,.,.
4,74,43,17,3/11/2021,203,26,.,hot,1,0,1,.,.,.,.
4,75,6,32,3/11/2021,203,.,.,hot,0,0,0,.,.,.,.
4,76,4,45,3/11/2021,203,92,.,hot,1,0,1,.,.,.,.
4,77,7,41,3/11/2021,203,.,.,hot,0,0,0,.,.,.,.
4,78,30,28,3/11/2021,203,72,.,hot,1,0,1,.,.,.,.
4,79,46,1,3/11/2021,203,.,.,hot,0,0,0,.,.,.,.
4,80,36,30,3/11/2021,203,.,.,hot,0,0,0,.,.,.,.
4,81,7,49,3/11/2021,203,74,.,hot,1,0,1,.,.,.,.
4,82,70,13.1,3/11/2021,203,26,.,hot,1,0,1,.,.,.,.
4,83,6,39,3/11/2021,203,21,.,hot,1,0,1,.,.,.,.
4,84,60,40,3/11/2021,203,26,.,hot,1,0,1,.,.,.,.
4,85,70,17,3/11/2021,203,33,.,hot,1,0,1,.,.,.,.
4,86,8,31,3/11/2021,203,59,.,hot,1,0,1,.,.,.,.
4,87,34,13,3/11/2021,203,47,.,hot,1,0,1,.,.,.,.
4,88,67,32,3/11/2021,203,.,.,hot,0,0,0,.,.,.,.
4,89,9,13,3/11/2021,203,.,.,hot,0,0,0,.,.,.,.
4,90,11,11,3/11/2021,203,50,.,hot,1,0,1,.,.,.,.
4,91,71,17,3/11/2021,203,33,.,hot,1,0,1,.,.,.,.
4,92,81,13,3/11/2021,203,.,.,hot,0,0,0,.,.,.,.
4,93,71,14,3/11/2021,203,.,.,hot,0,0,0,.,.,.,.
4,94,1,25,3/11/2021,203,.,.,hot,0,0,0,.,.,.,.
4,95,1,30,3/11/2021,203,.,.,hot,0,0,0,.,.,.,.
4,96,9,8,3/11/2021,203,54,.,hot,1,0,1,.,.,.,.
4,97,1,34,3/11/2021,203,.,.,hot,0,0,0,.,.,.,.
4,98,6,35,3/11/2021,203,21,.,hot,1,0,1,.,.,.,.
4,99,50,21,3/11/2021,203,.,.,hot,0,0,0,.,.,.,.
4,100,72,31,3/11/2021,203,.,.,hot,0,0,0,.,.,.,.
4,101,43,8,3/11/2021,203,47,.,hot,1,0,1,.,.,.,.
4,102,82,6,3/11/2021,203,.,.,hot,0,0,0,.,.,.,.
4,103,39,34,3/11/2021,203,.,.,hot,0,0,0,.,.,.,.
4,104,34,19,3/11/2021,203,.,.,hot,0,0,0,.,.,.,.
4,105,11,30,3/11/2021,203,.,.,hot,0,0,0,.,.,.,.
4,106,66,45,3/11/2021,203,64,.,hot,1,0,1,.,.,.,.
4,107,67,24,3/11/2021,203,.,.,hot,0,0,0,.,.,.,.
4,108,39,41,3/11/2021,203,23,.,hot,1,0,1,.,.,.,.
4,109,79,3,3/11/2021,203,.,.,hot,0,0,0,.,.,.,.
4,110,30,47,3/11/2021,203,62,.,hot,1,0,1,.,.,.,.
4,111,7,42,3/11/2021,203,86,.,hot,1,0,1,.,.,.,.
4,112,72,46,3/11/2021,203,.,.,hot,0,0,0,.,.,.,.
4,113,50,25,3/11/2021,203,.,.,hot,0,0,0,.,.,.,.
4,114,34,6,3/11/2021,203,46,.,hot,1,0,1,.,.,.,.
4,115,1,32,3/11/2021,203,.,.,hot,0,0,0,.,.,.,.
4,116,9,3,3/11/2021,203,30,.,hot,1,0,1,.,.,.,.
4,117,36,31,3/11/2021,203,56,40,hot,1,1,2,48.77,49.07,1879.6,1904.51
4,118,43,16,3/11/2021,203,48,.,hot,1,0,1,.,.,.,.
4,119,9,9,3/11/2021,203,17,.,hot,1,0,1,.,.,.,.
4,120,81,16,3/11/2021,203,27,.,hot,1,0,1,.,.,.,.
4,121,7,36,3/11/2021,203,80,.,hot,1,0,1,.,.,.,.
4,122,36,23,3/11/2021,203,16,.,hot,1,0,1,.,.,.,315.87
4,123,43,10,3/11/2021,203,57,.,hot,1,0,1,.,.,.,.
4,124,26,58,3/11/2021,203,33,.,hot,1,0,1,48.46,30.48,1160.16,1402.84
4,125,7,5,3/11/2021,203,86,.,hot,1,0,1,.,.,.,.
4,126,81,20,3/11/2021,203,82,.,hot,1,0,1,.,.,.,.
4,127,60,39,3/11/2021,203,.,.,hot,0,0,0,.,.,.,.
4,128,43,35,3/11/2021,203,47,.,hot,1,0,1,43.59,41.76,1429.47,1291.35
4,129,8,44,3/11/2021,203,77,.,hot,1,0,1,.,.,.,334.45
4,130,11,47,3/11/2021,203,42,.,hot,1,0,1,.,.,.,.
4,131,30,31,3/11/2021,203,61,.,hot,1,0,1,32.92,17.68,457.06,594.58
4,132,34,10,3/11/2021,203,42,.,hot,1,0,1,.,.,.,.
4,133,72,28,3/11/2021,203,53,.,hot,1,0,1,.,.,.,.
4,134,72,41,3/11/2021,203,.,.,hot,0,0,0,.,.,.,.
4,135,30,46,3/11/2021,203,64,.,hot,1,0,1,.,.,.,408.77
4,136,72,4,3/11/2021,203,.,.,hot,0,0,0,.,.,.,.
4,137,26,35,3/11/2021,203,42,.,hot,1,0,1,47.85,35.05,1317.4,1412.13
4,138,65,16,3/11/2021,203,16,.,hot,1,0,1,.,.,.,250.84
4,139,30,45,3/11/2021,203,.,.,hot,0,0,0,.,.,.,.
4,140,72,30,3/11/2021,203,.,.,hot,0,0,0,.,.,.,.
4,141,4,40,3/11/2021,203,.,.,hot,0,0,0,.,.,.,.
4,142,8,38,3/11/2021,203,66,.,hot,1,0,1,.,.,.,.
4,143,39,48,3/11/2021,203,24,.,hot,1,0,1,37.49,34.75,1023.13,966.19
4,144,34,17,3/11/2021,203,40,.,hot,1,0,1,.,.,.,.
5,1,4,34,3/11/2021,203,74,88,hot,1,1,2,53.64,49.07,2067.56,1458.58
5,2,8,5,3/11/2021,203,60,.,hot,1,0,1,.,.,.,.
5,3,40,6,3/11/2021,203,.,.,hot,0,0,0,.,.,.,.
5,4,65,17,3/11/2021,203,.,.,hot,0,0,0,.,.,.,.
5,5,66,11,3/11/2021,203,20,.,hot,1,0,1,24.69,56.69,1099.3,1300.64
5,6,36,28,3/11/2021,203,.,.,hot,0,0,0,.,.,.,.
5,7,39,15,3/11/2021,203,21,.,hot,1,0,1,.,.,.,.
5,8,30,58,3/11/2021,203,.,.,hot,0,0,0,.,.,.,.
5,9,67,12,3/11/2021,203,.,.,hot,0,0,0,.,.,.,.
5,10,34,46,3/11/2021,203,30,59,hot,1,1,2,.,.,.,.
5,11,81,15,3/11/2021,203,48,33,hot,1,1,2,39.93,30.78,965.41,975.48
5,12,9,29,3/11/2021,203,41,.,hot,1,0,1,.,.,.,.
5,13,11,24,3/11/2021,203,71,.,hot,1,0,1,.,.,.,.
5,14,6,41,3/11/2021,203,70,.,hot,1,0,1,.,.,.,.
5,15,82,24,3/11/2021,203,.,.,hot,0,0,0,.,.,.,.
5,16,81,24,3/11/2021,203,39,.,hot,1,0,1,.,.,.,.
5,17,4,11,3/11/2021,203,72,.,hot,1,0,1,.,.,.,.
5,18,39,42,3/11/2021,203,.,.,hot,0,0,0,.,.,.,.
5,19,1,37,3/11/2021,203,.,.,hot,0,0,0,.,.,.,.
5,20,50,29,3/11/2021,203,.,.,hot,0,0,0,.,.,.,.
5,21,1,31,3/11/2021,203,.,.,hot,0,0,0,.,.,.,.
5,22,11,9,3/11/2021,203,150,.,hot,1,0,1,.,.,.,.
5,23,67,44,3/11/2021,203,.,.,hot,0,0,0,.,.,.,.
5,24,11,19,3/11/2021,203,64,.,hot,1,0,1,.,.,.,.
5,25,65,47,3/11/2021,203,23,.,hot,1,0,1,.,.,.,.
5,26,8,2,3/11/2021,203,82,.,hot,1,0,1,.,.,.,.
5,27,30,54,3/11/2021,203,48,.,hot,1,0,1,.,.,.,.
5,28,82,16,3/11/2021,203,105,.,hot,1,0,1,.,.,.,.
5,29,6,44,3/11/2021,203,64,.,hot,1,0,1,.,.,.,.
5,30,6,43,3/11/2021,203,.,.,hot,0,0,0,.,.,.,.
5,31,82,23,3/11/2021,203,78,.,hot,1,0,1,.,.,.,.
5,32,34,43,3/11/2021,203,27,.,hot,1,0,1,.,.,.,.
5,33,60,18,3/11/2021,203,30,.,hot,1,0,1,.,.,.,.
5,34,7,46,3/11/2021,203,.,.,hot,0,0,0,.,.,.,.
5,35,7,38,3/11/2021,203,.,.,hot,0,0,0,.,.,.,.
5,36,72,32,3/11/2021,203,35,.,hot,1,0,1,.,.,.,.
5,37,1,45,3/11/2021,203,20,.,hot,1,0,1,.,.,.,.
5,38,39,32,3/11/2021,203,.,.,hot,0,0,0,.,.,.,.
5,39,11,21,3/11/2021,203,64,.,hot,1,0,1,.,.,.,.
5,40,43,27,3/11/2021,203,.,.,hot,0,0,0,.,.,.,.
5,41,72,11,3/11/2021,203,37,.,hot,1,0,1,.,.,.,.
5,42,39,23,3/11/2021,203,27,.,hot,1,0,1,.,.,.,.
5,43,66,40,3/11/2021,203,66,.,hot,1,0,1,.,.,.,.
5,44,67,11,3/11/2021,203,20,.,hot,1,0,1,.,.,.,.
5,45,39,35,3/11/2021,203,.,.,hot,0,0,0,.,.,.,.
5,46,34,27,3/11/2021,203,46,.,hot,1,0,1,.,.,.,.
5,47,81,28,3/11/2021,203,24,.,hot,1,0,1,.,.,.,.
5,48,66,3,3/11/2021,203,61,.,hot,1,0,1,.,.,.,.
5,49,7,37,3/11/2021,203,79,.,hot,1,0,1,.,.,.,.
5,50,60,41,3/11/2021,203,.,.,hot,0,0,0,.,.,.,.
5,51,26,44,3/11/2021,203,46,.,hot,1,0,1,.,.,.,.
5,52,72,29,3/11/2021,203,62,.,hot,1,0,1,.,.,.,.
5,53,9,19,3/11/2021,203,21,.,hot,1,0,1,.,.,.,.
5,54,50,8,3/11/2021,203,.,.,hot,0,0,0,.,.,.,.
5,55,45,17,3/11/2021,203,31,26,hot,1,1,2,32.92,20.12,520.1,529.55
5,56,67,6,3/11/2021,203,.,.,hot,0,0,0,.,.,.,.
5,57,39,29,3/11/2021,203,25,.,hot,1,0,1,.,.,.,.
5,58,72,10,3/11/2021,203,57,.,hot,1,0,1,.,.,.,.
5,59,81,23,3/11/2021,203,33,26,hot,1,1,2,.,.,.,.
5,60,71,32,3/11/2021,203,71,.,hot,1,0,1,.,.,.,.
5,61,65,36,3/11/2021,203,49,.,hot,1,0,1,.,.,.,.
5,62,6,42,3/11/2021,203,90,.,hot,1,0,1,.,.,.,.
5,63,70,18,3/11/2021,203,33,.,hot,1,0,1,.,.,.,.
5,64,66,44,3/11/2021,203,65,101,hot,1,1,2,73.46,82.91,4783.06,4793.8
5,65,8,43,3/11/2021,203,48,.,hot,1,0,1,.,.,.,.
5,66,1,38,3/11/2021,203,51,.,hot,1,0,1,.,.,.,.
5,67,34,12.1,3/11/2021,203,56,.,hot,1,0,1,.,.,.,.
5,68,26,33,3/11/2021,203,38,.,hot,1,0,1,.,.,.,.
5,69,30,53,3/11/2021,203,70,.,hot,1,0,1,.,.,.,.
5,70,4,32,3/11/2021,203,53,.,hot,1,0,1,.,.,.,.
5,71,36,26,3/11/2021,203,20,.,hot,1,0,1,.,.,.,.
5,72,34,42,3/11/2021,203,11,.,hot,1,0,1,.,.,.,.
5,73,26,18,3/11/2021,203,37,.,hot,1,0,1,.,.,.,.
5,74,30,7,3/11/2021,203,77,.,hot,1,0,1,38.71,33.83,1028.6,984.77
5,75,70,23,3/11/2021,203,38,.,hot,1,0,1,.,.,.,.
5,76,39,38,3/11/2021,203,.,.,hot,0,0,0,.,.,.,.
5,77,71,15,3/11/2021,203,70,.,hot,1,0,1,.,.,.,.
5,78,7,50,3/11/2021,203,94,.,hot,1,0,1,.,.,.,.
5,79,49,4,3/11/2021,203,.,.,hot,0,0,0,.,.,.,.
5,80,8,33,3/11/2021,203,49,.,hot,1,0,1,.,.,.,.
5,81,70,10,3/11/2021,203,37,.,hot,1,0,1,.,.,.,.
5,82,26,30,3/11/2021,203,46,.,hot,1,0,1,.,.,.,.
5,83,26,46,3/11/2021,203,51,.,hot,1,0,1,22.25,22.86,399.49,445.93
5,84,6,11,3/11/2021,203,24,.,hot,1,0,1,.,.,.,.
5,85,9,20,3/11/2021,203,25,.,hot,1,0,1,.,.,.,.
5,86,69,50,3/11/2021,203,22,.,hot,1,0,1,.,.,.,.
5,87,81,10,3/11/2021,203,.,.,hot,0,0,0,.,.,.,.
5,88,26,40,3/11/2021,203,52,.,hot,1,0,1,35.66,29.26,819.55,798.97
5,89,66,10,3/11/2021,203,75,.,hot,1,0,1,.,.,.,.
5,90,43,26,3/11/2021,203,81,.,hot,1,0,1,.,.,.,.
5,91,26,11,3/11/2021,203,64,.,hot,1,0,1,41.76,32.31,1059.61,938.32
5,92,4,38,3/11/2021,203,81,.,hot,1,0,1,.,.,.,.
5,93,4,35,3/11/2021,203,67,.,hot,1,0,1,.,.,.,.
5,94,60,45,3/11/2021,203,43,.,hot,1,0,1,.,.,.,.
5,95,72,45,3/11/2021,203,30,.,hot,1,0,1,.,.,.,.
5,96,39,37.2,3/11/2021,203,.,.,hot,0,0,0,.,.,.,.
5,97,30,51,3/11/2021,203,.,.,hot,0,0,0,.,.,.,.
5,98,67,26,3/11/2021,203,.,.,hot,0,0,0,.,.,.,.
5,99,43,31,3/11/2021,203,94,.,hot,1,0,1,.,.,.,.
5,100,36,27,3/11/2021,203,26,.,hot,1,0,1,.,.,.,.
5,101,34,50,3/11/2021,203,.,.,hot,0,0,0,.,.,.,.
5,102,6,40,3/11/2021,203,63,.,hot,1,0,1,.,.,.,.
5,103,72,48,3/11/2021,203,38,.,hot,1,0,1,.,.,.,.
5,104,81,1,3/11/2021,203,36,47,hot,1,1,2,.,.,.,.
5,105,67,34,3/11/2021,203,.,.,hot,0,0,0,.,.,.,.
5,106,66,5,3/11/2021,203,60,.,hot,1,0,1,.,.,.,.
5,107,4,20,3/11/2021,203,85,.,hot,1,0,1,.,.,.,.
5,108,39,45,3/11/2021,203,17,.,hot,1,0,1,.,.,.,.
5,109,30,63,3/11/2021,203,55,.,hot,1,0,1,.,.,.,.
5,110,43,21.1,3/11/2021,203,85,79,hot,1,1,2,50.29,43.89,1733.67,1644.38
5,111,1,46,3/11/2021,203,16,.,hot,1,0,1,.,.,.,.
5,112,4,3,3/11/2021,203,69,.,hot,1,0,1,.,.,.,.
5,113,6,45,3/11/2021,203,7,.,hot,1,0,1,.,.,.,.
5,114,72,37,3/11/2021,203,36,.,hot,1,0,1,.,.,.,.
5,115,8,30,3/11/2021,203,86,.,hot,1,0,1,.,.,.,.
5,116,34,49,3/11/2021,203,.,.,hot,0,0,0,.,.,.,.
5,117,72,39,3/11/2021,203,53,.,hot,1,0,1,.,.,.,.
5,118,26,14,3/11/2021,203,82,.,hot,1,0,1,97.54,65.23,4996.7,5156.12
5,119,34,44,3/11/2021,203,38,.,hot,1,0,1,.,.,.,.
5,120,69,13,3/11/2021,203,85,.,hot,1,0,1,.,.,.,.
5,121,11,29,3/11/2021,203,46,.,hot,1,0,1,.,.,.,.
5,122,11,10,3/11/2021,203,.,.,hot,0,0,0,.,.,.,.
5,123,43,11,3/11/2021,203,136,.,hot,1,0,1,.,.,.,.
5,124,65,44,3/11/2021,203,43,.,hot,1,0,1,.,.,.,.
5,125,43,9,3/11/2021,203,.,.,hot,0,0,0,.,.,.,.
5,126,7,7,3/11/2021,203,102,.,hot,1,0,1,.,.,.,.
5,127,36,25,3/11/2021,203,.,.,hot,0,0,0,.,.,.,.
5,128,80,9,3/11/2021,203,55,.,hot,1,0,1,.,.,.,.
5,129,60,44,3/11/2021,203,.,.,hot,0,0,0,.,.,.,.
6,1,43,15.2,3/11/2021,203,.,.,hot,0,0,0,.,.,.,.
6,2,45,1.2,3/11/2021,203,.,.,hot,0,0,0,.,.,.,.
6,3,43,21.2,3/11/2021,203,.,.,hot,0,0,0,.,.,.,.
6,4,65,12.2,3/11/2021,203,.,.,hot,0,0,0,.,.,.,.
6,5,45,18.2,3/11/2021,203,.,.,hot,0,0,0,.,.,.,.
6,6,69,47,3/11/2021,203,.,.,hot,0,0,0,.,.,.,.
6,7,34,12.2,3/11/2021,203,.,.,hot,0,0,0,.,.,.,.
6,8,80,5.2,3/11/2021,203,.,.,hot,0,0,0,.,.,.,.
6,9,30,20.2,3/11/2021,203,.,.,hot,0,0,0,.,.,.,.
6,10,8,26,3/11/2021,203,.,.,hot,0,0,0,.,.,.,.
6,11,80,10.2,3/11/2021,203,.,.,hot,0,0,0,.,.,.,.
6,12,49,29.2,3/11/2021,203,.,.,hot,0,0,0,.,.,.,.
6,13,4,13.2,3/11/2021,203,.,.,hot,0,0,0,.,.,.,.
6,14,79,1,3/11/2021,203,.,.,hot,0,0,0,.,.,.,.
6,15,9,15.2,3/11/2021,203,.,.,hot,0,0,0,.,.,.,.
6,16,6,9.2,3/11/2021,203,.,.,hot,0,0,0,.,.,.,.
6,17,34,29,3/11/2021,203,.,.,hot,0,0,0,.,.,.,.
6,18,70,13.2,3/11/2021,203,.,.,hot,0,0,0,.,.,.,.
6,19,1,16.2,3/11/2021,203,.,.,hot,0,0,0,.,.,.,.
6,20,43,34,3/11/2021,203,.,.,hot,0,0,0,.,.,.,.
6,21,71,11.2,3/11/2021,203,.,.,hot,0,0,0,.,.,.,.
6,22,9,16,3/11/2021,203,.,.,hot,0,0,0,.,.,.,.
6,23,46,8,3/11/2021,203,.,.,hot,0,0,0,.,.,.,.
6,24,70,6,3/11/2021,203,.,.,hot,0,0,0,.,.,.,.
6,25,80,18,3/11/2021,203,.,.,hot,0,0,0,.,.,.,.
6,26,70,4,3/11/2021,203,.,.,hot,0,0,0,.,.,.,.
6,27,7,26,3/11/2021,203,.,.,hot,0,0,0,.,.,.,.
6,28,30,30,3/11/2021,203,.,.,hot,0,0,0,.,.,.,.
6,29,71,31,3/11/2021,203,.,.,hot,0,0,0,.,.,.,.
6,30,67,41,3/11/2021,203,.,.,hot,0,0,0,.,.,.,.
6,31,8,39,3/11/2021,203,.,.,hot,0,0,0,.,.,.,.
6,32,26,55,3/11/2021,203,.,.,hot,0,0,0,.,.,.,.
6,33,50,16,3/11/2021,203,.,.,hot,0,0,0,.,.,.,.
6,34,39,33,3/11/2021,203,.,.,hot,0,0,0,.,.,.,.
6,35,71,18,3/11/2021,203,.,.,hot,0,0,0,.,.,.,.
6,36,4,21,3/11/2021,203,.,.,hot,0,0,0,.,.,.,.
6,37,79,7,3/11/2021,203,.,.,hot,0,0,0,.,.,.,.
6,38,69,11,3/11/2021,203,.,.,hot,0,0,0,.,.,.,.
6,39,8,16,3/11/2021,203,.,.,hot,0,0,0,.,.,.,.
6,40,72,35,3/11/2021,203,.,.,hot,0,0,0,.,.,.,.
6,41,70,9,3/11/2021,203,.,.,hot,0,0,0,.,.,.,.
6,42,6,16,3/11/2021,203,.,.,hot,0,0,0,.,.,.,.
6,43,45,25,3/11/2021,203,.,.,hot,0,0,0,.,.,.,.
6,44,82,4,3/11/2021,203,87,.,hot,1,0,1,32,27.43,689.53,650.32
6,45,30,43,3/11/2021,203,.,.,hot,0,0,0,.,.,.,.
6,46,11,36,3/11/2021,203,.,.,hot,0,0,0,.,.,.,.
6,47,4,7,3/11/2021,203,.,.,hot,0,0,0,.,.,.,.
6,48,11,26,3/11/2021,203,.,.,hot,0,0,0,.,.,.,.
6,49,43,32,3/11/2021,203,.,.,hot,0,0,0,.,.,.,.
6,50,1,43,3/11/2021,203,.,.,hot,0,0,0,.,.,.,.
6,51,34,38,3/11/2021,203,.,.,hot,0,0,0,.,.,.,.
6,52,36,12,3/11/2021,203,74,.,hot,1,0,1,.,.,.,.
6,53,26,63,3/11/2021,203,.,.,hot,0,0,0,.,.,.,.
6,54,1,24,3/11/2021,203,.,.,hot,0,0,0,.,.,.,.
6,55,71,28,3/11/2021,203,.,.,hot,0,0,0,.,.,.,.
6,56,79,2,3/11/2021,203,.,.,hot,0,0,0,.,.,.,.
6,57,26,47,3/11/2021,203,.,.,hot,0,0,0,.,.,.,.
6,58,7,31,3/11/2021,203,.,.,hot,0,0,0,.,.,.,.
6,59,30,40,3/11/2021,203,.,.,hot,0,0,0,.,.,.,.
6,60,11,20,3/11/2021,203,.,.,hot,0,0,0,.,.,.,.
6,61,50,6,3/11/2021,203,.,.,hot,0,0,0,.,.,.,.
6,62,11,25,3/11/2021,203,.,.,hot,0,0,0,.,.,.,.
6,63,60,4,3/11/2021,203,.,.,hot,0,0,0,.,.,.,.
6,64,65,15,3/11/2021,203,.,.,hot,0,0,0,.,.,.,.
6,65,60,16,3/11/2021,203,.,.,hot,0,0,0,.,.,.,.
6,66,39,12,3/11/2021,203,.,.,hot,0,0,0,.,.,.,.
6,67,6,4,3/11/2021,203,.,.,hot,0,0,0,.,.,.,.
6,68,8,13,3/11/2021,203,.,.,hot,0,0,0,.,.,.,.
6,69,11,41,3/11/2021,203,.,.,hot,0,0,0,.,.,.,.
6,70,40,8,3/11/2021,203,.,.,hot,0,0,0,.,.,.,.
6,71,66,1,3/11/2021,203,.,.,hot,0,0,0,.,.,.,.
6,72,36,8,3/11/2021,203,.,.,hot,0,0,0,.,.,.,.
6,73,26,52,3/11/2021,203,.,.,hot,0,0,0,.,.,.,.
6,74,8,40,3/11/2021,203,.,.,hot,0,0,0,.,.,.,.
6,75,11,35,3/11/2021,203,.,.,hot,0,0,0,.,.,.,.
6,76,49,1,3/11/2021,203,.,.,hot,0,0,0,.,.,.,.
6,77,72,49,3/11/2021,203,.,.,hot,0,0,0,.,.,.,.
6,78,1,42,3/11/2021,203,.,.,hot,0,0,0,.,.,.,.
6,79,81,12,3/11/2021,203,.,.,hot,0,0,0,.,.,.,.
6,80,11,33,3/11/2021,203,.,.,hot,0,0,0,.,.,.,.
6,81,7,28,3/11/2021,203,.,.,hot,0,0,0,.,.,.,.
6,82,71,40,3/11/2021,203,.,.,hot,0,0,0,.,.,.,.
6,83,60,30,3/11/2021,203,.,.,hot,0,0,0,.,.,.,.
6,84,6,27,3/11/2021,203,.,.,hot,0,0,0,.,.,.,.
6,85,11,44,3/11/2021,203,.,.,hot,0,0,0,.,.,.,.
6,86,30,37,3/11/2021,203,.,.,hot,0,0,0,.,.,.,.
6,87,66,24,3/11/2021,203,.,.,hot,0,0,0,.,.,.,.
6,88,40,2,3/11/2021,203,.,.,hot,0,0,0,.,.,.,.
6,89,1,35,3/11/2021,203,.,.,hot,0,0,0,.,.,.,.
6,90,26,57,3/11/2021,203,.,.,hot,0,0,0,.,.,.,.
6,91,71,29,3/11/2021,203,.,.,hot,0,0,0,.,.,.,.
6,92,66,4,3/11/2021,203,.,.,hot,0,0,0,.,.,.,.
6,93,6,20,3/11/2021,203,.,.,hot,0,0,0,.,.,.,.
6,94,43,33,3/11/2021,203,.,.,hot,0,0,0,.,.,.,.
6,95,9,22,3/11/2021,203,.,.,hot,0,0,0,.,.,.,.
6,96,34,48,3/11/2021,203,.,.,hot,0,0,0,.,.,.,.
6,97,8,14,3/11/2021,203,.,.,hot,0,0,0,.,.,.,.
6,98,82,2,3/11/2021,203,103,.,hot,1,0,1,33.53,37.19,979.2,1040.51
6,99,50,14,3/11/2021,203,.,.,hot,0,0,0,.,.,.,.
6,100,69,30,3/11/2021,203,.,.,hot,0,0,0,.,.,.,.
6,101,4,10,3/11/2021,203,.,.,hot,0,0,0,.,.,.,.
6,102,6,2,3/11/2021,203,.,.,hot,0,0,0,.,.,.,.
6,103,46,10,3/11/2021,203,.,.,hot,0,0,0,.,.,.,.
6,104,7,30,3/11/2021,203,.,.,hot,0,0,0,.,.,.,.
6,105,43,47,3/11/2021,203,.,.,hot,0,0,0,.,.,.,.
6,106,4,14,3/11/2021,203,.,.,hot,0,0,0,.,.,.,.
6,107,30,57,3/11/2021,203,.,.,hot,0,0,0,.,.,.,.
6,108,40,1,3/11/2021,203,.,.,hot,0,0,0,.,.,.,.
6,109,45,30,3/11/2021,203,.,.,hot,0,0,0,.,.,.,.
6,110,9,10,3/11/2021,203,.,.,hot,0,0,0,.,.,.,.
6,111,6,17,3/11/2021,203,.,.,hot,0,0,0,.,.,.,.
6,112,8,24,3/11/2021,203,.,.,hot,0,0,0,.,.,.,.
6,113,4,43,3/11/2021,203,.,.,hot,0,0,0,.,.,.,.
6,114,1,47,3/11/2021,203,.,.,hot,0,0,0,.,.,.,.
6,115,6,30,3/11/2021,203,.,.,hot,0,0,0,.,.,.,.
1,1,80,30,6/13/2021,297,134,41,rainy,1,1,2,58.52,52.73,2423.63,1997.42
1,2,69,3,6/13/2021,297,49,37,rainy,1,1,2,45.72,47.24,1696.46,1895.22
1,3,80,47,6/13/2021,297,51,.,rainy,1,0,1,44.5,31.09,1086.61,1059.09
1,4,49,42,6/13/2021,297,63,80,rainy,1,1,2,79.86,60.96,3823.41,3818.31
1,6,80,2,6/13/2021,297,140,.,rainy,1,0,1,42.67,31.09,1041.95,994.06
1,7,69,26,6/13/2021,297,57,.,rainy,1,0,1,77.42,73.46,4466.53,2982.19
1,8,65,30,6/13/2021,297,.,.,rainy,0,0,0,.,.,.,.
1,9,49,39,6/13/2021,297,130,146,rainy,1,1,2,177.09,143.87,20009.58,21423.44
1,10,80,14,6/13/2021,297,36,.,rainy,1,0,1,.,.,.,.
1,11,69,28,6/13/2021,297,96,78,rainy,1,1,2,97.84,60.96,4684.41,5639.21
1,12,69,39,6/13/2021,297,47,44,rainy,1,1,2,59.74,56.69,2660.04,2712.77
1,13,50,30,6/13/2021,297,.,.,rainy,0,0,0,.,.,.,.
1,14,30,34,6/13/2021,297,180,164,rainy,1,1,2,74.07,58.52,3404.3,3056.51
1,15,80,49,6/13/2021,297,.,.,rainy,0,0,0,.,.,.,.
1,16,66,2,6/13/2021,297,38,24,rainy,1,1,2,43.89,35.97,1239.84,1179.87
1,17,69,35,6/13/2021,297,.,.,rainy,0,0,0,.,.,.,.
1,18,69,23,6/13/2021,297,75,64,rainy,1,1,2,56.39,49.99,2213.78,2164.64
1,19,69,10,6/13/2021,297,.,.,rainy,0,0,0,.,.,.,.
1,20,71,8,6/13/2021,297,95,90,rainy,1,1,2,40.84,22.86,733.31,733.93
1,21,49,17,6/13/2021,297,.,.,rainy,0,0,0,.,.,.,.
1,22,39,7,6/13/2021,297,.,.,rainy,0,0,0,.,.,.,.
1,23,65,40,6/13/2021,297,65,73,rainy,1,1,2,58.22,49.68,2271.65,2099.61
1,24,45,31,6/13/2021,297,.,.,rainy,0,0,0,.,.,.,.
1,25,45,18.1,6/13/2021,297,.,.,rainy,0,0,0,.,.,.,.
1,26,67,27,6/13/2021,297,.,.,rainy,0,0,0,.,.,.,.
1,27,45,4,6/13/2021,297,.,.,rainy,0,0,0,.,.,.,.
1,28,49,36,6/13/2021,297,.,.,rainy,0,0,0,.,.,.,.
1,29,49,30,6/13/2021,297,.,.,rainy,0,0,0,.,.,.,.
1,30,65,11,6/13/2021,297,71,54,rainy,1,1,2,75.59,53.04,3148.62,3493.15
1,31,45,19,6/13/2021,297,82,78,rainy,1,1,2,104.85,89.31,7354.38,7181.4
1,32,49,18,6/13/2021,297,34,.,rainy,1,0,1,38.71,28.35,861.8,1096.26
1,33,69,45,6/13/2021,297,79,50,rainy,1,1,2,102.41,106.68,8580.79,7664.5
1,34,45,24,6/13/2021,297,112,95,rainy,1,1,2,91.44,100.58,7223.62,8259.08
1,35,80,46,6/13/2021,297,99,97,rainy,1,1,2,82.91,65.53,4267.04,4524.38
1,36,45,39,6/13/2021,297,.,.,rainy,0,0,0,.,.,.,.
1,37,67,42,6/13/2021,297,.,.,rainy,0,0,0,.,.,.,.
1,38,45,5,6/13/2021,297,.,.,rainy,0,0,0,.,.,.,.
1,39,80,28,6/13/2021,297,.,.,rainy,0,0,0,.,.,.,.
1,40,67,30,6/13/2021,297,.,.,rainy,0,0,0,.,.,.,.
1,41,69,5,6/13/2021,297,77,71,rainy,1,1,2,152.4,83.82,10032.81,11715.07
1,42,45,28,6/13/2021,297,17,.,rainy,1,0,1,.,.,.,353.03
1,43,45,41,6/13/2021,297,115,102,rainy,1,1,2,137.77,88.7,9597.35,9531.85
1,44,72,26,6/13/2021,297,47,.,rainy,1,0,1,.,.,.,.
1,45,69,8,6/13/2021,297,160,134,rainy,1,1,2,120.7,123.14,11673.37,12133.14
1,46,45,2,6/13/2021,297,75,59,rainy,1,1,2,81.69,74.37,4771.38,4858.83
1,47,67,14,6/13/2021,297,.,.,rainy,0,0,0,.,.,.,.
1,48,49,19,6/13/2021,297,81,86,rainy,1,1,2,107.29,97.23,8193.19,7525.15
1,49,82,19,6/13/2021,297,124,119,rainy,1,1,2,98.76,77.72,6028.44,5982.96
1,50,65,1,6/13/2021,297,54,54,rainy,1,1,2,58.83,47.24,2182.77,1969.54
1,51,49,14,6/13/2021,297,.,.,rainy,0,0,0,.,.,.,.
1,52,80,27,6/13/2021,297,.,.,rainy,0,0,0,.,.,.,.
1,53,49,35,6/13/2021,297,48,.,rainy,1,0,1,65.23,40.23,2061.14,2006.71
1,54,49,29.1,6/13/2021,297,34,.,rainy,1,0,1,.,.,.,.
1,55,67,38,6/13/2021,297,.,.,rainy,0,0,0,.,.,.,.
1,56,49,12,6/13/2021,297,47,.,rainy,1,0,1,25.91,21.03,427.94,473.81
1,57,80,7,6/13/2021,297,132,.,rainy,1,0,1,57.61,33.53,1516.96,1588.64
1,58,45,47,6/13/2021,297,.,.,rainy,0,0,0,.,.,.,.
1,59,60,14,6/13/2021,297,.,.,rainy,0,0,0,.,.,.,.
1,60,49,20,6/13/2021,297,62,72,rainy,1,1,2,93.57,112.78,8288.19,7803.86
1,61,7,14,6/13/2021,297,113,.,rainy,1,0,1,68.88,57.3,3100.17,2926.45
1,62,45,36,6/13/2021,297,32,34,rainy,1,1,2,50.29,36.27,1432.68,1421.42
1,63,49,3,6/13/2021,297,62,72,rainy,1,1,2,77.11,68.28,4135.12,3688.25
1,64,66,37,6/13/2021,297,71,68,rainy,1,1,2,33.83,25.3,672.23,613.16
1,65,80,24,6/13/2021,297,100,79,rainy,1,1,2,35.97,46.94,1325.94,2016
1,66,82,21,6/13/2021,297,122,80,rainy,1,1,2,95.4,67.06,5024.43,4329.28
1,67,30,32,6/13/2021,297,.,.,rainy,0,0,0,.,.,.,.
1,68,49,8,6/13/2021,297,34,.,rainy,1,0,1,.,.,.,371.61
1,69,80,3,6/13/2021,297,37,42,rainy,1,1,2,58.22,48.46,2215.9,2016
1,70,11,23,6/13/2021,297,.,.,rainy,0,0,0,.,.,.,.
1,71,71,10,6/13/2021,297,.,.,rainy,0,0,0,.,.,.,.
1,72,79,6,6/13/2021,297,.,.,rainy,0,0,0,.,.,.,.
1,73,69,27,6/13/2021,297,.,.,rainy,0,0,0,.,.,.,.
1,74,80,13,6/13/2021,297,37,.,rainy,1,0,1,.,.,.,.
1,75,34,8,6/13/2021,297,54,.,rainy,1,0,1,.,.,.,.
1,76,39,36,6/13/2021,297,.,.,rainy,0,0,0,.,.,.,.
1,77,34,25,6/13/2021,297,38,.,rainy,1,0,1,.,.,.,.
1,78,80,38,6/13/2021,297,47,.,rainy,1,0,1,41.76,42.06,1379.49,1226.32
1,79,80,26,6/13/2021,297,96,44,rainy,1,1,2,38.4,33.83,1020.5,1003.35
1,80,71,27,6/13/2021,297,.,.,rainy,0,0,0,.,.,.,.
1,81,6,3,6/13/2021,297,.,.,rainy,0,0,0,.,.,.,.
1,82,49,40,6/13/2021,297,49,.,rainy,1,0,1,51.51,39.62,1603.06,1588.64
1,83,11,32,6/13/2021,297,32,.,rainy,1,0,1,42.67,36.58,1225.83,1124.13
1,84,45,34,6/13/2021,297,.,.,rainy,0,0,0,.,.,.,.
1,85,69,7,6/13/2021,297,47,35,rainy,1,1,2,82.91,61.87,4028.88,3130.83
1,86,6,10,6/13/2021,297,.,.,rainy,0,0,0,.,.,.,.
1,87,65,35,6/13/2021,297,.,.,rainy,0,0,0,.,.,.,.
1,88,45,48,6/13/2021,297,.,.,rainy,0,0,0,.,.,.,.
1,89,70,25,6/13/2021,297,39,38,rainy,1,1,2,60.35,65.84,3120.6,2591.99
1,90,9,18,6/13/2021,297,.,.,rainy,0,0,0,.,.,.,.
1,91,36,40,6/13/2021,297,60,.,rainy,1,0,1,.,.,.,315.87
1,92,60,2,6/13/2021,297,.,.,rainy,0,0,0,.,.,.,.
1,93,66,9,6/13/2021,297,.,.,rainy,0,0,0,.,.,.,.
1,94,36,38,6/13/2021,297,35,.,rainy,1,0,1,.,.,.,325.16
1,95,71,21,6/13/2021,297,.,.,rainy,0,0,0,.,.,.,.
1,96,45,23,6/13/2021,297,.,.,rainy,0,0,0,.,.,.,.
1,97,60,42,6/13/2021,297,.,.,rainy,0,0,0,.,.,.,.
1,98,67,4,6/13/2021,297,.,.,rainy,0,0,0,.,.,.,.
1,99,36,1,6/13/2021,297,54,47,rainy,1,1,2,44.5,32.92,1150.53,1114.84
1,100,69,17,6/13/2021,297,.,.,rainy,0,0,0,.,.,.,.
1,101,80,41,6/13/2021,297,56,.,rainy,1,0,1,35.97,40.84,1153.74,1124.13
1,102,43,12,6/13/2021,297,83,72,rainy,1,1,2,76.2,67.36,4031.36,3734.7
1,103,60,43,6/13/2021,297,49,.,rainy,1,0,1,83.52,41.76,2738.99,1802.32
1,104,6,5,6/13/2021,297,.,.,rainy,0,0,0,.,.,.,.
1,105,80,32,6/13/2021,297,67,.,rainy,1,0,1,32.61,41.76,1069.61,1124.13
1,106,69,4,6/13/2021,297,37,24,rainy,1,1,2,42.06,48.77,1611.09,1495.74
1,107,65,50,6/13/2021,297,.,.,rainy,0,0,0,.,.,.,.
1,108,80,50,6/13/2021,297,.,.,rainy,0,0,0,.,.,.,.
1,109,11,46,6/13/2021,297,52,44,rainy,1,1,2,68.28,47.85,2566.06,2331.87
1,110,6,29,6/13/2021,297,.,.,rainy,0,0,0,.,.,.,.
1,111,26,61,6/13/2021,297,119,116,rainy,1,1,2,99.67,103.02,8064.63,8519.21
1,112,66,25,6/13/2021,297,.,.,rainy,0,0,0,.,.,.,.
1,113,1,22,6/13/2021,297,16,.,rainy,1,0,1,35.97,29.26,826.56,761.8
1,114,60,37,6/13/2021,297,150,145,rainy,1,1,2,193.24,142.95,21696.11,18171.83
1,115,4,26,6/13/2021,297,70,.,rainy,1,0,1,.,.,.,.
1,116,50,3,6/13/2021,297,.,.,rainy,0,0,0,.,.,.,.
1,117,7,2,6/13/2021,297,77,.,rainy,1,0,1,.,.,.,306.58
1,118,6,7,6/13/2021,297,.,.,rainy,0,0,0,.,.,.,.
1,119,11,1,6/13/2021,297,.,.,rainy,0,0,0,.,.,.,.
1,120,69,14,6/13/2021,297,114,.,rainy,1,0,1,.,.,.,.
1,121,82,5,6/13/2021,297,97,.,rainy,1,0,1,.,.,.,.
1,122,11,42,6/13/2021,297,54,.,rainy,1,0,1,74.37,40.54,2367.89,2155.35
1,123,7,39,6/13/2021,297,69,53,rainy,1,1,2,33.83,21.34,566.94,613.16
1,124,69,22,6/13/2021,297,.,.,rainy,0,0,0,.,.,.,.
1,125,1,20,6/13/2021,297,.,.,rainy,0,0,0,.,.,.,.
1,126,45,6,6/13/2021,297,.,.,rainy,0,0,0,.,.,.,.
1,127,6,8,6/13/2021,297,.,.,rainy,0,0,0,.,.,.,.
1,128,82,22,6/13/2021,297,80,.,rainy,1,0,1,68.58,50.6,2725.28,2777.8
1,129,49,11,6/13/2021,297,.,.,rainy,0,0,0,.,.,.,.
1,130,7,43,6/13/2021,297,85,.,rainy,1,0,1,26.52,20.73,431.67,436.64
1,131,80,25,6/13/2021,297,65,.,rainy,1,0,1,34.14,28.04,751.84,826.84
1,132,50,11,6/13/2021,297,.,.,rainy,0,0,0,.,.,.,.
1,133,66,19,6/13/2021,297,80,.,rainy,1,0,1,75.59,64.31,3818.16,3121.54
1,134,72,47,6/13/2021,297,.,.,rainy,0,0,0,.,.,.,.
1,135,71,11.1,6/13/2021,297,.,.,rainy,0,0,0,.,.,.,.
1,136,67,31,6/13/2021,297,.,.,rainy,0,0,0,.,.,.,.
1,137,11,6,6/13/2021,297,48,79,rainy,1,1,2,35.66,24.99,700.03,771.1
1,138,80,23,6/13/2021,297,83,.,rainy,1,0,1,47.24,41.45,1538.12,1635.09
1,139,45,32,6/13/2021,297,61,.,rainy,1,0,1,36.58,32,919.37,882.58
1,140,65,19,6/13/2021,297,31,34,rainy,1,1,2,34.44,34.14,923.46,1031.22
1,141,69,32,6/13/2021,297,49,.,rainy,1,0,1,37.19,40.54,1183.94,1068.38
1,142,80,45,6/13/2021,297,74,.,rainy,1,0,1,68.28,39.01,2092.08,1932.38
1,143,45,3,6/13/2021,297,37,55,rainy,1,1,2,55.47,49.38,2151.33,2183.22
1,144,69,6,6/13/2021,297,49,.,rainy,1,0,1,58.22,34.75,1588.76,1588.64
1,145,69,18,6/13/2021,297,90,48,rainy,1,1,2,110.34,94.79,8214.64,7525.15
1,146,45,1.1,6/13/2021,297,20,.,rainy,1,0,1,.,.,.,.
1,147,65,28,6/13/2021,297,31,.,rainy,1,0,1,39.93,39.32,1233.05,1337.8
1,148,49,25,6/13/2021,297,59,.,rainy,1,0,1,29.57,25.91,601.6,520.26
1,149,66,18,6/13/2021,297,.,.,rainy,0,0,0,.,.,.,.
1,150,69,42,6/13/2021,297,53,48,rainy,1,1,2,72.54,42.37,2413.86,2211.09
1,151,49,50,6/13/2021,297,34,47,rainy,1,1,2,59.44,60.96,2845.67,2740.64
1,152,82,29,6/13/2021,297,.,.,rainy,0,0,0,.,.,.,.
1,153,82,28,6/13/2021,297,97,81,rainy,1,1,2,64.92,51.51,2626.55,2387.61
1,154,69,49,6/13/2021,297,.,.,rainy,0,0,0,.,.,.,.
1,155,49,26,6/13/2021,297,50,.,rainy,1,0,1,41.15,45.11,1457.86,1365.67
1,156,69,46,6/13/2021,297,.,.,rainy,0,0,0,.,.,.,.
1,157,45,44,6/13/2021,297,14,.,rainy,1,0,1,.,.,.,445.93
1,158,49,27,6/13/2021,297,53,.,rainy,1,0,1,43.59,29.87,1022.54,947.61
1,159,66,17,6/13/2021,297,68,.,rainy,1,0,1,45.42,30.48,1087.19,1012.64
1,160,66,29,6/13/2021,297,74,.,rainy,1,0,1,.,.,.,.
1,161,69,2,6/13/2021,297,38,.,rainy,1,0,1,92.05,37.8,2732.43,2480.51
1,162,69,29,6/13/2021,297,61,.,rainy,1,0,1,.,.,.,.
1,163,45,38,6/13/2021,297,.,.,rainy,0,0,0,.,.,.,.
1,164,49,15,6/13/2021,297,53,.,rainy,1,0,1,86.87,83.52,5697.91,5202.57
1,165,69,25,6/13/2021,297,.,.,rainy,0,0,0,.,.,.,.
1,166,69,38,6/13/2021,297,.,.,rainy,0,0,0,.,.,.,.
1,167,80,5.1,6/13/2021,297,98,84,rainy,1,1,2,32.31,47.55,1206.56,1207.74
1,168,49,43,6/13/2021,297,.,.,rainy,0,0,0,.,.,.,.
1,169,80,34,6/13/2021,297,92,.,rainy,1,0,1,40.84,41.45,1329.73,1077.68
1,170,69,33,6/13/2021,297,106,105,rainy,1,1,2,131.98,95.4,9888.99,9922.04
1,171,80,10.1,6/13/2021,297,40,.,rainy,1,0,1,43.59,40.54,1387.74,1309.93
1,172,45,50,6/13/2021,297,71,64,rainy,1,1,2,49.07,38.1,1468.44,1579.35
1,173,69,9,6/13/2021,297,.,.,rainy,0,0,0,.,.,.,.
1,174,69,20,6/13/2021,297,34,.,rainy,1,0,1,91.44,30.18,2167.09,2276.12
1,175,26,6,6/13/2021,297,85,85,rainy,1,1,2,84.12,94.79,6263.1,6484.63
1,176,45,16,6/13/2021,297,.,.,rainy,0,0,0,.,.,.,.
1,177,80,21,6/13/2021,297,74,.,rainy,1,0,1,36.27,34.75,989.86,1068.38
1,178,71,24,6/13/2021,297,.,.,rainy,0,0,0,.,.,.,.
1,179,66,39,6/13/2021,297,68,.,rainy,1,0,1,61.57,50.29,2431.95,1941.67
1,180,9,14,6/13/2021,297,87,80,rainy,1,1,2,82.91,97.23,6331.1,4673.02
1,181,11,39,6/13/2021,297,.,.,rainy,0,0,0,.,.,.,.
1,182,66,43,6/13/2021,297,81,117,rainy,1,1,2,37.19,36.88,1077.12,947.61
1,183,4,24,6/13/2021,297,83,.,rainy,1,0,1,53.95,47.85,2027.65,1913.8
1,184,67,19,6/13/2021,297,.,.,rainy,0,0,0,.,.,.,.
1,185,11,49,6/13/2021,297,50,.,rainy,1,0,1,81.69,27.13,1740.38,1430.71
1,186,1,14,6/13/2021,297,.,.,rainy,0,0,0,.,.,.,.
1,187,49,33,6/13/2021,297,53,.,rainy,1,0,1,.,.,.,.
1,188,34,16,6/13/2021,297,.,.,rainy,0,0,0,.,.,.,.
1,189,11,13,6/13/2021,297,121,.,rainy,1,0,1,99.06,34.14,2655.96,2722.06
1,190,45,35,6/13/2021,297,.,.,rainy,0,0,0,.,.,.,.
1,191,11,8,6/13/2021,297,.,.,rainy,0,0,0,.,.,.,.
1,192,66,33,6/13/2021,297,.,.,rainy,0,0,0,.,.,.,.
1,193,72,24,6/13/2021,297,55,.,rainy,1,0,1,40.54,36.58,1164.54,1226.32
1,194,80,48,6/13/2021,297,59,46,rainy,1,1,2,48.16,36.88,1394.96,1412.13
1,195,1,48,6/13/2021,297,.,.,rainy,0,0,0,.,.,.,.
1,196,60,13,6/13/2021,297,139,116,rainy,1,1,2,114.91,70.71,6381.89,7107.08
1,197,34,1,6/13/2021,297,.,.,rainy,0,0,0,.,.,.,.
1,198,49,45,6/13/2021,297,.,.,rainy,0,0,0,.,.,.,.
1,199,30,12,6/13/2021,297,.,.,rainy,0,0,0,.,.,.,.
1,200,81,7,6/13/2021,297,102,87,rainy,1,1,2,62.79,50.29,2480.11,2341.16
1,201,50,5,6/13/2021,297,.,.,rainy,0,0,0,.,.,.,.
1,202,71,19,6/13/2021,297,.,.,rainy,0,0,0,.,.,.,.
1,203,9,7,6/13/2021,297,29,32,rainy,1,1,2,49.38,47.85,1855.81,1430.71
1,204,70,30,6/13/2021,297,79,76,rainy,1,1,2,92.66,117.96,8584.29,8547.08
1,205,65,38,6/13/2021,297,.,.,rainy,0,0,0,.,.,.,.
1,206,45,49,6/13/2021,297,18,53,rainy,1,1,2,69.8,75.9,4160.59,4199.22
1,207,43,37,6/13/2021,297,200,209,rainy,1,1,2,99.06,82.6,6426.47,6902.7
1,208,26,17,6/13/2021,297,75,63,rainy,1,1,2,122.83,111.86,10791.73,4134.19
1,209,50,28,6/13/2021,297,.,.,rainy,0,0,0,.,.,.,.
1,210,45,33,6/13/2021,297,.,.,rainy,0,0,0,.,.,.,.
1,211,36,19,6/13/2021,297,71,56,rainy,1,1,2,49.38,41.45,1607.58,1560.77
1,212,70,2,6/13/2021,297,.,.,rainy,0,0,0,.,.,.,.
1,213,69,15,6/13/2021,297,71,35,rainy,1,1,2,63.7,45.42,2272.23,2304
1,214,70,14,6/13/2021,297,54,.,rainy,1,0,1,25.6,24.38,490.33,492.39
1,215,65,13,6/13/2021,297,28,30,rainy,1,1,2,51.21,40.54,1630.35,1505.03
1,216,9,17,6/13/2021,297,116,111,rainy,1,1,2,108.2,61.87,5258.29,5555.6
1,217,30,6,6/13/2021,297,40,.,rainy,1,0,1,.,.,.,.
1,218,67,28,6/13/2021,297,.,.,rainy,0,0,0,.,.,.,.
1,219,7,8,6/13/2021,297,.,.,rainy,0,0,0,.,.,.,.
1,220,11,48,6/13/2021,297,.,.,rainy,0,0,0,.,.,.,.
1,221,11,22,6/13/2021,297,47,47,rainy,1,1,2,60.35,46.33,2195.98,2155.35
1,222,70,22,6/13/2021,297,.,.,rainy,0,0,0,.,.,.,.
1,223,49,24,6/13/2021,297,80,98,rainy,1,1,2,104.85,74.07,6099.36,5759.99
1,224,71,4,6/13/2021,297,66,.,rainy,1,0,1,40.84,22.56,723.53,854.71
1,225,1,29,6/13/2021,297,.,.,rainy,0,0,0,.,.,.,.
1,226,1,33,6/13/2021,297,.,.,rainy,0,0,0,.,.,.,.
1,227,60,28,6/13/2021,297,108,101,rainy,1,1,2,84.73,82.91,5517.39,5174.7
1,228,49,37,6/13/2021,297,47,74,rainy,1,1,2,73.15,55.17,3169.64,2647.74
1,229,66,20,6/13/2021,297,72,86,rainy,1,1,2,91.44,82.91,5954.02,4961.02
1,230,49,32,6/13/2021,297,54,60,rainy,1,1,2,98.15,82.91,6390.64,6577.54
1,231,39,49,6/13/2021,297,.,.,rainy,0,0,0,.,.,.,.
1,232,60,34,6/13/2021,297,114,77,rainy,1,1,2,118.87,78.33,7313.37,7069.92
1,233,4,36,6/13/2021,297,136,88,rainy,1,1,2,76.5,72.54,4358.84,3799.73
1,234,79,8,6/13/2021,297,48,33,rainy,1,1,2,76.81,51.82,3125.86,3223.74
1,235,39,21,6/13/2021,297,.,.,rainy,0,0,0,.,.,.,.
1,236,81,11,6/13/2021,297,146,127,rainy,1,1,2,124.05,99.97,9740.65,2341.16
1,237,80,29,6/13/2021,297,139,.,rainy,1,0,1,61.87,52.12,2532.86,2443.35
1,238,34,15,6/13/2021,297,33,.,rainy,1,0,1,.,.,.,.
1,239,49,28,6/13/2021,297,58,68,rainy,1,1,2,116.74,83.21,7629.24,7088.5
1,240,34,26,6/13/2021,297,31,.,rainy,1,0,1,.,.,.,306.58
1,241,4,6,6/13/2021,297,.,.,rainy,0,0,0,.,.,.,.
1,242,46,7,6/13/2021,297,20,.,rainy,1,0,1,40.84,32.31,1036.41,1059.09
1,243,39,40,6/13/2021,297,.,.,rainy,0,0,0,.,.,.,.
1,244,43,4,6/13/2021,297,.,.,rainy,0,0,0,.,.,.,.
1,245,4,29,6/13/2021,297,.,.,rainy,0,0,0,.,.,.,.
1,246,79,10,6/13/2021,297,29,.,rainy,1,0,1,34.14,27.13,727.32,706.06
1,247,49,46,6/13/2021,297,.,.,rainy,0,0,0,.,.,.,.
1,248,49,38,6/13/2021,297,61,59,rainy,1,1,2,121.31,89,8479.8,6726.18
1,249,49,22,6/13/2021,297,47,52,rainy,1,1,2,53.64,44.81,1887.77,1848.77
1,250,81,21,6/13/2021,297,.,.,rainy,0,0,0,.,.,.,.
1,251,80,22,6/13/2021,297,.,.,rainy,0,0,0,.,.,.,.
1,252,45,8,6/13/2021,297,72,79,rainy,1,1,2,82.91,90.53,5894.48,5323.34
1,253,67,39,6/13/2021,297,.,.,rainy,0,0,0,.,.,.,.
1,254,80,4,6/13/2021,297,145,.,rainy,1,0,1,32,21.03,528.64,529.55
1,255,49,21,6/13/2021,297,65,67,rainy,1,1,2,78.03,70.1,4296.23,4626.57
1,256,80,33,6/13/2021,297,86,.,rainy,1,0,1,42.06,43.59,1439.91,1542.19
1,257,67,35,6/13/2021,297,.,.,rainy,0,0,0,.,.,.,.
1,258,80,39,6/13/2021,297,131,.,rainy,1,0,1,44.5,38.1,1331.63,1198.45
1,259,80,36,6/13/2021,297,114,.,rainy,1,0,1,50.29,50.6,1998.54,1941.67
1,260,45,9,6/13/2021,297,124,168,rainy,1,1,2,115.21,100.89,9129.34,8398.43
1,261,36,46,6/13/2021,297,24,.,rainy,1,0,1,.,.,.,195.1
1,262,45,27,6/13/2021,297,61,.,rainy,1,0,1,61.87,48.46,2355.12,2266.83
1,263,49,16,6/13/2021,297,45,45,rainy,1,1,2,83.21,82.91,5418.15,5314.05
1,264,80,44,6/13/2021,297,68,.,rainy,1,0,1,52.43,37.8,1556.22,1449.29
1,265,80,40,6/13/2021,297,100,.,rainy,1,0,1,57.91,35.05,1594.3,1839.48
1,266,66,27,6/13/2021,297,74,92,rainy,1,1,2,54.25,34.14,1454.65,1625.8
1,267,49,41,6/13/2021,297,64,85,rainy,1,1,2,79.86,114,7149.78,7032.76
1,268,66,12,6/13/2021,297,99,.,rainy,1,0,1,97.84,71.02,5457.34,5249.02
1,269,69,41,6/13/2021,297,69,43,rainy,1,1,2,41.45,37.49,1220.57,1263.48
1,270,45,45,6/13/2021,297,76,29,rainy,1,1,2,31.39,27.43,676.39,864
1,271,69,40,6/13/2021,297,68,.,rainy,1,0,1,48.77,41.76,1599.41,1728
1,272,80,6,6/13/2021,297,94,52,rainy,1,1,2,75.29,57.3,3388.24,3260.9
1,273,34,3,6/13/2021,297,67,73,rainy,1,1,2,95.4,93.88,7034.2,6363.86
1,274,60,19,6/13/2021,297,131,143,rainy,1,1,2,140.21,75.59,8323.95,9922.04
1,275,80,43,6/13/2021,297,48,.,rainy,1,0,1,51.82,46.02,1873.03,1802.32
1,276,39,28,6/13/2021,297,.,.,rainy,0,0,0,.,.,.,.
1,277,72,22,6/13/2021,297,.,.,rainy,0,0,0,.,.,.,.
1,278,60,21,6/13/2021,297,111,100,rainy,1,1,2,75.29,38.71,2288.87,3056.51
1,279,67,13,6/13/2021,297,.,.,rainy,0,0,0,.,.,.,.
1,280,40,3,6/13/2021,297,.,.,rainy,0,0,0,.,.,.,.
1,281,49,34,6/13/2021,297,51,49,rainy,1,1,2,89.92,62.18,4391.09,4570.83
1,282,39,3,6/13/2021,297,36,.,rainy,1,0,1,56.69,60.05,2673.62,2657.03
1,283,1,10,6/13/2021,297,.,.,rainy,0,0,0,.,.,.,.
1,284,26,26,6/13/2021,297,96,.,rainy,1,0,1,75.29,57,3370.22,3632.51
1,285,26,20,6/13/2021,297,47,113,rainy,1,1,2,51.82,47.55,1935.06,1978.83
1,286,43,40,6/13/2021,297,98,100,rainy,1,1,2,39.93,46.94,1472.01,1235.61
1,287,36,3,6/13/2021,297,82,80,rainy,1,1,2,52.73,46.33,1918.71,2006.71
1,288,65,10,6/13/2021,297,70,.,rainy,1,0,1,46.02,33.53,1211.96,1077.68
1,289,81,4,6/13/2021,297,79,.,rainy,1,0,1,78.94,65.53,4063.1,3316.64
1,290,7,11,6/13/2021,297,.,.,rainy,0,0,0,.,.,.,.
2,1,36,15,6/13/2021,297,.,.,rainy,0,0,0,.,.,.,.
2,2,36,16,6/13/2021,297,.,.,rainy,0,0,0,.,.,.,.
2,3,43,1,6/13/2021,297,40,.,rainy,1,0,1,66.45,46.94,2449.61,2657.03
2,4,43,43,6/13/2021,297,104,103,rainy,1,1,2,103.63,78.03,6350.95,5657.8
2,5,40,10,6/13/2021,297,.,.,rainy,0,0,0,.,.,.,.
2,6,69,19,6/13/2021,297,106,113,rainy,1,1,2,62.79,58.52,2885.95,2852.12
2,7,45,22,6/13/2021,297,.,.,rainy,0,0,0,.,.,.,.
2,8,36,4,6/13/2021,297,81,68,rainy,1,1,2,71.63,39.62,2229.11,2489.8
2,9,43,5,6/13/2021,297,.,.,rainy,0,0,0,.,.,.,.
2,10,43,36,6/13/2021,297,132,129,rainy,1,1,2,84.12,55.47,3665.22,3483.86
2,11,36,11,6/13/2021,297,55,.,rainy,1,0,1,67.36,45.72,2418.82,2238.96
2,12,43,41,6/13/2021,297,105,90,rainy,1,1,2,78.03,67.36,4128.12,4459.35
2,13,43,3,6/13/2021,297,106,166,rainy,1,1,2,106.68,92.96,7789.11,7069.92
2,14,43,2,6/13/2021,297,119,116,rainy,1,1,2,90.83,89.31,6370.94,5537.02
2,15,82,12,6/13/2021,297,107,139,rainy,1,1,2,148.44,104.85,12223.83,13424.49
2,16,49,48,6/13/2021,297,49,52,rainy,1,1,2,58.52,55.78,2563.73,2461.93
2,17,67,20,6/13/2021,297,.,.,rainy,0,0,0,.,.,.,.
2,18,34,9,6/13/2021,297,.,.,rainy,0,0,0,.,.,.,.
2,19,66,15,6/13/2021,297,81,.,rainy,1,0,1,58.83,47.24,2182.77,2396.9
2,20,11,12,6/13/2021,297,86,73,rainy,1,1,2,.,.,.,.
2,21,36,6,6/13/2021,297,76,67,rainy,1,1,2,56.69,47.24,2103.61,1690.84
2,22,30,35,6/13/2021,297,61,54,rainy,1,1,2,45.42,35.66,1272.01,1272.77
2,23,45,42,6/13/2021,297,.,.,rainy,0,0,0,.,.,.,.
2,24,8,42,6/13/2021,297,64,67,rainy,1,1,2,46.94,35.97,1325.94,1309.93
2,25,8,23,6/13/2021,297,.,.,rainy,0,0,0,.,.,.,.
2,26,66,23,6/13/2021,297,.,.,rainy,0,0,0,.,.,.,.
2,27,11,50,6/13/2021,297,58,.,rainy,1,0,1,64.92,28.04,1429.84,1597.93
2,28,66,41,6/13/2021,297,57,.,rainy,1,0,1,67.67,44.5,2364.97,2257.54
2,29,34,21,6/13/2021,297,38,.,rainy,1,0,1,39.01,27.43,840.57,864
2,30,82,11,6/13/2021,297,200,166,rainy,1,1,2,180.75,143.87,20422.86,19026.54
2,31,30,26,6/13/2021,297,62,69,rainy,1,1,2,39.01,49.68,1522.36,1300.64
2,32,69,34,6/13/2021,297,.,.,rainy,0,0,0,.,.,.,.
2,33,66,14,6/13/2021,297,69,.,rainy,1,0,1,52.73,51.51,2133.3,1755.87
2,34,82,20,6/13/2021,297,160,121,rainy,1,1,2,96.01,92.96,7010.2,7487.99
2,35,11,28,6/13/2021,297,30,.,rainy,1,0,1,58.22,74.07,3386.57,3325.93
2,36,8,22,6/13/2021,297,104,107,rainy,1,1,2,74.07,78.03,4539.06,4552.25
2,37,26,16,6/13/2021,297,81,82,rainy,1,1,2,82.6,79.86,5180.72,4775.22
2,38,67,8,6/13/2021,297,.,.,rainy,0,0,0,.,.,.,.
2,39,72,43,6/13/2021,297,51,.,rainy,1,0,1,.,.,.,.
2,40,79,5,6/13/2021,297,19,.,rainy,1,0,1,35.97,28.04,792.12,817.55
2,41,11,40,6/13/2021,297,39.4,.,rainy,1,0,1,126.8,32.61,3247.86,4998.18
2,42,39,18,6/13/2021,297,27,.,rainy,1,0,1,28.65,21.95,493.83,510.97
2,43,30,17,6/13/2021,297,43,.,rainy,1,0,1,.,.,.,390.19
2,44,71,36,6/13/2021,297,65,.,rainy,1,0,1,.,.,.,315.87
2,45,81,8,6/13/2021,297,42,42,rainy,1,1,2,49.38,39.62,1536.66,1393.55
2,46,9,6,6/13/2021,297,82,63,rainy,1,1,2,49.99,41.76,1639.4,1644.38
2,47,4,12,6/13/2021,297,72,.,rainy,1,0,1,36.27,49.07,1397.95,1458.58
2,48,1,12,6/13/2021,297,.,.,rainy,0,0,0,.,.,.,.
2,49,6,23,6/13/2021,297,.,.,rainy,0,0,0,.,.,.,.
2,50,69,37,6/13/2021,297,102,.,rainy,1,0,1,.,.,.,.
2,51,7,45,6/13/2021,297,.,.,rainy,0,0,0,.,.,.,.
2,52,80,17,6/13/2021,297,69,.,rainy,1,0,1,29.57,41.45,962.57,929.03
2,53,71,30,6/13/2021,297,.,.,rainy,0,0,0,.,.,.,.
2,54,50,9,6/13/2021,297,.,.,rainy,0,0,0,.,.,.,.
2,55,6,21,6/13/2021,297,.,.,rainy,0,0,0,.,.,.,.
2,56,81,9,6/13/2021,297,.,.,rainy,0,0,0,.,.,.,.
2,57,34,4,6/13/2021,297,.,.,rainy,0,0,0,.,.,.,.
2,58,1,9,6/13/2021,297,.,.,rainy,0,0,0,.,.,.,.
2,59,6,24,6/13/2021,297,.,.,rainy,0,0,0,.,.,.,.
2,60,45,21,6/13/2021,297,.,.,rainy,0,0,0,.,.,.,.
2,61,69,36,6/13/2021,297,.,.,rainy,0,0,0,.,.,.,.
2,62,65,24,6/13/2021,297,.,.,rainy,0,0,0,.,.,.,.
2,63,50,19,6/13/2021,297,.,.,rainy,0,0,0,.,.,.,.
2,64,11,7,6/13/2021,297,.,.,rainy,0,0,0,.,.,.,.
2,65,45,14,6/13/2021,297,.,.,rainy,0,0,0,.,.,.,.
2,66,9,28,6/13/2021,297,.,.,rainy,0,0,0,.,.,.,.
2,67,82,1,6/13/2021,297,.,.,rainy,0,0,0,.,.,.,.
2,68,80,1,6/13/2021,297,25,.,rainy,1,0,1,.,.,.,.
2,69,34,40,6/13/2021,297,.,.,rainy,0,0,0,.,.,.,.
2,70,69,48,6/13/2021,297,.,.,rainy,0,0,0,.,.,.,.
2,71,30,9,6/13/2021,297,66,.,rainy,1,0,1,43.28,20.42,694.2,641.03
2,72,72,27,6/13/2021,297,.,.,rainy,0,0,0,.,.,.,.
2,73,11,18,6/13/2021,297,64,57,rainy,1,1,2,28.04,53.34,1174.75,1254.19
2,74,26,15,6/13/2021,297,14,.,rainy,1,0,1,43.59,32.61,1116.45,1114.84
2,75,26,3,6/13/2021,297,.,.,rainy,0,0,0,.,.,.,.
2,76,8,41,6/13/2021,297,.,.,rainy,0,0,0,.,.,.,.
2,77,7,33,6/13/2021,297,107,.,rainy,1,0,1,.,.,.,.
2,78,30,18,6/13/2021,297,.,.,rainy,0,0,0,.,.,.,.
2,79,8,6,6/13/2021,297,.,.,rainy,0,0,0,.,.,.,.
2,80,8,19,6/13/2021,297,.,.,rainy,0,0,0,.,.,.,.
2,81,9,24,6/13/2021,297,.,.,rainy,0,0,0,.,.,.,.
2,82,39,4,6/13/2021,297,.,.,rainy,0,0,0,.,.,.,.
2,83,6,28,6/13/2021,297,83,.,rainy,1,0,1,.,.,.,.
2,84,67,10,6/13/2021,297,.,.,rainy,0,0,0,.,.,.,.
2,85,80,11,6/13/2021,297,66,.,rainy,1,0,1,.,.,.,.
2,86,26,49,6/13/2021,297,80,.,rainy,1,0,1,78.03,72.85,4464.34,4533.67
2,87,72,2,6/13/2021,297,59,.,rainy,1,0,1,.,.,.,.
2,88,9,2,6/13/2021,297,.,.,rainy,0,0,0,.,.,.,.
2,89,72,7,6/13/2021,297,40,.,rainy,1,0,1,.,.,.,.
2,90,71,1,6/13/2021,297,.,.,rainy,0,0,0,.,.,.,.
2,91,70,3,6/13/2021,297,60,68,rainy,1,1,2,97.54,73.15,5603.78,6010.83
2,92,7,22,6/13/2021,297,.,.,rainy,0,0,0,.,.,.,.
2,93,72,21,6/13/2021,297,61,.,rainy,1,0,1,.,.,.,.
2,94,34,39,6/13/2021,297,37,.,rainy,1,0,1,.,.,.,.
2,95,7,32,6/13/2021,297,91,.,rainy,1,0,1,25.6,27.74,557.75,566.71
2,96,70,27,6/13/2021,297,.,.,rainy,0,0,0,.,.,.,.
2,97,81,17,6/13/2021,297,54,52,rainy,1,1,2,46.33,44.81,1630.35,1709.42
2,98,49,10,6/13/2021,297,47,.,rainy,1,0,1,28.96,22.56,512.95,455.22
2,99,67,16,6/13/2021,297,.,.,rainy,0,0,0,.,.,.,.
2,100,39,17,6/13/2021,297,.,.,rainy,0,0,0,.,.,.,.
2,101,39,1,6/13/2021,297,.,.,rainy,0,0,0,.,.,.,.
2,102,1,13,6/13/2021,297,.,.,rainy,0,0,0,.,.,.,.
2,103,50,4,6/13/2021,297,.,.,rainy,0,0,0,.,.,.,.
2,104,70,24,6/13/2021,297,.,.,rainy,0,0,0,.,.,.,.
2,105,69,12,6/13/2021,297,50,.,rainy,1,0,1,53.64,45.42,1913.46,1913.8
2,106,11,37,6/13/2021,297,19,.,rainy,1,0,1,.,.,.,390.19
2,107,1,1,6/13/2021,297,.,.,rainy,0,0,0,.,.,.,.
2,108,1,17,6/13/2021,297,.,.,rainy,0,0,0,.,.,.,.
2,109,4,13.1,6/13/2021,297,63,.,rainy,1,0,1,.,.,.,.
2,110,71,9,6/13/2021,297,.,.,rainy,0,0,0,.,.,.,.
2,111,8,34,6/13/2021,297,69,60,rainy,1,1,2,51.82,36.27,1476.1,1412.13
2,112,60,23,6/13/2021,297,.,.,rainy,0,0,0,.,.,.,.
2,113,26,7,6/13/2021,297,42,.,rainy,1,0,1,41.15,32,1034.29,1021.93
2,114,39,44,6/13/2021,297,16,.,rainy,1,0,1,.,.,.,390.19
2,115,65,18,6/13/2021,297,.,.,rainy,0,0,0,.,.,.,.
2,116,66,21,6/13/2021,297,60,.,rainy,1,0,1,42.06,29.57,976.72,947.61
2,117,26,2,6/13/2021,297,84,.,rainy,1,0,1,103.94,87.78,7165.83,6726.18
2,118,71,23,6/13/2021,297,.,.,rainy,0,0,0,.,.,.,.
2,119,71,20,6/13/2021,297,.,.,rainy,0,0,0,.,.,.,.
2,120,39,27,6/13/2021,297,.,.,rainy,0,0,0,.,.,.,.
2,121,67,46,6/13/2021,297,.,.,rainy,0,0,0,.,.,.,.
2,122,30,25,6/13/2021,297,.,.,rainy,0,0,0,.,.,.,.
2,123,65,6,6/13/2021,297,35,45,rainy,1,1,2,59.74,46.02,2159.5,2071.74
2,124,30,42,6/13/2021,297,67,31,rainy,1,1,2,47.55,42.37,1582.19,1430.71
2,125,36,37,6/13/2021,297,24,.,rainy,1,0,1,.,.,.,278.71
2,126,60,47,6/13/2021,297,.,.,rainy,0,0,0,.,.,.,.
2,127,7,21,6/13/2021,297,.,.,rainy,0,0,0,.,.,.,.
2,128,30,27,6/13/2021,297,112,55,rainy,1,1,2,82.3,59.74,3861.35,3641.8
2,129,43,29,6/13/2021,297,76,73,rainy,1,1,2,55.17,47.85,2073.47,2238.96
2,130,4,18,6/13/2021,297,96,51,rainy,1,1,2,38.4,42.67,1287.12,1226.32
2,131,4,8,6/13/2021,297,80,.,rainy,1,0,1,76.81,85.95,5185.25,4812.38
2,132,60,48,6/13/2021,297,122,.,rainy,1,0,1,121.62,77.72,7423.91,5583.47
2,133,11,15,6/13/2021,297,54,.,rainy,1,0,1,32.92,33.53,866.83,864
2,134,30,21,6/13/2021,297,91,77,rainy,1,1,2,44.81,42.67,1501.64,1579.35
2,135,26,53,6/13/2021,297,.,.,rainy,0,0,0,.,.,.,.
2,136,72,12,6/13/2021,297,30,.,rainy,1,0,1,.,.,.,.
2,137,65,22,6/13/2021,297,22,31,rainy,1,1,2,45.72,39.32,1411.89,1309.93
2,138,7,1,6/13/2021,297,.,.,rainy,0,0,0,.,.,.,.
2,139,49,5,6/13/2021,297,51,.,rainy,1,0,1,64.62,57.61,2923.6,2889.28
2,140,6,26,6/13/2021,297,.,.,rainy,0,0,0,.,.,.,.
2,141,1,16.1,6/13/2021,297,.,.,rainy,0,0,0,.,.,.,.
2,142,60,6,6/13/2021,297,.,.,rainy,0,0,0,.,.,.,.
2,143,43,46,6/13/2021,297,.,.,rainy,0,0,0,.,.,.,.
2,144,67,2,6/13/2021,297,.,.,rainy,0,0,0,.,.,.,.
2,145,7,29,6/13/2021,297,80,.,rainy,1,0,1,.,.,.,380.9
2,146,72,17,6/13/2021,297,.,.,rainy,0,0,0,.,.,.,.
2,147,67,45,6/13/2021,297,.,.,rainy,0,0,0,.,.,.,.
2,148,39,6,6/13/2021,297,.,.,rainy,0,0,0,.,.,.,.
2,149,39,19,6/13/2021,297,.,.,rainy,0,0,0,.,.,.,.
2,150,34,23,6/13/2021,297,.,.,rainy,0,0,0,.,.,.,.
2,151,1,15,6/13/2021,297,.,.,rainy,0,0,0,.,.,.,.
2,152,43,49,6/13/2021,297,142,.,rainy,1,0,1,.,.,.,.
2,153,6,22,6/13/2021,297,.,.,rainy,0,0,0,.,.,.,.
2,154,81,5,6/13/2021,297,145,143,rainy,1,1,2,84.12,56.39,3725.64,3223.74
2,155,8,47,6/13/2021,297,74,65,rainy,1,1,2,60.05,37.19,1753.66,1839.48
2,156,26,5,6/13/2021,297,102,.,rainy,1,0,1,.,.,.,.
2,157,60,5,6/13/2021,297,.,.,rainy,0,0,0,.,.,.,.
2,158,7,24,6/13/2021,297,80,.,rainy,1,0,1,.,.,.,.
2,159,4,1,6/13/2021,297,.,.,rainy,0,0,0,.,.,.,.
2,160,65,4,6/13/2021,297,.,.,rainy,0,0,0,.,.,.,.
2,161,66,22,6/13/2021,297,75,79,rainy,1,1,2,90.22,46.94,3326.08,2731.35
2,162,70,16,6/13/2021,297,57,.,rainy,1,0,1,.,.,.,.
2,163,30,19,6/13/2021,297,114,111,rainy,1,1,2,62.48,36.27,1780,1625.8
2,164,49,9,6/13/2021,297,66,.,rainy,1,0,1,50.6,44.2,1756.29,1625.8
2,165,4,16,6/13/2021,297,77,.,rainy,1,0,1,.,.,.,.
2,166,36,7,6/13/2021,297,59,50,rainy,1,1,2,46.63,35.05,1283.83,1170.58
2,167,60,35,6/13/2021,297,.,.,rainy,0,0,0,.,.,.,.
2,168,4,15,6/13/2021,297,86,.,rainy,1,0,1,.,.,.,.
2,169,82,10,6/13/2021,297,106,84,rainy,1,1,2,75.9,72.54,4324.1,4468.64
2,170,71,2,6/13/2021,297,.,.,rainy,0,0,0,.,.,.,.
2,171,49,2,6/13/2021,297,.,.,rainy,0,0,0,.,.,.,.
2,172,50,20,6/13/2021,297,.,.,rainy,0,0,0,.,.,.,.
2,173,8,17,6/13/2021,297,.,.,rainy,0,0,0,.,.,.,.
2,174,72,6,6/13/2021,297,33,127,rainy,1,1,2,84.12,58.83,3886.75,3920.51
2,175,72,18,6/13/2021,297,.,.,rainy,0,0,0,.,.,.,.
2,176,67,1,6/13/2021,297,.,.,rainy,0,0,0,.,.,.,.
2,177,8,28,6/13/2021,297,119,.,rainy,1,0,1,67.97,71.93,3840.05,3428.12
2,178,60,7,6/13/2021,297,.,.,rainy,0,0,0,.,.,.,.
2,179,50,23,6/13/2021,297,.,.,rainy,0,0,0,.,.,.,.
2,180,7,23,6/13/2021,297,91,.,rainy,1,0,1,.,.,.,.
2,181,4,9,6/13/2021,297,129,.,rainy,1,0,1,42.37,78.33,2606.56,2796.38
2,182,26,24,6/13/2021,297,122,117,rainy,1,1,2,108.81,117.65,10054.84,9717.66
2,183,67,15,6/13/2021,297,.,.,rainy,0,0,0,.,.,.,.
2,184,1,19,6/13/2021,297,.,.,rainy,0,0,0,.,.,.,.
2,185,9,21,6/13/2021,297,45,.,rainy,1,0,1,61.57,72.85,3522.65,2304
2,186,71,34,6/13/2021,297,.,.,rainy,0,0,0,.,.,.,.
2,187,67,22,6/13/2021,297,.,.,rainy,0,0,0,.,.,.,.
2,188,67,33,6/13/2021,297,.,.,rainy,0,0,0,.,.,.,.
2,189,65,12.1,6/13/2021,297,99,98,rainy,1,1,2,74.37,71.32,4166.06,3697.54
2,190,1,7,6/13/2021,297,.,.,rainy,0,0,0,.,.,.,.
2,191,4,2,6/13/2021,297,106,108,rainy,1,1,2,99.36,81.99,6398.67,6995.6
2,192,6,18,6/13/2021,297,129,.,rainy,1,0,1,.,.,.,.
2,193,40,9,6/13/2021,297,10,132,rainy,1,1,2,.,.,.,.
2,194,6,19,6/13/2021,297,140,.,rainy,1,0,1,.,.,.,.
2,195,46,3,6/13/2021,297,.,.,rainy,0,0,0,.,.,.,.
2,196,65,5,6/13/2021,297,.,.,rainy,0,0,0,.,.,.,.
2,197,26,25,6/13/2021,297,200,.,rainy,1,0,1,.,.,.,.
2,198,65,3,6/13/2021,297,50,113,rainy,1,1,2,99.67,66.75,5225.31,4505.8
2,199,60,10,6/13/2021,297,.,.,rainy,0,0,0,.,.,.,.
2,200,66,6,6/13/2021,297,110,64,rainy,1,1,2,139.6,118.57,12999.75,10377.27
2,201,34,36,6/13/2021,297,.,.,rainy,0,0,0,.,.,.,.
2,202,36,10,6/13/2021,297,68,.,rainy,1,0,1,.,.,.,.
2,203,7,25,6/13/2021,297,85,.,rainy,1,0,1,.,.,.,.
2,204,11,31,6/13/2021,297,.,.,rainy,0,0,0,.,.,.,.
3,1,40,5,6/13/2021,297,.,.,rainy,0,0,0,.,.,.,.
3,2,46,6,6/13/2021,297,.,.,rainy,0,0,0,.,.,.,.
3,3,71,39,6/13/2021,297,.,.,rainy,0,0,0,.,.,.,.
3,4,11,38,6/13/2021,297,.,.,rainy,0,0,0,.,.,.,.
3,5,34,20,6/13/2021,297,.,.,rainy,0,0,0,.,.,.,.
3,6,67,49,6/13/2021,297,.,.,rainy,0,0,0,.,.,.,.
3,7,66,30,6/13/2021,297,38,61,rainy,1,1,2,65.53,34.14,1757.02,1430.71
3,8,66,26,6/13/2021,297,.,.,rainy,0,0,0,.,.,.,.
3,9,71,5,6/13/2021,297,47,.,rainy,1,0,1,.,.,.,288
3,10,66,50,6/13/2021,297,.,.,rainy,0,0,0,.,.,.,.
3,11,30,15,6/13/2021,297,79,39,rainy,1,1,2,33.83,28.96,769.43,789.68
3,12,71,16,6/13/2021,297,.,.,rainy,0,0,0,.,.,.,.
3,13,50,24,6/13/2021,297,.,.,rainy,0,0,0,.,.,.,.
3,14,67,37,6/13/2021,297,.,.,rainy,0,0,0,.,.,.,.
3,15,6,13,6/13/2021,297,53,.,rainy,1,0,1,39.93,35.36,1108.79,975.48
3,16,66,46,6/13/2021,297,49,73,rainy,1,1,2,56.08,30.18,1329.15,1356.38
3,17,39,11,6/13/2021,297,.,.,rainy,0,0,0,.,.,.,.
3,18,50,2,6/13/2021,297,.,.,rainy,0,0,0,.,.,.,.
3,19,60,31,6/13/2021,297,103,89,rainy,1,1,2,121.31,64.31,6127.53,6187.34
3,20,43,15.1,6/13/2021,297,38,46,rainy,1,1,2,37.49,33.53,987.23,873.29
3,21,7,17,6/13/2021,297,74,.,rainy,1,0,1,.,.,.,.
3,22,30,50,6/13/2021,297,.,.,rainy,0,0,0,.,.,.,.
3,23,39,8,6/13/2021,297,.,.,rainy,0,0,0,.,.,.,.
3,24,60,26,6/13/2021,297,.,.,rainy,0,0,0,.,.,.,.
3,25,36,44,6/13/2021,297,120,91,rainy,1,1,2,56.08,43.89,1933.3,1597.93
3,26,60,49,6/13/2021,297,103,66,rainy,1,1,2,81.99,70.41,4534.03,4310.7
3,27,67,18,6/13/2021,297,.,.,rainy,0,0,0,.,.,.,.
3,28,26,59,6/13/2021,297,60,74,rainy,1,1,2,83.21,65.53,4282.73,4292.12
3,29,70,26,6/13/2021,297,45,43,rainy,1,1,2,61.26,50.9,2449.25,2499.09
3,30,8,4,6/13/2021,297,14,106,rainy,1,1,2,74.07,72.54,4219.91,4041.28
3,31,81,14,6/13/2021,297,59,56,rainy,1,1,2,38.4,35.66,1075.66,845.42
3,32,71,6,6/13/2021,297,.,.,rainy,0,0,0,.,.,.,.
3,33,71,37,6/13/2021,297,.,.,rainy,0,0,0,.,.,.,.
3,34,72,14,6/13/2021,297,.,.,rainy,0,0,0,.,.,.,.
3,35,70,12,6/13/2021,297,44,40,rainy,1,1,2,60.66,60.66,2889.52,2935.74
3,36,26,45,6/13/2021,297,.,.,rainy,0,0,0,.,.,.,.
3,37,45,11,6/13/2021,297,.,.,rainy,0,0,0,.,.,.,.
3,38,26,31,6/13/2021,297,45,.,rainy,1,0,1,32,29.87,750.82,557.42
3,39,7,18,6/13/2021,297,69,.,rainy,1,0,1,.,.,.,.
3,40,1,5,6/13/2021,297,.,.,rainy,0,0,0,.,.,.,.
3,41,30,22,6/13/2021,297,.,.,rainy,0,0,0,.,.,.,.
3,42,11,17,6/13/2021,297,.,.,rainy,0,0,0,.,.,.,.
3,43,9,30,6/13/2021,297,.,.,rainy,0,0,0,.,.,.,.
3,44,67,50,6/13/2021,297,.,.,rainy,0,0,0,.,.,.,.
3,45,8,48,6/13/2021,297,.,.,rainy,0,0,0,.,.,.,.
3,46,46,5,6/13/2021,297,11,.,rainy,1,0,1,.,.,.,.
3,47,26,29,6/13/2021,297,59,56,rainy,1,1,2,.,.,.,.
3,48,72,44,6/13/2021,297,.,.,rainy,0,0,0,.,.,.,.
3,49,34,41,6/13/2021,297,.,.,rainy,0,0,0,.,.,.,.
3,50,26,39,6/13/2021,297,83,72,rainy,1,1,2,86.26,72.24,4893.89,4626.57
3,51,66,47,6/13/2021,297,.,.,rainy,0,0,0,.,.,.,.
3,52,36,17,6/13/2021,297,.,.,rainy,0,0,0,.,.,.,.
3,53,43,23,6/13/2021,297,.,.,rainy,0,0,0,.,.,.,.
3,54,30,44,6/13/2021,297,44,59,rainy,1,1,2,42.37,31.39,1044.65,1040.51
3,55,65,25,6/13/2021,297,.,.,rainy,0,0,0,.,.,.,.
3,56,11,27,6/13/2021,297,.,.,rainy,0,0,0,.,.,.,.
3,57,60,3,6/13/2021,297,.,.,rainy,0,0,0,.,.,.,.
3,58,43,13,6/13/2021,297,54,67,rainy,1,1,2,32.31,28.96,734.77,687.48
3,59,26,28,6/13/2021,297,42,43,rainy,1,1,2,48.46,44.5,1693.83,1495.74
3,60,43,44,6/13/2021,297,79,.,rainy,1,0,1,.,.,.,306.58
3,61,60,15,6/13/2021,297,.,.,rainy,0,0,0,.,.,.,.
3,62,30,23,6/13/2021,297,.,.,rainy,0,0,0,.,.,.,.
3,63,4,27,6/13/2021,297,72,28,rainy,1,1,2,46.94,39.01,1438.3,1644.38
3,64,8,11,6/13/2021,297,.,.,rainy,0,0,0,.,.,.,.
3,65,71,13,6/13/2021,297,.,.,rainy,0,0,0,.,.,.,.
3,66,8,9,6/13/2021,297,.,.,rainy,0,0,0,.,.,.,.
3,67,71,38,6/13/2021,297,.,.,rainy,0,0,0,.,.,.,.
3,68,6,46,6/13/2021,297,.,.,rainy,0,0,0,.,.,.,.
3,69,26,38,6/13/2021,297,.,.,rainy,0,0,0,.,.,.,.
3,70,6,47,6/13/2021,297,.,.,rainy,0,0,0,.,.,.,.
3,71,7,16,6/13/2021,297,.,.,rainy,0,0,0,.,.,.,.
3,72,7,20,6/13/2021,297,.,.,rainy,0,0,0,.,.,.,.
3,73,71,35,6/13/2021,297,.,.,rainy,0,0,0,.,.,.,.
3,74,8,12,6/13/2021,297,.,.,rainy,0,0,0,.,.,.,.
3,75,34,32,6/13/2021,297,.,.,rainy,0,0,0,.,.,.,.
3,76,9,23,6/13/2021,297,.,.,rainy,0,0,0,.,.,.,.
3,77,81,19,6/13/2021,297,.,.,rainy,0,0,0,.,.,.,.
3,78,50,12,6/13/2021,297,.,.,rainy,0,0,0,.,.,.,.
3,79,40,7,6/13/2021,297,.,.,rainy,0,0,0,.,.,.,.
3,80,30,16,6/13/2021,297,.,.,rainy,0,0,0,.,.,.,.
3,81,65,48,6/13/2021,297,.,.,rainy,0,0,0,.,.,.,.
3,82,65,23,6/13/2021,297,.,.,rainy,0,0,0,.,.,.,.
3,83,4,47,6/13/2021,297,66,.,rainy,1,0,1,.,.,.,.
3,84,36,34,6/13/2021,297,.,.,rainy,0,0,0,.,.,.,.
3,85,72,40,6/13/2021,297,.,.,rainy,0,0,0,.,.,.,.
3,86,4,50,6/13/2021,297,.,.,rainy,0,0,0,.,.,.,.
3,87,4,23,6/13/2021,297,85,94,rainy,1,1,2,42.06,32.61,1077.41,919.74
3,88,81,2,6/13/2021,297,.,.,rainy,0,0,0,.,.,.,.
3,89,9,27,6/13/2021,297,.,.,rainy,0,0,0,.,.,.,.
3,90,26,27,6/13/2021,297,.,.,rainy,0,0,0,.,.,.,.
3,91,11,5,6/13/2021,297,.,.,rainy,0,0,0,.,.,.,.
3,92,7,19,6/13/2021,297,.,.,rainy,0,0,0,.,.,.,.
3,93,1,49,6/13/2021,297,.,.,rainy,0,0,0,.,.,.,.
3,94,11,3,6/13/2021,297,.,.,rainy,0,0,0,.,.,.,.
3,95,34,31,6/13/2021,297,.,.,rainy,0,0,0,.,.,.,.
3,96,39,14,6/13/2021,297,.,.,rainy,0,0,0,.,.,.,.
3,97,67,23,6/13/2021,297,.,.,rainy,0,0,0,.,.,.,.
3,98,26,36,6/13/2021,297,36,.,rainy,1,0,1,.,.,.,371.61
3,99,11,14,6/13/2021,297,.,.,rainy,0,0,0,.,.,.,.
3,100,39,16,6/13/2021,297,.,.,rainy,0,0,0,.,.,.,.
3,101,43,22,6/13/2021,297,58,61,rainy,1,1,2,46.63,44.5,1629.91,1700.13
3,102,36,45,6/13/2021,297,.,.,rainy,0,0,0,.,.,.,.
3,103,43,19,6/13/2021,297,88,.,rainy,1,0,1,77.42,68.28,4151.47,4292.12
3,104,34,35,6/13/2021,297,.,.,rainy,0,0,0,.,.,.,.
3,105,6,34,6/13/2021,297,.,.,rainy,0,0,0,.,.,.,.
3,106,43,25,6/13/2021,297,124,152,rainy,1,1,2,91.14,56.08,4014.29,3678.96
3,107,72,33,6/13/2021,297,.,.,rainy,0,0,0,.,.,.,.
3,108,46,2,6/13/2021,297,.,.,rainy,0,0,0,.,.,.,.
3,109,30,52,6/13/2021,297,.,.,rainy,0,0,0,.,.,.,.
3,110,39,9,6/13/2021,297,.,.,rainy,0,0,0,.,.,.,.
3,111,66,28,6/13/2021,297,98,90,rainy,1,1,2,41.45,33.53,1091.57,1133.42
3,112,65,26,6/13/2021,297,66,70,rainy,1,1,2,57.3,51.82,2331.99,2341.16
3,113,1,41,6/13/2021,297,.,.,rainy,0,0,0,.,.,.,.
3,114,72,23,6/13/2021,297,.,.,rainy,0,0,0,.,.,.,.
3,115,34,45,6/13/2021,297,.,.,rainy,0,0,0,.,.,.,.
3,116,34,2,6/13/2021,297,.,.,rainy,0,0,0,.,.,.,.
3,117,39,10,6/13/2021,297,12,.,rainy,1,0,1,.,.,.,.
3,118,1,6,6/13/2021,297,.,.,rainy,0,0,0,.,.,.,.
3,119,81,18,6/13/2021,297,77,77,rainy,1,1,2,61.26,46.33,2229.25,2322.58
3,120,8,18,6/13/2021,297,78,79,rainy,1,1,2,35.66,27.13,759.79,817.55
3,121,34,34,6/13/2021,297,.,.,rainy,0,0,0,.,.,.,.
3,122,34,33,6/13/2021,297,.,.,rainy,0,0,0,.,.,.,.
3,123,30,56,6/13/2021,297,.,.,rainy,0,0,0,.,.,.,.
3,124,8,10,6/13/2021,297,.,.,rainy,0,0,0,.,.,.,.
3,125,82,8,6/13/2021,297,.,.,rainy,0,0,0,.,.,.,.
3,126,9,12,6/13/2021,297,.,.,rainy,0,0,0,.,.,.,.
3,127,1,18,6/13/2021,297,.,.,rainy,0,0,0,.,.,.,.
3,128,4,4,6/13/2021,297,.,.,rainy,0,0,0,.,.,.,.
3,129,72,34,6/13/2021,297,.,.,rainy,0,0,0,.,.,.,.
3,130,60,8,6/13/2021,297,.,.,rainy,0,0,0,.,.,.,.
3,131,7,34,6/13/2021,297,.,.,rainy,0,0,0,.,.,.,.
3,132,36,22,6/13/2021,297,38,.,rainy,1,0,1,.,.,.,278.71
3,133,82,27,6/13/2021,297,.,.,rainy,0,0,0,.,.,.,.
3,134,26,10,6/13/2021,297,.,.,rainy,0,0,0,.,.,.,.
3,135,30,20.1,6/13/2021,297,69,65,rainy,1,1,2,46.02,39.62,1432.32,1458.58
3,136,7,15,6/13/2021,297,70,.,rainy,1,0,1,.,.,.,.
3,137,43,20,6/13/2021,297,104,107,rainy,1,1,2,67.06,43.59,2295.51,2294.71
3,138,36,18,6/13/2021,297,58,69,rainy,1,1,2,42.37,42.06,1399.63,1393.55
3,139,60,32,6/13/2021,297,62,54,rainy,1,1,2,64.92,40.84,2082.59,1802.32
3,140,82,26,6/13/2021,297,.,.,rainy,0,0,0,.,.,.,.
3,141,8,3,6/13/2021,297,59,44,rainy,1,1,2,46.63,40.54,1484.78,1347.09
3,142,1,44,6/13/2021,297,.,.,rainy,0,0,0,.,.,.,.
3,143,4,5,6/13/2021,297,136,133,rainy,1,1,2,57.91,60.05,2731.11,2591.99
3,144,60,9,6/13/2021,297,115,108,rainy,1,1,2,108.51,79.86,6805.67,6707.6
3,145,70,19,6/13/2021,297,60,44,rainy,1,1,2,68.88,60.96,3298.06,3037.93
3,146,72,42,6/13/2021,297,.,.,rainy,0,0,0,.,.,.,.
3,147,72,20,6/13/2021,297,18,111,rainy,1,1,2,.,.,.,.
3,148,36,14,6/13/2021,297,50,48,rainy,1,1,2,36.27,26.52,755.42,650.32
3,149,66,49,6/13/2021,297,114,.,rainy,1,0,1,66.75,44.5,2333.01,2294.71
3,150,34,30,6/13/2021,297,.,.,rainy,0,0,0,.,.,.,.
3,151,65,7,6/13/2021,297,39,27,rainy,1,1,2,37.8,45.11,1339.07,1096.26
3,152,6,48,6/13/2021,297,.,.,rainy,0,0,0,.,.,.,.
3,153,6,31,6/13/2021,297,100,90,rainy,1,1,2,207.26,110.03,17911.66,11334.17
3,154,70,5,6/13/2021,297,55,71,rainy,1,1,2,109.42,96.93,8329.93,6298.83
3,155,6,9.1,6/13/2021,297,86,55,rainy,1,1,2,108.2,94.79,8055.8,5602.05
3,156,81,22,6/13/2021,297,118,119,rainy,1,1,2,57.3,119.79,5391.01,2285.41
3,157,50,10,6/13/2021,297,.,.,rainy,0,0,0,.,.,.,.
3,158,1,3,6/13/2021,297,.,.,rainy,0,0,0,.,.,.,.
3,159,6,49,6/13/2021,297,.,.,rainy,0,0,0,.,.,.,.
3,160,30,39,6/13/2021,297,102,95,rainy,1,1,2,147.22,92.05,10643.24,7608.76
3,161,11,16,6/13/2021,297,59,44,rainy,1,1,2,96.32,57,4311.7,4152.77
3,162,36,49,6/13/2021,297,64,59,rainy,1,1,2,45.42,30.78,1098.06,975.48
3,163,50,7,6/13/2021,297,.,.,rainy,0,0,0,.,.,.,.
3,164,4,25,6/13/2021,297,101,115,rainy,1,1,2,74.37,65.53,3827.79,3716.12
3,165,9,15.1,6/13/2021,297,128,124,rainy,1,1,2,82.91,82.6,5378.46,4784.51
3,166,82,17,6/13/2021,297,.,.,rainy,0,0,0,.,.,.,.
4,1,8,8,6/13/2021,297,47,128,rainy,1,1,2,123.44,116.43,11288.55,5778.57
4,2,1,8,6/13/2021,297,.,.,rainy,0,0,0,.,.,.,.
4,3,30,55,6/13/2021,297,69,61,rainy,1,1,2,48.16,46.02,1740.82,1672.25
4,4,9,5,6/13/2021,297,47,48,rainy,1,1,2,71.32,61.26,3431.88,2833.54
4,5,71,22,6/13/2021,297,.,.,rainy,0,0,0,.,.,.,.
4,6,82,30,6/13/2021,297,.,.,rainy,0,0,0,.,.,.,.
4,7,65,49,6/13/2021,297,27,31,rainy,1,1,2,33.22,32,835.09,789.68
4,8,26,23,6/13/2021,297,59,59,rainy,1,1,2,64.31,64.92,3279.31,2917.16
4,9,60,17,6/13/2021,297,34,41,rainy,1,1,2,28.35,25.3,563.22,566.71
4,10,65,42,6/13/2021,297,31,36,rainy,1,1,2,28.35,28.96,644.65,538.84
4,11,65,39,6/13/2021,297,.,.,rainy,0,0,0,.,.,.,.
4,12,72,38,6/13/2021,297,.,.,rainy,0,0,0,.,.,.,.
4,13,70,8,6/13/2021,297,25,31,rainy,1,1,2,46.94,41.76,1539.43,1337.8
4,14,8,37,6/13/2021,297,92,86,rainy,1,1,2,52.12,52.12,2133.6,1597.93
4,15,81,27,6/13/2021,297,55,60,rainy,1,1,2,69.8,60.35,3308.42,3223.74
4,16,34,18,6/13/2021,297,74,64,rainy,1,1,2,26.82,46.33,975.99,1077.68
4,17,4,42,6/13/2021,297,80,88,rainy,1,1,2,36.27,30.48,868.29,1049.8
4,18,81,26,6/13/2021,297,70,63,rainy,1,1,2,64.31,57.91,2925.2,2629.16
4,19,4,48,6/13/2021,297,76,80,rainy,1,1,2,37.19,44.81,1308.57,1430.71
4,20,67,43,6/13/2021,297,.,.,rainy,0,0,0,.,.,.,.
4,21,65,45,6/13/2021,297,22,22,rainy,1,1,2,53.64,43.89,1849.25,1597.93
4,22,4,44,6/13/2021,297,.,.,rainy,0,0,0,.,.,.,.
4,23,4,46,6/13/2021,297,132,141,rainy,1,1,2,75.59,90.83,5392.47,4942.44
4,24,1,21,6/13/2021,297,60,64,rainy,1,1,2,43.89,37.49,1292.37,1328.51
4,25,6,33,6/13/2021,297,28,.,rainy,1,0,1,.,.,.,232.26
4,26,11,34,6/13/2021,297,35,.,rainy,1,0,1,39.01,21.34,653.77,771.1
4,27,70,29,6/13/2021,297,30,.,rainy,1,0,1,78.03,54.86,3362.27,3363.09
4,28,70,15,6/13/2021,297,60,66,rainy,1,1,2,78.64,85.95,5308.71,5416.25
4,29,36,35,6/13/2021,297,.,.,rainy,0,0,0,.,.,.,.
4,30,6,6,6/13/2021,297,104,51,rainy,1,1,2,66.14,52.12,2707.54,2703.48
4,31,82,14,6/13/2021,297,.,.,rainy,0,0,0,.,.,.,.
4,32,8,36,6/13/2021,297,81,90,rainy,1,1,2,77.11,41.15,2492.15,1421.42
4,33,39,46,6/13/2021,297,.,.,rainy,0,0,0,.,.,.,.
4,34,8,32,6/13/2021,297,95,97,rainy,1,1,2,70.1,49.38,2718.71,2582.7
4,35,34,7,6/13/2021,297,55,51,rainy,1,1,2,.,.,.,.
4,36,82,3,6/13/2021,297,.,.,rainy,0,0,0,.,.,.,.
4,37,72,5,6/13/2021,297,.,.,rainy,0,0,0,.,.,.,.
4,38,4,49,6/13/2021,297,55,25,rainy,1,1,2,29.57,30.18,700.69,696.77
4,39,30,29,6/13/2021,297,.,.,rainy,0,0,0,.,.,.,.
4,40,43,45,6/13/2021,297,90,.,rainy,1,0,1,46.63,30.48,1116.38,984.77
4,41,81,29,6/13/2021,297,37,34,rainy,1,1,2,34.14,33.53,898.94,836.13
4,42,65,33,6/13/2021,297,.,.,rainy,0,0,0,.,.,.,.
4,43,26,60,6/13/2021,297,.,.,rainy,0,0,0,.,.,.,.
4,44,6,38,6/13/2021,297,28,49,rainy,1,1,2,59.44,38.4,1792.77,1588.64
4,45,60,38,6/13/2021,297,66,.,rainy,1,0,1,.,.,.,408.77
4,46,50,17,6/13/2021,297,.,.,rainy,0,0,0,.,.,.,.
4,47,65,34,6/13/2021,297,.,.,rainy,0,0,0,.,.,.,.
4,48,26,62,6/13/2021,297,38,38,rainy,1,1,2,44.81,35.66,1254.94,1291.35
4,49,82,25,6/13/2021,297,.,.,rainy,0,0,0,.,.,.,.
4,50,70,28,6/13/2021,297,.,.,rainy,0,0,0,.,.,.,.
4,51,71,3,6/13/2021,297,.,.,rainy,0,0,0,.,.,.,.
4,52,50,13,6/13/2021,297,.,.,rainy,0,0,0,.,.,.,.
4,53,30,24,6/13/2021,297,65,53,rainy,1,1,2,30.18,32,758.48,771.1
4,54,30,49,6/13/2021,297,72,69,rainy,1,1,2,37.49,27.13,798.76,808.26
4,55,1,23,6/13/2021,297,43,36,rainy,1,1,2,44.2,33.22,1153.23,938.32
4,56,66,35,6/13/2021,297,86,87,rainy,1,1,2,81.99,43.89,2826.41,2304
4,57,1,11,6/13/2021,297,.,.,rainy,0,0,0,.,.,.,.
4,58,50,18,6/13/2021,297,.,.,rainy,0,0,0,.,.,.,.
4,59,9,4,6/13/2021,297,.,.,rainy,0,0,0,.,.,.,.
4,60,26,41,6/13/2021,297,56,.,rainy,1,0,1,57,46.02,2060.34,2118.19
4,61,7,47,6/13/2021,297,88,.,rainy,1,0,1,35.36,23.77,660.2,557.42
4,62,43,6,6/13/2021,297,64,69,rainy,1,1,2,54.25,44.2,1883.25,2025.29
4,63,39,37.1,6/13/2021,297,.,.,rainy,0,0,0,.,.,.,.
4,64,39,47,6/13/2021,297,.,.,rainy,0,0,0,.,.,.,.
4,65,6,14,6/13/2021,297,.,.,rainy,0,0,0,.,.,.,.
4,66,70,7,6/13/2021,297,33,40,rainy,1,1,2,56.39,57.91,2564.75,1950.96
4,67,34,14,6/13/2021,297,.,.,rainy,0,0,0,.,.,.,.
4,68,66,32,6/13/2021,297,.,.,rainy,0,0,0,.,.,.,.
4,69,39,43,6/13/2021,297,.,.,rainy,0,0,0,.,.,.,.
4,70,60,24,6/13/2021,297,.,.,rainy,0,0,0,.,.,.,.
4,71,66,42,6/13/2021,297,.,.,rainy,0,0,0,.,.,.,.
4,72,7,6,6/13/2021,297,89,.,rainy,1,0,1,.,.,.,.
4,73,1,26,6/13/2021,297,25,.,rainy,1,0,1,.,.,.,362.32
4,74,43,17,6/13/2021,297,.,.,rainy,0,0,0,.,.,.,.
4,75,6,32,6/13/2021,297,.,.,rainy,0,0,0,.,.,.,.
4,76,4,45,6/13/2021,297,90,.,rainy,1,0,1,41.15,30.78,994.89,975.48
4,77,7,41,6/13/2021,297,.,.,rainy,0,0,0,.,.,.,.
4,78,30,28,6/13/2021,297,.,.,rainy,0,0,0,.,.,.,.
4,79,46,1,6/13/2021,297,.,.,rainy,0,0,0,.,.,.,.
4,80,36,30,6/13/2021,297,.,.,rainy,0,0,0,.,.,.,.
4,81,7,49,6/13/2021,297,77,73,rainy,1,1,2,.,.,.,325.16
4,82,70,13.1,6/13/2021,297,11,.,rainy,1,0,1,.,.,.,269.42
4,83,6,39,6/13/2021,297,.,.,rainy,0,0,0,.,.,.,.
4,84,60,40,6/13/2021,297,59,53,rainy,1,1,2,42.06,24.69,815.61,994.06
4,85,70,17,6/13/2021,297,36,37,rainy,1,1,2,60.05,41.76,1969.28,1783.74
4,86,8,31,6/13/2021,297,59,54,rainy,1,1,2,.,.,.,315.87
4,87,34,13,6/13/2021,297,57,43,rainy,1,1,2,45.42,47.85,1706.89,1328.51
4,88,67,32,6/13/2021,297,.,.,rainy,0,0,0,.,.,.,.
4,89,9,13,6/13/2021,297,38,41,rainy,1,1,2,53.34,40.54,1698.28,1616.51
4,90,11,11,6/13/2021,297,.,.,rainy,0,0,0,.,.,.,.
4,91,71,17,6/13/2021,297,.,.,rainy,0,0,0,.,.,.,.
4,92,81,13,6/13/2021,297,.,.,rainy,0,0,0,.,.,.,.
4,93,71,14,6/13/2021,297,.,.,rainy,0,0,0,.,.,.,.
4,94,1,25,6/13/2021,297,.,.,rainy,0,0,0,.,.,.,.
4,95,1,30,6/13/2021,297,.,.,rainy,0,0,0,.,.,.,.
4,96,9,8,6/13/2021,297,61,74,rainy,1,1,2,73.46,42.98,2479.45,2081.03
4,97,1,34,6/13/2021,297,.,.,rainy,0,0,0,.,.,.,.
4,98,6,35,6/13/2021,297,67,35,rainy,1,1,2,34.14,57.3,1536.37,1848.77
4,99,50,21,6/13/2021,297,.,.,rainy,0,0,0,.,.,.,.
4,100,72,31,6/13/2021,297,.,.,rainy,0,0,0,.,.,.,.
4,101,43,8,6/13/2021,297,85,80,rainy,1,1,2,75.29,55.17,3262.09,3298.06
4,102,82,6,6/13/2021,297,.,.,rainy,0,0,0,.,.,.,.
4,103,39,34,6/13/2021,297,.,.,rainy,0,0,0,.,.,.,.
4,104,34,19,6/13/2021,297,49,.,rainy,1,0,1,.,.,.,.
4,105,11,30,6/13/2021,297,.,.,rainy,0,0,0,.,.,.,.
4,106,66,45,6/13/2021,297,67,84,rainy,1,1,2,51.82,23.47,955.12,1449.29
4,107,67,24,6/13/2021,297,.,.,rainy,0,0,0,.,.,.,.
4,108,39,41,6/13/2021,297,22,24,rainy,1,1,2,46.33,31.09,1131.26,1124.13
4,109,79,3,6/13/2021,297,.,.,rainy,0,0,0,.,.,.,.
4,110,30,47,6/13/2021,297,70,67,rainy,1,1,2,36.27,50.6,1441.37,1012.64
4,111,7,42,6/13/2021,297,80,.,rainy,1,0,1,.,.,.,.
4,112,72,46,6/13/2021,297,.,.,rainy,0,0,0,.,.,.,.
4,113,50,25,6/13/2021,297,.,.,rainy,0,0,0,.,.,.,.
4,114,34,6,6/13/2021,297,49,.,rainy,1,0,1,.,.,.,.
4,115,1,32,6/13/2021,297,.,.,rainy,0,0,0,.,.,.,.
4,116,9,3,6/13/2021,297,.,.,rainy,0,0,0,.,.,.,.
4,117,36,31,6/13/2021,297,70,79,rainy,1,1,2,106.38,102.41,8556.27,5834.31
4,118,43,16,6/13/2021,297,52,.,rainy,1,0,1,44.5,33.22,1161.18,1133.42
4,119,9,9,6/13/2021,297,40,42,rainy,1,1,2,70.71,36.88,2048.3,2136.77
4,120,81,16,6/13/2021,297,67,71,rainy,1,1,2,65.23,53.04,2716.96,2471.22
4,121,7,36,6/13/2021,297,63,67,rainy,1,1,2,.,.,.,.
4,122,36,23,6/13/2021,297,21,19,rainy,1,1,2,57.91,43.89,1996.35,1867.35
4,123,43,10,6/13/2021,297,.,.,rainy,0,0,0,.,.,.,.
4,124,26,58,6/13/2021,297,94,97,rainy,1,1,2,91.14,106.98,7657.7,7887.47
4,125,7,5,6/13/2021,297,86,70,rainy,1,1,2,24.99,27.13,532.5,483.1
4,126,81,20,6/13/2021,297,50,73,rainy,1,1,2,64.92,45.11,2300.18,1867.35
4,127,60,39,6/13/2021,297,.,.,rainy,0,0,0,.,.,.,.
4,128,43,35,6/13/2021,297,70,125,rainy,1,1,2,72.24,75.29,4271.35,3521.03
4,129,8,44,6/13/2021,297,89,89,rainy,1,1,2,69.8,82.3,4511.48,2461.93
4,130,11,47,6/13/2021,297,53,48,rainy,1,1,2,48.46,29.26,1113.75,789.68
4,131,30,31,6/13/2021,297,119,89,rainy,1,1,2,68.88,56.39,3050.7,2824.25
4,132,34,10,6/13/2021,297,44,43,rainy,1,1,2,51.21,40.54,1630.35,1551.48
4,133,72,28,6/13/2021,297,55,.,rainy,1,0,1,.,.,.,241.55
4,134,72,41,6/13/2021,297,.,.,rainy,0,0,0,.,.,.,.
4,135,30,46,6/13/2021,297,76,82,rainy,1,1,2,52.73,49.38,2044.94,1913.8
4,136,72,4,6/13/2021,297,35,28,rainy,1,1,2,.,.,.,222.97
4,137,26,35,6/13/2021,297,117,92,rainy,1,1,2,120.09,84.12,7934.6,8379.85
4,138,65,16,6/13/2021,297,.,.,rainy,0,0,0,.,.,.,.
4,139,30,45,6/13/2021,297,77,68,rainy,1,1,2,51.21,34.14,1372.93,1319.22
4,140,72,30,6/13/2021,297,30,.,rainy,1,0,1,.,.,.,.
4,141,4,40,6/13/2021,297,136,126,rainy,1,1,2,95.4,92.96,6965.69,6781.92
4,142,8,38,6/13/2021,297,105,131,rainy,1,1,2,87.05,50.6,3459.28,3251.61
4,143,39,48,6/13/2021,297,37,28,rainy,1,1,2,46.94,49.07,1809.12,1783.74
4,144,34,17,6/13/2021,297,21,35,rainy,1,1,2,57.3,51.82,2331.99,2220.38
5,1,4,34,6/13/2021,297,82,.,rainy,1,0,1,.,.,.,.
5,2,8,5,6/13/2021,297,49,120,rainy,1,1,2,83.21,77.11,5039.68,3363.09
5,3,40,6,6/13/2021,297,.,.,rainy,0,0,0,.,.,.,.
5,4,65,17,6/13/2021,297,.,.,rainy,0,0,0,.,.,.,.
5,5,66,11,6/13/2021,297,.,.,rainy,0,0,0,.,.,.,.
5,6,36,28,6/13/2021,297,.,.,rainy,0,0,0,.,.,.,.
5,7,39,15,6/13/2021,297,20,.,rainy,1,0,1,31.09,31.39,766.58,715.35
5,8,30,58,6/13/2021,297,.,.,rainy,0,0,0,.,.,.,.
5,9,67,12,6/13/2021,297,.,.,rainy,0,0,0,.,.,.,.
5,10,34,46,6/13/2021,297,36,.,rainy,1,0,1,.,.,.,.
5,11,81,15,6/13/2021,297,58,87,rainy,1,1,2,58.22,91.44,4180.94,2684.9
5,12,9,29,6/13/2021,297,23,.,rainy,1,0,1,75.29,44.2,2613.27,2304
5,13,11,24,6/13/2021,297,63,.,rainy,1,0,1,.,.,.,315.87
5,14,6,41,6/13/2021,297,34,40,rainy,1,1,2,.,.,.,.
5,15,82,24,6/13/2021,297,.,.,rainy,0,0,0,.,.,.,.
5,16,81,24,6/13/2021,297,69,.,rainy,1,0,1,47.55,43.28,1616.34,1551.48
5,17,4,11,6/13/2021,297,.,.,rainy,0,0,0,.,.,.,.
5,18,39,42,6/13/2021,297,.,.,rainy,0,0,0,.,.,.,.
5,19,1,37,6/13/2021,297,.,.,rainy,0,0,0,.,.,.,.
5,20,50,29,6/13/2021,297,.,.,rainy,0,0,0,.,.,.,.
5,21,1,31,6/13/2021,297,.,.,rainy,0,0,0,.,.,.,.
5,22,11,9,6/13/2021,297,141,.,rainy,1,0,1,50.29,50.9,2010.57,1923.09
5,23,67,44,6/13/2021,297,.,.,rainy,0,0,0,.,.,.,.
5,24,11,19,6/13/2021,297,42,68,rainy,1,1,2,27.13,28.04,597.44,650.32
5,25,65,47,6/13/2021,297,30,.,rainy,1,0,1,46.02,40.84,1476.39,1282.06
5,26,8,2,6/13/2021,297,102,91,rainy,1,1,2,58.52,43.59,2003.35,1700.13
5,27,30,54,6/13/2021,297,49,.,rainy,1,0,1,28.96,26.21,596.13,585.29
5,28,82,16,6/13/2021,297,58,46,rainy,1,1,2,60.35,50.9,2412.69,2294.71
5,29,6,44,6/13/2021,297,60,.,rainy,1,0,1,35.66,52.73,1476.9,1458.58
5,30,6,43,6/13/2021,297,.,.,rainy,0,0,0,.,.,.,.
5,31,82,23,6/13/2021,297,.,.,rainy,0,0,0,.,.,.,.
5,32,34,43,6/13/2021,297,34,.,rainy,1,0,1,.,.,.,.
5,33,60,18,6/13/2021,297,35,32,rainy,1,1,2,42.06,42.67,1409.7,1319.22
5,34,7,46,6/13/2021,297,.,.,rainy,0,0,0,.,.,.,.
5,35,7,38,6/13/2021,297,80,.,rainy,1,0,1,.,.,.,.
5,36,72,32,6/13/2021,297,.,.,rainy,0,0,0,.,.,.,.
5,37,1,45,6/13/2021,297,45,41,rainy,1,1,2,49.99,45.72,1794.96,1551.48
5,38,39,32,6/13/2021,297,.,.,rainy,0,0,0,.,.,.,.
5,39,11,21,6/13/2021,297,.,.,rainy,0,0,0,.,.,.,.
5,40,43,27,6/13/2021,297,115,.,rainy,1,0,1,73.76,73.46,4255.52,3948.38
5,41,72,11,6/13/2021,297,36,.,rainy,1,0,1,35.36,34.75,964.9,724.64
5,42,39,23,6/13/2021,297,34,37,rainy,1,1,2,57.61,53.64,2427.14,2424.77
5,43,66,40,6/13/2021,297,63,.,rainy,1,0,1,33.83,26.21,696.53,538.84
5,44,67,11,6/13/2021,297,.,.,rainy,0,0,0,.,.,.,.
5,45,39,35,6/13/2021,297,.,.,rainy,0,0,0,.,.,.,.
5,46,34,27,6/13/2021,297,64,69,rainy,1,1,2,51.21,51.21,2059.39,1811.61
5,47,81,28,6/13/2021,297,49,56,rainy,1,1,2,58.52,53.04,2437.64,1904.51
5,48,66,3,6/13/2021,297,46,50,rainy,1,1,2,73.76,52.12,3019.47,2889.28
5,49,7,37,6/13/2021,297,74,.,rainy,1,0,1,37.8,45.42,1348.12,1337.8
5,50,60,41,6/13/2021,297,.,.,rainy,0,0,0,.,.,.,.
5,51,26,44,6/13/2021,297,101,.,rainy,1,0,1,112.17,78.64,6927.67,6122.31
5,52,72,29,6/13/2021,297,80,54,rainy,1,1,2,35.66,30.78,862.24,873.29
5,53,9,19,6/13/2021,297,52,30,rainy,1,1,2,90.53,74.68,5309.36,3864.77
5,54,50,8,6/13/2021,297,.,.,rainy,0,0,0,.,.,.,.
5,55,45,17,6/13/2021,297,80,85,rainy,1,1,2,95.71,69.49,5223.77,5527.73
5,56,67,6,6/13/2021,297,.,.,rainy,0,0,0,.,.,.,.
5,57,39,29,6/13/2021,297,.,.,rainy,0,0,0,.,.,.,.
5,58,72,10,6/13/2021,297,29,35,rainy,1,1,2,30.48,32,766.14,752.51
5,59,81,23,6/13/2021,297,87,88,rainy,1,1,2,71.02,52.43,2924.18,2935.74
5,60,71,32,6/13/2021,297,89,81,rainy,1,1,2,60.05,47.85,2256.76,2081.03
5,61,65,36,6/13/2021,297,27,31,rainy,1,1,2,51.82,31.7,1290.04,1105.55
5,62,6,42,6/13/2021,297,113,62,rainy,1,1,2,64.31,46.33,2340.16,2415.48
5,63,70,18,6/13/2021,297,39,31,rainy,1,1,2,77.11,65.23,3950.52,3205.15
5,64,66,44,6/13/2021,297,66,.,rainy,1,0,1,63.4,30.18,1502.51,1467.87
5,65,8,43,6/13/2021,297,51,55,rainy,1,1,2,44.5,35.05,1225.1,1198.45
5,66,1,38,6/13/2021,297,73,50,rainy,1,1,2,60.66,38.1,1815.03,1421.42
5,67,34,12.1,6/13/2021,297,48,.,rainy,1,0,1,45.11,26.21,928.71,938.32
5,68,26,33,6/13/2021,297,60,48,rainy,1,1,2,72.54,70.1,3994.15,3976.25
5,69,30,53,6/13/2021,297,74,84,rainy,1,1,2,43.59,39.01,1335.57,1096.26
5,70,4,32,6/13/2021,297,66,56,rainy,1,1,2,47.85,62.48,2348.41,2173.93
5,71,36,26,6/13/2021,297,.,.,rainy,0,0,0,.,.,.,.
5,72,34,42,6/13/2021,297,42,.,rainy,1,0,1,.,.,.,260.13
5,73,26,18,6/13/2021,297,54,.,rainy,1,0,1,81.38,71.63,4578.24,3483.86
5,74,30,7,6/13/2021,297,95,.,rainy,1,0,1,37.8,34.14,1013.35,864
5,75,70,23,6/13/2021,297,50,.,rainy,1,0,1,43.28,39.01,1326.23,1235.61
5,76,39,38,6/13/2021,297,.,.,rainy,0,0,0,.,.,.,.
5,77,71,15,6/13/2021,297,.,.,rainy,0,0,0,.,.,.,.
5,78,7,50,6/13/2021,297,94,.,rainy,1,0,1,.,.,.,.
5,79,49,4,6/13/2021,297,.,.,rainy,0,0,0,.,.,.,.
5,80,8,33,6/13/2021,297,62,78,rainy,1,1,2,43.89,38.4,1323.89,1179.87
5,81,70,10,6/13/2021,297,40,38,rainy,1,1,2,47.24,41.45,1538.12,1309.93
5,82,26,30,6/13/2021,297,92,.,rainy,1,0,1,103.02,78.94,6387.58,6122.31
5,83,26,46,6/13/2021,297,68,49,rainy,1,1,2,68.58,70.71,3808.82,6763.34
5,84,6,11,6/13/2021,297,.,.,rainy,0,0,0,.,.,.,.
5,85,9,20,6/13/2021,297,41,42,rainy,1,1,2,64.31,48.16,2432.54,2396.9
5,86,69,50,6/13/2021,297,65,.,rainy,1,0,1,.,.,.,371.61
5,87,81,10,6/13/2021,297,.,.,rainy,0,0,0,.,.,.,.
5,88,26,40,6/13/2021,297,80,.,rainy,1,0,1,90.22,69.19,4902.72,4728.76
5,89,66,10,6/13/2021,297,96,.,rainy,1,0,1,48.16,42.67,1614.01,1458.58
5,90,43,26,6/13/2021,297,.,.,rainy,0,0,0,.,.,.,.
5,91,26,11,6/13/2021,297,.,.,rainy,0,0,0,.,.,.,.
5,92,4,38,6/13/2021,297,84,.,rainy,1,0,1,75.9,47.85,2852.46,3028.64
5,93,4,35,6/13/2021,297,105,.,rainy,1,0,1,72.24,55.47,3147.31,3121.54
5,94,60,45,6/13/2021,297,102,103,rainy,1,1,2,95.1,83.82,6260.47,5629.92
5,95,72,45,6/13/2021,297,.,.,rainy,0,0,0,.,.,.,.
5,96,39,37.2,6/13/2021,297,.,.,rainy,0,0,0,.,.,.,.
5,97,30,51,6/13/2021,297,.,.,rainy,0,0,0,.,.,.,.
5,98,67,26,6/13/2021,297,.,.,rainy,0,0,0,.,.,.,.
5,99,43,31,6/13/2021,297,129,.,rainy,1,0,1,79.55,105.77,6608.3,5230.44
5,100,36,27,6/13/2021,297,24,.,rainy,1,0,1,34.75,22.25,607.22,548.13
5,101,34,50,6/13/2021,297,.,.,rainy,0,0,0,.,.,.,.
5,102,6,40,6/13/2021,297,64,.,rainy,1,0,1,.,.,.,.
5,103,72,48,6/13/2021,297,11,.,rainy,1,0,1,.,.,.,.
5,104,81,1,6/13/2021,297,41,30,rainy,1,1,2,40.23,36.88,1165.41,1393.55
5,105,67,34,6/13/2021,297,.,.,rainy,0,0,0,.,.,.,.
5,106,66,5,6/13/2021,297,.,.,rainy,0,0,0,.,.,.,.
5,107,4,20,6/13/2021,297,70,33,rainy,1,1,2,80.47,49.38,3120.6,3121.54
5,108,39,45,6/13/2021,297,.,.,rainy,0,0,0,.,.,.,.
5,109,30,63,6/13/2021,297,68,.,rainy,1,0,1,40.54,37.49,1193.65,1393.55
5,110,43,21.1,6/13/2021,297,106,42,rainy,1,1,2,127.71,72.54,7276.3,7841.02
5,111,1,46,6/13/2021,297,14,.,rainy,1,0,1,45.72,30.78,1105.43,1077.68
5,112,4,3,6/13/2021,297,70,.,rainy,1,0,1,31.7,26.21,652.61,594.58
5,113,6,45,6/13/2021,297,33,.,rainy,1,0,1,63.4,35.97,1790.87,1774.45
5,114,72,37,6/13/2021,297,25,.,rainy,1,0,1,.,.,.,.
5,115,8,30,6/13/2021,297,69,68,rainy,1,1,2,38.71,27.74,843.27,650.32
5,116,34,49,6/13/2021,297,.,.,rainy,0,0,0,.,.,.,.
5,117,72,39,6/13/2021,297,45,.,rainy,1,0,1,37.19,25.6,747.75,808.26
5,118,26,14,6/13/2021,297,160,.,rainy,1,0,1,118.26,86.87,8068.57,8825.79
5,119,34,44,6/13/2021,297,43,.,rainy,1,0,1,42.37,34.44,1146.08,882.58
5,120,69,13,6/13/2021,297,100,47,rainy,1,1,2,88.09,50.29,3479.38,3567.48
5,121,11,29,6/13/2021,297,44,.,rainy,1,0,1,.,.,.,.
5,122,11,10,6/13/2021,297,52,.,rainy,1,0,1,.,.,.,.
5,123,43,11,6/13/2021,297,240,.,rainy,1,0,1,110.03,91.74,7928.55,6846.95
5,124,65,44,6/13/2021,297,41,51,rainy,1,1,2,62.48,44.81,2198.83,1969.54
5,125,43,9,6/13/2021,297,.,.,rainy,0,0,0,.,.,.,.
5,126,7,7,6/13/2021,297,78,.,rainy,1,0,1,33.83,21.95,583.14,520.26
5,127,36,25,6/13/2021,297,.,.,rainy,0,0,0,.,.,.,.
5,128,80,9,6/13/2021,297,57,.,rainy,1,0,1,43.28,35.97,1222.62,1337.8
5,129,60,44,6/13/2021,297,.,.,rainy,0,0,0,.,.,.,.
6,1,43,15.2,6/13/2021,297,.,.,rainy,0,0,0,.,.,.,.
6,2,45,1.2,6/13/2021,297,.,.,rainy,0,0,0,.,.,.,.
6,3,43,21.2,6/13/2021,297,.,.,rainy,0,0,0,.,.,.,.
6,4,65,12.2,6/13/2021,297,.,.,rainy,0,0,0,.,.,.,.
6,5,45,18.2,6/13/2021,297,.,.,rainy,0,0,0,.,.,.,.
6,6,69,47,6/13/2021,297,93,123,rainy,1,1,2,40.54,40.84,1300.4,1226.32
6,7,34,12.2,6/13/2021,297,.,.,rainy,0,0,0,.,.,.,.
6,8,80,5.2,6/13/2021,297,.,.,rainy,0,0,0,.,.,.,.
6,9,30,20.2,6/13/2021,297,.,.,rainy,0,0,0,.,.,.,.
6,10,8,26,6/13/2021,297,.,.,rainy,0,0,0,.,.,.,.
6,11,80,10.2,6/13/2021,297,.,.,rainy,0,0,0,.,.,.,.
6,12,49,29.2,6/13/2021,297,.,.,rainy,0,0,0,.,.,.,.
6,13,4,13.2,6/13/2021,297,.,.,rainy,0,0,0,.,.,.,.
6,14,79,1,6/13/2021,297,50,198,rainy,1,1,2,117.04,110.03,10114.82,9411.08
6,15,9,15.2,6/13/2021,297,.,.,rainy,0,0,0,.,.,.,.
6,16,6,9.2,6/13/2021,297,.,.,rainy,0,0,0,.,.,.,.
6,17,34,29,6/13/2021,297,32,.,rainy,1,0,1,.,.,.,445.93
6,18,70,13.2,6/13/2021,297,.,.,rainy,0,0,0,.,.,.,.
6,19,1,16.2,6/13/2021,297,.,.,rainy,0,0,0,.,.,.,.
6,20,43,34,6/13/2021,297,.,.,rainy,0,0,0,.,.,.,.
6,21,71,11.2,6/13/2021,297,.,.,rainy,0,0,0,.,.,.,.
6,22,9,16,6/13/2021,297,87,83,rainy,1,1,2,77.11,56.08,3396.71,2591.99
6,23,46,8,6/13/2021,297,6,.,rainy,1,0,1,.,.,.,.
6,24,70,6,6/13/2021,297,40,46,rainy,1,1,2,58.83,39.32,1816.63,1690.84
6,25,80,18,6/13/2021,297,119,88,rainy,1,1,2,60.96,64.62,3093.75,3400.25
6,26,70,4,6/13/2021,297,55,51,rainy,1,1,2,78.03,76.5,4688.5,3688.25
6,27,7,26,6/13/2021,297,81,.,rainy,1,0,1,.,.,.,.
6,28,30,30,6/13/2021,297,55,.,rainy,1,0,1,52.73,46.63,1931.33,1560.77
6,29,71,31,6/13/2021,297,.,.,rainy,0,0,0,.,.,.,.
6,30,67,41,6/13/2021,297,.,.,rainy,0,0,0,.,.,.,.
6,31,8,39,6/13/2021,297,74,.,rainy,1,0,1,51.21,41.45,1667.12,566.71
6,32,26,55,6/13/2021,297,37,.,rainy,1,0,1,.,.,.,.
6,33,50,16,6/13/2021,297,.,.,rainy,0,0,0,.,.,.,.
6,34,39,33,6/13/2021,297,36,37,rainy,1,1,2,63.09,48.77,2416.63,2071.74
6,35,71,18,6/13/2021,297,103,88,rainy,1,1,2,48.16,37.19,1406.49,1319.22
6,36,4,21,6/13/2021,297,90,80,rainy,1,1,2,89.31,49.99,3506.16,3214.45
6,37,79,7,6/13/2021,297,30,.,rainy,1,0,1,47.85,30.48,1145.56,845.42
6,38,69,11,6/13/2021,297,90,48,rainy,1,1,2,.,.,.,.
6,39,8,16,6/13/2021,297,79,78,rainy,1,1,2,42.37,33.83,1125.79,1021.93
6,40,72,35,6/13/2021,297,38,35,rainy,1,1,2,37.49,28.04,825.68,817.55
6,41,70,9,6/13/2021,297,35,32,rainy,1,1,2,53.34,60.96,2553.81,2657.03
6,42,6,16,6/13/2021,297,38,.,rainy,1,0,1,.,.,.,.
6,43,45,25,6/13/2021,297,23,32,rainy,1,1,2,39.32,32.92,1016.56,947.61
6,44,82,4,6/13/2021,297,104,102,rainy,1,1,2,62.48,62.48,3066.39,3158.7
6,45,30,43,6/13/2021,297,76,.,rainy,1,0,1,32,28.04,704.85,826.84
6,46,11,36,6/13/2021,297,136,77,rainy,1,1,2,.,.,.,.
6,47,4,7,6/13/2021,297,49,50,rainy,1,1,2,55.17,42.37,1835.75,1867.35
6,48,11,26,6/13/2021,297,117,.,rainy,1,0,1,.,.,.,.
6,49,43,32,6/13/2021,297,47,47,rainy,1,1,2,40.23,27.74,876.47,994.06
6,50,1,43,6/13/2021,297,67,72,rainy,1,1,2,67.06,58.83,3098.13,2629.16
6,51,34,38,6/13/2021,297,.,.,rainy,0,0,0,.,.,.,.
6,52,36,12,6/13/2021,297,.,.,rainy,0,0,0,.,.,.,.
6,53,26,63,6/13/2021,297,89,82,rainy,1,1,2,74.37,80.77,4717.97,4217.8
6,54,1,24,6/13/2021,297,68,48,rainy,1,1,2,64.92,58.22,2968.47,2090.32
6,55,71,28,6/13/2021,297,88,69,rainy,1,1,2,34.08,26.52,709.71,743.22
6,56,79,2,6/13/2021,297,44,71,rainy,1,1,2,69.49,67.06,3659.97,2833.54
6,57,26,47,6/13/2021,297,.,.,rainy,0,0,0,.,.,.,.
6,58,7,31,6/13/2021,297,95,.,rainy,1,0,1,.,.,.,.
6,59,30,40,6/13/2021,297,.,.,rainy,0,0,0,.,.,.,.
6,60,11,20,6/13/2021,297,55,.,rainy,1,0,1,.,.,.,.
6,61,50,6,6/13/2021,297,.,.,rainy,0,0,0,.,.,.,.
6,62,11,25,6/13/2021,297,78,.,rainy,1,0,1,.,.,.,.
6,63,60,4,6/13/2021,297,88,63,rainy,1,1,2,59.74,51.21,2402.62,2090.32
6,64,65,15,6/13/2021,297,42,51,rainy,1,1,2,67.36,52.43,2773.58,1672.25
6,65,60,16,6/13/2021,297,86,82,rainy,1,1,2,53.95,52.43,2221.37,1597.93
6,66,39,12,6/13/2021,297,29,24,rainy,1,1,2,49.99,43.59,1711.2,1170.58
6,67,6,4,6/13/2021,297,110,46,rainy,1,1,2,41.45,41.15,1339.65,1049.8
6,68,8,13,6/13/2021,297,76,82,rainy,1,1,2,32.92,25.3,654.07,696.77
6,69,11,41,6/13/2021,297,77,.,rainy,1,0,1,.,.,.,.
6,70,40,8,6/13/2021,297,25,21,rainy,1,1,2,32,29.57,743.16,743.22
6,71,66,1,6/13/2021,297,53,69,rainy,1,1,2,64.01,41.76,2099.23,1700.13
6,72,36,8,6/13/2021,297,89,.,rainy,1,0,1,69.49,35.97,1963.07,1625.8
6,73,26,52,6/13/2021,297,94,.,rainy,1,0,1,.,.,.,.
6,74,8,40,6/13/2021,297,88,57,rainy,1,1,2,41.15,34.75,1122.94,1207.74
6,75,11,35,6/13/2021,297,42,.,rainy,1,0,1,.,.,.,.
6,76,49,1,6/13/2021,297,.,.,rainy,0,0,0,.,.,.,.
6,77,72,49,6/13/2021,297,36,.,rainy,1,0,1,.,.,.,232.26
6,78,1,42,6/13/2021,297,78,72,rainy,1,1,2,59.44,52.43,2447.28,2173.93
6,79,81,12,6/13/2021,297,52,58,rainy,1,1,2,58.52,53.04,2437.64,2341.16
6,80,11,33,6/13/2021,297,60,.,rainy,1,0,1,.,.,.,297.29
6,81,7,28,6/13/2021,297,65,.,rainy,1,0,1,40.54,38.4,1222.76,947.61
6,82,71,40,6/13/2021,297,.,.,rainy,0,0,0,.,.,.,.
6,83,60,30,6/13/2021,297,32,29,rainy,1,1,2,54.56,27.43,1175.48,1319.22
6,84,6,27,6/13/2021,297,.,.,rainy,0,0,0,.,.,.,.
6,85,11,44,6/13/2021,297,90,.,rainy,1,0,1,31.39,23.77,586.21,557.42
6,86,30,37,6/13/2021,297,80,.,rainy,1,0,1,59.74,35.05,1644.65,1765.16
6,87,66,24,6/13/2021,297,59,.,rainy,1,0,1,65.84,34.75,1796.71,984.77
6,88,40,2,6/13/2021,297,27,31,rainy,1,1,2,25.91,21.64,440.35,464.52
6,89,1,35,6/13/2021,297,58,47,rainy,1,1,2,66.14,65.53,3404.22,2684.9
6,90,26,57,6/13/2021,297,57,.,rainy,1,0,1,.,.,.,.
6,91,71,29,6/13/2021,297,73,.,rainy,1,0,1,40.84,39.32,1261.29,1384.26
6,92,66,4,6/13/2021,297,72,81,rainy,1,1,2,30.48,27.74,663.99,808.26
6,93,6,20,6/13/2021,297,.,.,rainy,0,0,0,.,.,.,.
6,94,43,33,6/13/2021,297,60,.,rainy,1,0,1,.,.,.,.
6,95,9,22,6/13/2021,297,47,54,rainy,1,1,2,79.86,66.14,4148.4,2982.19
6,96,34,48,6/13/2021,297,.,.,rainy,0,0,0,.,.,.,.
6,97,8,14,6/13/2021,297,87,103,rainy,1,1,2,57.61,61.87,2799.48,2387.61
6,98,82,2,6/13/2021,297,125,42,rainy,1,1,2,119.18,86.26,8073.89,7980.37
6,99,50,14,6/13/2021,297,.,.,rainy,0,0,0,.,.,.,.
6,100,69,30,6/13/2021,297,66,22,rainy,1,1,2,55.17,42.06,1822.54,2285.41
6,101,4,10,6/13/2021,297,60,36,rainy,1,1,2,67.97,45.72,2440.71,2508.38
6,102,6,2,6/13/2021,297,77,83,rainy,1,1,2,66.14,50.9,2644.21,2257.54
6,103,46,10,6/13/2021,297,18,20,rainy,1,1,2,.,.,.,269.42
6,104,7,30,6/13/2021,297,.,.,rainy,0,0,0,.,.,.,.
6,105,43,47,6/13/2021,297,48,83,rainy,1,1,2,80.16,58.52,3684.48,3493.15
6,106,4,14,6/13/2021,297,105,71,rainy,1,1,2,95.1,66.45,4962.85,4868.12
6,107,30,57,6/13/2021,297,67,113,rainy,1,1,2,47.24,40.54,1504.19,1477.16
6,108,40,1,6/13/2021,297,.,.,rainy,0,0,0,.,.,.,.
6,109,45,30,6/13/2021,297,.,.,rainy,0,0,0,.,.,.,.
6,110,9,10,6/13/2021,297,.,.,rainy,0,0,0,.,.,.,.
6,111,6,17,6/13/2021,297,.,.,rainy,0,0,0,.,.,.,.
6,112,8,24,6/13/2021,297,60,.,rainy,1,0,1,32.61,28.35,726.08,613.16
6,113,4,43,6/13/2021,297,64,.,rainy,1,0,1,.,.,.,.
6,114,1,47,6/13/2021,297,115,73,rainy,1,1,2,46.33,44.5,1619.26,1644.38
6,115,6,30,6/13/2021,297,76,.,rainy,1,0,1,.,.,.,.
1,1,80,30,9/16/2021,392,193,168,rainy,1,1,2,100.28,68.88,5425.3,5304.76
1,2,69,3,9/16/2021,392,85,51,rainy,1,1,2,78.33,75.9,4669.31,4171.35
1,3,80,47,9/16/2021,392,141,113,rainy,1,1,2,44.81,47.24,1662.53,1700.13
1,4,49,42,9/16/2021,392,117,109,rainy,1,1,2,139.6,98.15,10760.72,6911.99
1,6,80,2,9/16/2021,392,210,.,rainy,1,0,1,167.34,115.21,15142.02,14483.58
1,7,69,26,9/16/2021,392,60,20,rainy,1,1,2,77.42,48.77,2965.33,2387.61
1,8,65,30,9/16/2021,392,.,.,rainy,0,0,0,.,.,.,.
1,9,49,39,9/16/2021,392,240,219,rainy,1,1,2,204.22,153.31,24590.23,27378.53
1,10,80,14,9/16/2021,392,70,91,rainy,1,1,2,.,.,.,.
1,11,69,28,9/16/2021,392,98,78,rainy,1,1,2,126.49,109.73,10901.1,7553.02
1,12,69,39,9/16/2021,392,53,.,rainy,1,0,1,.,.,.,.
1,13,50,30,9/16/2021,392,.,.,rainy,0,0,0,.,.,.,.
1,14,30,34,9/16/2021,392,191,225,rainy,1,1,2,150.88,99.67,11810.62,11222.69
1,15,80,49,9/16/2021,392,.,.,rainy,0,0,0,.,.,.,.
1,16,66,2,9/16/2021,392,75,64,rainy,1,1,2,72.24,33.22,1884.93,1830.19
1,17,69,35,9/16/2021,392,.,.,rainy,0,0,0,.,.,.,.
1,18,69,23,9/16/2021,392,.,.,rainy,0,0,0,.,.,.,.
1,19,69,10,9/16/2021,392,.,.,rainy,0,0,0,.,.,.,.
1,20,71,8,9/16/2021,392,134,93,rainy,1,1,2,97.23,60.35,4608.67,4041.28
1,21,49,17,9/16/2021,392,.,.,rainy,0,0,0,.,.,.,.
1,22,39,7,9/16/2021,392,.,.,rainy,0,0,0,.,.,.,.
1,23,65,40,9/16/2021,392,112,100,rainy,1,1,2,59.13,48.16,2236.55,2248.25
1,24,45,31,9/16/2021,392,.,.,rainy,0,0,0,.,.,.,.
1,25,45,18.1,9/16/2021,392,105,73,rainy,1,1,2,151.49,138.07,16427.61,11807.98
1,26,67,27,9/16/2021,392,.,.,rainy,0,0,0,.,.,.,.
1,27,45,4,9/16/2021,392,.,.,rainy,0,0,0,.,.,.,.
1,28,49,36,9/16/2021,392,.,.,rainy,0,0,0,.,.,.,.
1,29,49,30,9/16/2021,392,.,.,rainy,0,0,0,.,.,.,.
1,30,65,11,9/16/2021,392,76,82,rainy,1,1,2,91.44,69.8,5012.76,3855.48
1,31,45,19,9/16/2021,392,.,.,rainy,0,0,0,.,.,.,.
1,32,49,18,9/16/2021,392,47,.,rainy,1,0,1,48.77,42.06,1611.09,1495.74
1,33,69,45,9/16/2021,392,86,78,rainy,1,1,2,154.23,117.04,14177.56,13015.72
1,34,45,24,9/16/2021,392,121,124,rainy,1,1,2,105.16,76.2,6293.31,6605.41
1,35,80,46,9/16/2021,392,135,141,rainy,1,1,2,49.68,42.67,1665.08,1746.58
1,36,45,39,9/16/2021,392,.,.,rainy,0,0,0,.,.,.,.
1,37,67,42,9/16/2021,392,.,.,rainy,0,0,0,.,.,.,.
1,38,45,5,9/16/2021,392,.,.,rainy,0,0,0,.,.,.,.
1,39,80,28,9/16/2021,392,.,.,rainy,0,0,0,.,.,.,.
1,40,67,30,9/16/2021,392,.,.,rainy,0,0,0,.,.,.,.
1,41,69,5,9/16/2021,392,155,148,rainy,1,1,2,67.97,66.14,3530.89,3428.12
1,42,45,28,9/16/2021,392,24,30,rainy,1,1,2,52.43,31.7,1305.21,994.06
1,43,45,41,9/16/2021,392,136,109,rainy,1,1,2,92.66,141.73,10314.46,6512.5
1,44,72,26,9/16/2021,392,43,47,rainy,1,1,2,35.66,30.78,862.24,743.22
1,45,69,8,9/16/2021,392,172,184,rainy,1,1,2,182.58,146.3,20979.15,19955.57
1,46,45,2,9/16/2021,392,94,105,rainy,1,1,2,84.73,100.89,6714.17,5546.31
1,47,67,14,9/16/2021,392,.,.,rainy,0,0,0,.,.,.,.
1,48,49,19,9/16/2021,392,101,119,rainy,1,1,2,116.13,95.4,8701.4,8844.37
1,49,82,19,9/16/2021,392,202,208,rainy,1,1,2,122.53,106.98,10295.63,10210.04
1,50,65,1,9/16/2021,392,72,56,rainy,1,1,2,78.33,54.56,3356.65,2294.71
1,51,49,14,9/16/2021,392,.,.,rainy,0,0,0,.,.,.,.
1,52,80,27,9/16/2021,392,95,130,rainy,1,1,2,67.36,57.61,3047.71,2945.03
1,53,49,35,9/16/2021,392,52,.,rainy,1,0,1,61.26,55.47,2669.24,2740.64
1,54,49,29.1,9/16/2021,392,37,.,rainy,1,0,1,.,.,.,.
1,55,67,38,9/16/2021,392,.,.,rainy,0,0,0,.,.,.,.
1,56,49,12,9/16/2021,392,55,.,rainy,1,0,1,51.82,43.59,1773.8,1728
1,57,80,7,9/16/2021,392,113,139,rainy,1,1,2,71.93,44.5,2514.11,2629.16
1,58,45,47,9/16/2021,392,.,.,rainy,0,0,0,.,.,.,.
1,59,60,14,9/16/2021,392,.,.,rainy,0,0,0,.,.,.,.
1,60,49,20,9/16/2021,392,138,130,rainy,1,1,2,120.7,124.36,11788.95,10655.98
1,61,7,14,9/16/2021,392,126,51,rainy,1,1,2,57,66.14,2960.88,2759.22
1,62,45,36,9/16/2021,392,49,48,rainy,1,1,2,69.8,52.43,2873.98,2879.99
1,63,49,3,9/16/2021,392,75,79,rainy,1,1,2,75.9,80.16,4778.32,4050.57
1,64,66,37,9/16/2021,392,93,94,rainy,1,1,2,.,.,.,.
1,65,80,24,9/16/2021,392,133,.,rainy,1,0,1,45.11,46.02,1630.64,1486.45
1,66,82,21,9/16/2021,392,.,.,rainy,0,0,0,.,.,.,.
1,67,30,32,9/16/2021,392,.,.,rainy,0,0,0,.,.,.,.
1,68,49,8,9/16/2021,392,33,.,rainy,1,0,1,41.76,29.57,969.64,891.87
1,69,80,3,9/16/2021,392,73,.,rainy,1,0,1,49.07,41.15,1585.91,1774.45
1,70,11,23,9/16/2021,392,.,.,rainy,0,0,0,.,.,.,.
1,71,71,10,9/16/2021,392,.,.,rainy,0,0,0,.,.,.,.
1,72,79,6,9/16/2021,392,.,.,rainy,0,0,0,.,.,.,.
1,73,69,27,9/16/2021,392,.,.,rainy,0,0,0,.,.,.,.
1,74,80,13,9/16/2021,392,92,.,rainy,1,0,1,44.5,31.39,1097.26,929.03
1,75,34,8,9/16/2021,392,39,69,rainy,1,1,2,27.43,23.77,512.22,501.68
1,76,39,36,9/16/2021,392,.,.,rainy,0,0,0,.,.,.,.
1,77,34,25,9/16/2021,392,13,33,rainy,1,1,2,27.74,49.38,1075.66,975.48
1,78,80,38,9/16/2021,392,75,.,rainy,1,0,1,36.88,34.44,997.66,761.8
1,79,80,26,9/16/2021,392,139,.,rainy,1,0,1,45.72,31.39,1127.32,1235.61
1,80,71,27,9/16/2021,392,.,.,rainy,0,0,0,.,.,.,.
1,81,6,3,9/16/2021,392,.,.,rainy,0,0,0,.,.,.,.
1,82,49,40,9/16/2021,392,64,52,rainy,1,1,2,53.64,42.06,1772.2,1523.61
1,83,11,32,9/16/2021,392,41,.,rainy,1,0,1,35.66,27.13,759.79,929.03
1,84,45,34,9/16/2021,392,.,.,rainy,0,0,0,.,.,.,.
1,85,69,7,9/16/2021,392,61,39,rainy,1,1,2,84.43,66.75,4426.33,4598.7
1,86,6,10,9/16/2021,392,170,.,rainy,1,0,1,35.05,24.38,671.29,845.42
1,87,65,35,9/16/2021,392,.,.,rainy,0,0,0,.,.,.,.
1,88,45,48,9/16/2021,392,.,.,rainy,0,0,0,.,.,.,.
1,89,70,25,9/16/2021,392,43,19,rainy,1,1,2,68.28,51.21,2745.85,2675.61
1,90,9,18,9/16/2021,392,.,.,rainy,0,0,0,.,.,.,.
1,91,36,40,9/16/2021,392,65,.,rainy,1,0,1,38.1,28.35,848.23,798.97
1,92,60,2,9/16/2021,392,.,.,rainy,0,0,0,.,.,.,.
1,93,66,9,9/16/2021,392,.,.,rainy,0,0,0,.,.,.,.
1,94,36,38,9/16/2021,392,40,21,rainy,1,1,2,35.05,35.97,990.15,947.61
1,95,71,21,9/16/2021,392,.,.,rainy,0,0,0,.,.,.,.
1,96,45,23,9/16/2021,392,.,.,rainy,0,0,0,.,.,.,.
1,97,60,42,9/16/2021,392,.,.,rainy,0,0,0,.,.,.,.
1,98,67,4,9/16/2021,392,.,.,rainy,0,0,0,.,.,.,.
1,99,36,1,9/16/2021,392,60,.,rainy,1,0,1,.,.,.,.
1,100,69,17,9/16/2021,392,.,.,rainy,0,0,0,.,.,.,.
1,101,80,41,9/16/2021,392,114,.,rainy,1,0,1,57,52.43,2346.87,2387.61
1,102,43,12,9/16/2021,392,.,.,rainy,0,0,0,.,.,.,.
1,103,60,43,9/16/2021,392,69,63,rainy,1,1,2,74.68,48.16,2824.51,2861.41
1,104,6,5,9/16/2021,392,.,.,rainy,0,0,0,.,.,.,.
1,105,80,32,9/16/2021,392,102,99,rainy,1,1,2,19.81,36.88,573.88,826.84
1,106,69,4,9/16/2021,392,45,40,rainy,1,1,2,68.88,52.12,2819.84,2619.87
1,107,65,50,9/16/2021,392,.,.,rainy,0,0,0,.,.,.,.
1,108,80,50,9/16/2021,392,.,.,rainy,0,0,0,.,.,.,.
1,109,11,46,9/16/2021,392,54,.,rainy,1,0,1,38.71,35.36,1074.93,836.13
1,110,6,29,9/16/2021,392,.,.,rainy,0,0,0,.,.,.,.
1,111,26,61,9/16/2021,392,295,232,rainy,1,1,2,186.23,105.77,15470.01,16638.93
1,112,66,25,9/16/2021,392,.,.,rainy,0,0,0,.,.,.,.
1,113,1,22,9/16/2021,392,.,.,rainy,0,0,0,.,.,.,.
1,114,60,37,9/16/2021,392,160,129,rainy,1,1,2,184.4,100.58,14567.64,13470.94
1,115,4,26,9/16/2021,392,76,73,rainy,1,1,2,62.48,56.39,2767.23,2313.29
1,116,50,3,9/16/2021,392,.,.,rainy,0,0,0,.,.,.,.
1,117,7,2,9/16/2021,392,77,.,rainy,1,0,1,34.75,33.53,914.99,1049.8
1,118,6,7,9/16/2021,392,.,.,rainy,0,0,0,.,.,.,.
1,119,11,1,9/16/2021,392,.,.,rainy,0,0,0,.,.,.,.
1,120,69,14,9/16/2021,392,.,.,rainy,0,0,0,.,.,.,.
1,121,82,5,9/16/2021,392,146,.,rainy,1,0,1,.,.,.,.
1,122,11,42,9/16/2021,392,65,.,rainy,1,0,1,.,.,.,334.45
1,123,7,39,9/16/2021,392,69,.,rainy,1,0,1,37.19,28.04,818.97,984.77
1,124,69,22,9/16/2021,392,71,.,rainy,1,0,1,.,.,.,.
1,125,1,20,9/16/2021,392,.,.,rainy,0,0,0,.,.,.,.
1,126,45,6,9/16/2021,392,.,.,rainy,0,0,0,.,.,.,.
1,127,6,8,9/16/2021,392,.,.,rainy,0,0,0,.,.,.,.
1,128,82,22,9/16/2021,392,108,104,rainy,1,1,2,65.84,53.04,2742.35,3260.9
1,129,49,11,9/16/2021,392,.,.,rainy,0,0,0,.,.,.,.
1,130,7,43,9/16/2021,392,89,.,rainy,1,0,1,.,.,.,269.42
1,131,80,25,9/16/2021,392,97,82,rainy,1,1,2,.,.,.,269.42
1,132,50,11,9/16/2021,392,.,.,rainy,0,0,0,.,.,.,.
1,133,66,19,9/16/2021,392,102,97,rainy,1,1,2,42.06,30.78,1017,975.48
1,134,72,47,9/16/2021,392,.,.,rainy,0,0,0,.,.,.,.
1,135,71,11.1,9/16/2021,392,.,.,rainy,0,0,0,.,.,.,.
1,136,67,31,9/16/2021,392,.,.,rainy,0,0,0,.,.,.,.
1,137,11,6,9/16/2021,392,60,.,rainy,1,0,1,44.81,33.83,1190.58,1226.32
1,138,80,23,9/16/2021,392,112,119,rainy,1,1,2,55.47,37.8,1646.69,1737.29
1,139,45,32,9/16/2021,392,32,.,rainy,1,0,1,43.89,41.45,1428.96,1532.9
1,140,65,19,9/16/2021,392,44,.,rainy,1,0,1,35.36,27.43,761.76,882.58
1,141,69,32,9/16/2021,392,.,.,rainy,0,0,0,.,.,.,.
1,142,80,45,9/16/2021,392,91,93,rainy,1,1,2,50.29,45.72,1805.91,1737.29
1,143,45,3,9/16/2021,392,45,47,rainy,1,1,2,47.55,46.02,1718.78,1588.64
1,144,69,6,9/16/2021,392,66,.,rainy,1,0,1,59.13,54.86,2547.97,2545.54
1,145,69,18,9/16/2021,392,126,40,rainy,1,1,2,98.76,113.08,8770.79,8732.89
1,146,45,1.1,9/16/2021,392,38,.,rainy,1,0,1,53.04,57.91,2412.25,1876.64
1,147,65,28,9/16/2021,392,39,.,rainy,1,0,1,59.44,54.86,2561.1,2378.32
1,148,49,25,9/16/2021,392,67,.,rainy,1,0,1,52.12,33.83,1384.97,1458.58
1,149,66,18,9/16/2021,392,.,.,rainy,0,0,0,.,.,.,.
1,150,69,42,9/16/2021,392,45,.,rainy,1,0,1,.,.,.,297.29
1,151,49,50,9/16/2021,392,42,.,rainy,1,0,1,56.39,59.13,2618.75,2573.41
1,152,82,29,9/16/2021,392,.,.,rainy,0,0,0,.,.,.,.
1,153,82,28,9/16/2021,392,124,145,rainy,1,1,2,73.76,51.82,3001.82,3028.64
1,154,69,49,9/16/2021,392,71,69,rainy,1,1,2,104.55,98.76,8108.84,8528.5
1,155,49,26,9/16/2021,392,.,.,rainy,0,0,0,.,.,.,.
1,156,69,46,9/16/2021,392,.,.,rainy,0,0,0,.,.,.,.
1,157,45,44,9/16/2021,392,36,25,rainy,1,1,2,46.63,50.9,1864.35,1635.09
1,158,49,27,9/16/2021,392,52,.,rainy,1,0,1,45.72,35.36,1269.61,1458.58
1,159,66,17,9/16/2021,392,78,70,rainy,1,1,2,46.33,56.08,2040.71,1923.09
1,160,66,29,9/16/2021,392,82,.,rainy,1,0,1,39.84,31.39,982.27,817.55
1,161,69,2,9/16/2021,392,.,.,rainy,0,0,0,.,.,.,.
1,162,69,29,9/16/2021,392,47,.,rainy,1,0,1,53.04,46.02,1917.11,1560.77
1,163,45,38,9/16/2021,392,.,.,rainy,0,0,0,.,.,.,.
1,164,49,15,9/16/2021,392,62,65,rainy,1,1,2,60.66,67.36,3208.97,3483.86
1,165,69,25,9/16/2021,392,.,.,rainy,0,0,0,.,.,.,.
1,166,69,38,9/16/2021,392,.,.,rainy,0,0,0,.,.,.,.
1,167,80,5.1,9/16/2021,392,135,.,rainy,1,0,1,42.98,37.19,1255.16,1309.93
1,168,49,43,9/16/2021,392,.,.,rainy,0,0,0,.,.,.,.
1,169,80,34,9/16/2021,392,116,.,rainy,1,0,1,46.02,47.24,1707.77,1505.03
1,170,69,33,9/16/2021,392,200,164,rainy,1,1,2,259.38,130.15,26514.12,29078.65
1,171,80,10.1,9/16/2021,392,54,61,rainy,1,1,2,47.85,47.85,1798.54,1644.38
1,172,45,50,9/16/2021,392,82,77,rainy,1,1,2,66.45,61.87,3229.03,3195.86
1,173,69,9,9/16/2021,392,.,.,rainy,0,0,0,.,.,.,.
1,174,69,20,9/16/2021,392,38,.,rainy,1,0,1,48.77,33.53,1284.2,1207.74
1,175,26,6,9/16/2021,392,210,229,rainy,1,1,2,107.9,102.11,8653.02,7785.27
1,176,45,16,9/16/2021,392,.,.,rainy,0,0,0,.,.,.,.
1,177,80,21,9/16/2021,392,86,.,rainy,1,0,1,44.81,37.19,1308.57,1291.35
1,178,71,24,9/16/2021,392,.,.,rainy,0,0,0,.,.,.,.
1,179,66,39,9/16/2021,392,45,97,rainy,1,1,2,30.78,27.43,663.26,771.1
1,180,9,14,9/16/2021,392,140,131,rainy,1,1,2,150.27,103.63,12230.54,6159.47
1,181,11,39,9/16/2021,392,47,.,rainy,1,0,1,48.16,38.71,1464.13,1393.55
1,182,66,43,9/16/2021,392,92,.,rainy,1,0,1,.,.,.,.
1,183,4,24,9/16/2021,392,65,48,rainy,1,1,2,56.08,57.91,2550.89,2192.51
1,184,67,19,9/16/2021,392,.,.,rainy,0,0,0,.,.,.,.
1,185,11,49,9/16/2021,392,68,.,rainy,1,0,1,38.71,35.66,1084.2,1105.55
1,186,1,14,9/16/2021,392,.,.,rainy,0,0,0,.,.,.,.
1,187,49,33,9/16/2021,392,.,.,rainy,0,0,0,.,.,.,.
1,188,34,16,9/16/2021,392,.,.,rainy,0,0,0,.,.,.,.
1,189,11,13,9/16/2021,392,71,.,rainy,1,0,1,.,.,.,.
1,190,45,35,9/16/2021,392,.,.,rainy,0,0,0,.,.,.,.
1,191,11,8,9/16/2021,392,.,.,rainy,0,0,0,.,.,.,.
1,192,66,33,9/16/2021,392,107,134,rainy,1,1,2,105.16,40.97,3383.28,3892.64
1,193,72,24,9/16/2021,392,41,45,rainy,1,1,2,.,.,.,.
1,194,80,48,9/16/2021,392,65,71,rainy,1,1,2,43.89,38.4,1323.89,1272.77
1,195,1,48,9/16/2021,392,.,.,rainy,0,0,0,.,.,.,.
1,196,60,13,9/16/2021,392,148,145,rainy,1,1,2,110.64,121.92,10594.65,10674.56
1,197,34,1,9/16/2021,392,23,117,rainy,1,1,2,.,.,.,.
1,198,49,45,9/16/2021,392,.,.,rainy,0,0,0,.,.,.,.
1,199,30,12,9/16/2021,392,.,.,rainy,0,0,0,.,.,.,.
1,200,81,7,9/16/2021,392,150,.,rainy,1,0,1,99.97,142.04,11152.69,3000.77
1,201,50,5,9/16/2021,392,.,.,rainy,0,0,0,.,.,.,.
1,202,71,19,9/16/2021,392,.,.,rainy,0,0,0,.,.,.,.
1,203,9,7,9/16/2021,392,40,37,rainy,1,1,2,66.45,47.55,2481.42,1811.61
1,204,70,30,9/16/2021,392,78,68,rainy,1,1,2,117.65,95.71,8843.76,9643.34
1,205,65,38,9/16/2021,392,.,.,rainy,0,0,0,.,.,.,.
1,206,45,49,9/16/2021,392,29,85,rainy,1,1,2,87.78,73.76,5085.43,5295.47
1,207,43,37,9/16/2021,392,297,270,rainy,1,1,2,184.71,81.99,11894.46,11975.2
1,208,26,17,9/16/2021,392,110,95,rainy,1,1,2,100.89,117.65,9322.56,3883.35
1,209,50,28,9/16/2021,392,.,.,rainy,0,0,0,.,.,.,.
1,210,45,33,9/16/2021,392,.,.,rainy,0,0,0,.,.,.,.
1,211,36,19,9/16/2021,392,142,113,rainy,1,1,2,46.63,41.76,1529.44,1309.93
1,212,70,2,9/16/2021,392,.,.,rainy,0,0,0,.,.,.,.
1,213,69,15,9/16/2021,392,80,53,rainy,1,1,2,58.52,60.35,2773.87,2601.29
1,214,70,14,9/16/2021,392,62,26,rainy,1,1,2,29.26,21.03,483.33,631.74
1,215,65,13,9/16/2021,392,64,62,rainy,1,1,2,69.19,56.08,3047.64,2099.61
1,216,9,17,9/16/2021,392,131,148,rainy,1,1,2,98.15,58.22,4487.55,2601.29
1,217,30,6,9/16/2021,392,28,26,rainy,1,1,2,.,.,.,213.68
1,218,67,28,9/16/2021,392,.,.,rainy,0,0,0,.,.,.,.
1,219,7,8,9/16/2021,392,.,.,rainy,0,0,0,.,.,.,.
1,220,11,48,9/16/2021,392,.,.,rainy,0,0,0,.,.,.,.
1,221,11,22,9/16/2021,392,59,.,rainy,1,0,1,.,.,.,.
1,222,70,22,9/16/2021,392,.,.,rainy,0,0,0,.,.,.,.
1,223,49,24,9/16/2021,392,134,.,rainy,1,0,1,.,.,.,.
1,224,71,4,9/16/2021,392,89,.,rainy,1,0,1,51.82,30.18,1228.02,1021.93
1,225,1,29,9/16/2021,392,.,.,rainy,0,0,0,.,.,.,.
1,226,1,33,9/16/2021,392,.,.,rainy,0,0,0,.,.,.,.
1,227,60,28,9/16/2021,392,170,79,rainy,1,1,2,160.63,161.54,20380.1,16230.16
1,228,49,37,9/16/2021,392,67,75,rainy,1,1,2,71.63,64.92,3652.31,3966.96
1,229,66,20,9/16/2021,392,137,135,rainy,1,1,2,105.46,92.35,7649.6,6168.76
1,230,49,32,9/16/2021,392,75,91,rainy,1,1,2,68.58,68.88,3710.31,4041.28
1,231,39,49,9/16/2021,392,.,.,rainy,0,0,0,.,.,.,.
1,232,60,34,9/16/2021,392,142,183,rainy,1,1,2,96.01,135.33,10205.01,10005.66
1,233,4,36,9/16/2021,392,158,166,rainy,1,1,2,88.7,74.37,5180.87,4942.44
1,234,79,8,9/16/2021,392,81,78,rainy,1,1,2,64.01,57,2865.37,2434.06
1,235,39,21,9/16/2021,392,.,.,rainy,0,0,0,.,.,.,.
1,236,81,11,9/16/2021,392,180,79,rainy,1,1,2,63.4,49.07,2443.48,2647.74
1,237,80,29,9/16/2021,392,149,147,rainy,1,1,2,63.7,35.66,1784.23,1774.45
1,238,34,15,9/16/2021,392,43,.,rainy,1,0,1,.,.,.,399.48
1,239,49,28,9/16/2021,392,59,116,rainy,1,1,2,85.65,94.49,6356.06,5982.96
1,240,34,26,9/16/2021,392,49,.,rainy,1,0,1,.,.,.,.
1,241,4,6,9/16/2021,392,.,.,rainy,0,0,0,.,.,.,.
1,242,46,7,9/16/2021,392,29,.,rainy,1,0,1,32,21.34,536.3,510.97
1,243,39,40,9/16/2021,392,.,.,rainy,0,0,0,.,.,.,.
1,244,43,4,9/16/2021,392,.,.,rainy,0,0,0,.,.,.,.
1,245,4,29,9/16/2021,392,174,.,rainy,1,0,1,149.35,67.06,7865.72,8714.31
1,246,79,10,9/16/2021,392,21,.,rainy,1,0,1,26.21,21.95,451.8,557.42
1,247,49,46,9/16/2021,392,.,.,rainy,0,0,0,.,.,.,.
1,248,49,38,9/16/2021,392,85,108,rainy,1,1,2,115.82,97.23,8844.92,8900.11
1,249,49,22,9/16/2021,392,159,73,rainy,1,1,2,50.9,59.13,2363.95,2396.9
1,250,81,21,9/16/2021,392,.,.,rainy,0,0,0,.,.,.,.
1,251,80,22,9/16/2021,392,20,.,rainy,1,0,1,.,.,.,.
1,252,45,8,9/16/2021,392,85,79,rainy,1,1,2,68.58,70.1,3775.98,3474.57
1,253,67,39,9/16/2021,392,.,.,rainy,0,0,0,.,.,.,.
1,254,80,4,9/16/2021,392,153,154,rainy,1,1,2,95.4,78.64,5892.29,5406.96
1,255,49,21,9/16/2021,392,73,103,rainy,1,1,2,78.94,55.47,3439.47,3939.09
1,256,80,33,9/16/2021,392,128,.,rainy,1,0,1,30.18,26.21,621.23,817.55
1,257,67,35,9/16/2021,392,.,.,rainy,0,0,0,.,.,.,.
1,258,80,39,9/16/2021,392,151,149,rainy,1,1,2,28.04,26.52,584.02,594.58
1,259,80,36,9/16/2021,392,115,.,rainy,1,0,1,55.17,55.47,2403.64,2043.87
1,260,45,9,9/16/2021,392,132,143,rainy,1,1,2,130.15,109.73,11216.31,10897.53
1,261,36,46,9/16/2021,392,31,48,rainy,1,1,2,.,.,.,288
1,262,45,27,9/16/2021,392,55,96,rainy,1,1,2,53.04,49.07,2044.07,2146.06
1,263,49,16,9/16/2021,392,62,71,rainy,1,1,2,79.25,74.07,4609.98,4069.15
1,264,80,44,9/16/2021,392,92,.,rainy,1,0,1,63.09,48.77,2416.63,2638.45
1,265,80,40,9/16/2021,392,120,83,rainy,1,1,2,55.17,36.88,1598.03,1978.83
1,266,66,27,9/16/2021,392,68,96,rainy,1,1,2,88.39,56.08,3893.46,3595.35
1,267,49,41,9/16/2021,392,85,100,rainy,1,1,2,100.58,93.27,7368.09,8091.85
1,268,66,12,9/16/2021,392,104,109,rainy,1,1,2,49.68,29.87,1165.56,1300.64
1,269,69,41,9/16/2021,392,49,38,rainy,1,1,2,46.94,28.65,1056.25,994.06
1,270,45,45,9/16/2021,392,82,54,rainy,1,1,2,48.16,31.09,1175.92,1152
1,271,69,40,9/16/2021,392,42,77,rainy,1,1,2,55.78,39.62,1735.86,1793.03
1,272,80,6,9/16/2021,392,107,56,rainy,1,1,2,36.27,43.59,1241.66,1226.32
1,273,34,3,9/16/2021,392,93,92,rainy,1,1,2,72.24,89.61,5084.12,3716.12
1,274,60,19,9/16/2021,392,.,.,rainy,0,0,0,.,.,.,.
1,275,80,43,9/16/2021,392,.,.,rainy,0,0,0,.,.,.,.
1,276,39,28,9/16/2021,392,80,.,rainy,1,0,1,.,.,.,.
1,277,72,22,9/16/2021,392,.,.,rainy,0,0,0,.,.,.,.
1,278,60,21,9/16/2021,392,141,101,rainy,1,1,2,89.61,83.82,5899.29,6698.31
1,279,67,13,9/16/2021,392,.,.,rainy,0,0,0,.,.,.,.
1,280,40,3,9/16/2021,392,.,.,rainy,0,0,0,.,.,.,.
1,281,49,34,9/16/2021,392,94,83,rainy,1,1,2,65.53,58.22,2996.34,3149.41
1,282,39,3,9/16/2021,392,40,177,rainy,1,1,2,.,.,.,.
1,283,1,10,9/16/2021,392,70,63,rainy,1,1,2,35.97,44.5,1257.06,910.45
1,284,26,26,9/16/2021,392,204,219,rainy,1,1,2,117.04,109.73,10086.8,10953.27
1,285,26,20,9/16/2021,392,100,66,rainy,1,1,2,71.63,67.36,3789.48,3651.09
1,286,43,40,9/16/2021,392,143,135,rainy,1,1,2,106.38,69.19,5780.58,6735.47
1,287,36,3,9/16/2021,392,94,78,rainy,1,1,2,56.39,25.6,1133.89,1086.97
1,288,65,10,9/16/2021,392,52,46,rainy,1,1,2,35.97,41.76,1179.57,1347.09
1,289,81,4,9/16/2021,392,103,108,rainy,1,1,2,90.53,85.04,6046.17,4347.86
1,290,7,11,9/16/2021,392,36,.,rainy,1,0,1,.,.,.,390.19
2,1,36,15,9/16/2021,392,.,.,rainy,0,0,0,.,.,.,.
2,2,36,16,9/16/2021,392,.,.,rainy,0,0,0,.,.,.,.
2,3,43,1,9/16/2021,392,63,.,rainy,1,0,1,.,.,.,.
2,4,43,43,9/16/2021,392,210,.,rainy,1,0,1,.,.,.,.
2,5,40,10,9/16/2021,392,10,.,rainy,1,0,1,.,.,.,.
2,6,69,19,9/16/2021,392,143,131,rainy,1,1,2,52.73,52.73,2183.8,1960.25
2,7,45,22,9/16/2021,392,.,.,rainy,0,0,0,.,.,.,.
2,8,36,4,9/16/2021,392,102,68,rainy,1,1,2,80.77,62.79,3983.21,4069.15
2,9,43,5,9/16/2021,392,.,.,rainy,0,0,0,.,.,.,.
2,10,43,36,9/16/2021,392,170,.,rainy,1,0,1,114.91,74.37,6711.99,6168.76
2,11,36,11,9/16/2021,392,.,.,rainy,0,0,0,.,.,.,.
2,12,43,41,9/16/2021,392,165,179,rainy,1,1,2,78.64,90.22,5572.26,5750.7
2,13,43,3,9/16/2021,392,227,242,rainy,1,1,2,107.59,71.02,6001.37,6633.28
2,14,43,2,9/16/2021,392,211,226,rainy,1,1,2,72.54,61.57,3507.91,3195.86
2,15,82,12,9/16/2021,392,210,141,rainy,1,1,2,177.39,146.61,20426.21,21116.86
2,16,49,48,9/16/2021,392,64,63,rainy,1,1,2,72.85,74.07,4237.64,4412.89
2,17,67,20,9/16/2021,392,.,.,rainy,0,0,0,.,.,.,.
2,18,34,9,9/16/2021,392,.,.,rainy,0,0,0,.,.,.,.
2,19,66,15,9/16/2021,392,117,107,rainy,1,1,2,58.22,32.92,1505.14,1282.06
2,20,11,12,9/16/2021,392,62,57,rainy,1,1,2,90.53,53.04,3770.73,3948.38
2,21,36,6,9/16/2021,392,153,134,rainy,1,1,2,53.64,39.93,1682.3,1412.13
2,22,30,35,9/16/2021,392,125,60,rainy,1,1,2,64.01,46.33,2329.07,2294.71
2,23,45,42,9/16/2021,392,.,.,rainy,0,0,0,.,.,.,.
2,24,8,42,9/16/2021,392,108,90,rainy,1,1,2,53.04,66.45,2767.74,2554.83
2,25,8,23,9/16/2021,392,.,.,rainy,0,0,0,.,.,.,.
2,26,66,23,9/16/2021,392,6,.,rainy,1,0,1,.,.,.,.
2,27,11,50,9/16/2021,392,58,.,rainy,1,0,1,.,.,.,.
2,28,66,41,9/16/2021,392,107,.,rainy,1,0,1,80.77,48.16,3055.08,3100.17
2,29,34,21,9/16/2021,392,58,.,rainy,1,0,1,.,.,.,.
2,30,82,11,9/16/2021,392,320,.,rainy,1,0,1,211.23,179.53,29782.99,29468.84
2,31,30,26,9/16/2021,392,102,95,rainy,1,1,2,84.12,107.59,7108.92,2081.03
2,32,69,34,9/16/2021,392,215,.,rainy,1,0,1,219.15,160.93,27700.18,5992.25
2,33,66,14,9/16/2021,392,81,79,rainy,1,1,2,63.09,50.29,2492.15,2257.54
2,34,82,20,9/16/2021,392,151,191,rainy,1,1,2,116.43,122.22,11177.06,11519.98
2,35,11,28,9/16/2021,392,89,.,rainy,1,0,1,.,.,.,.
2,36,8,22,9/16/2021,392,120,107,rainy,1,1,2,91.44,65.23,4684.41,4422.18
2,37,26,16,9/16/2021,392,.,.,rainy,0,0,0,.,.,.,.
2,38,67,8,9/16/2021,392,.,.,rainy,0,0,0,.,.,.,.
2,39,72,43,9/16/2021,392,54,72,rainy,1,1,2,50.29,39.62,1565.12,1467.87
2,40,79,5,9/16/2021,392,30,24,rainy,1,1,2,63.4,49.07,2443.48,2378.32
2,41,11,40,9/16/2021,392,48,46,rainy,1,1,2,130.45,81.08,8307.02,9011.59
2,42,39,18,9/16/2021,392,.,.,rainy,0,0,0,.,.,.,.
2,43,30,17,9/16/2021,392,60,69,rainy,1,1,2,45.11,38.71,1371.47,1272.77
2,44,71,36,9/16/2021,392,71,68,rainy,1,1,2,.,.,.,418.06
2,45,81,8,9/16/2021,392,57,49,rainy,1,1,2,45.11,39.93,1414.66,1384.26
2,46,9,6,9/16/2021,392,.,.,rainy,0,0,0,.,.,.,.
2,47,4,12,9/16/2021,392,48,63,rainy,1,1,2,45.72,37.49,1346.22,1235.61
2,48,1,12,9/16/2021,392,.,.,rainy,0,0,0,.,.,.,.
2,49,6,23,9/16/2021,392,33,.,rainy,1,0,1,.,.,.,.
2,50,69,37,9/16/2021,392,.,.,rainy,0,0,0,.,.,.,.
2,51,7,45,9/16/2021,392,.,.,rainy,0,0,0,.,.,.,.
2,52,80,17,9/16/2021,392,81,.,rainy,1,0,1,35.05,31.09,855.89,789.68
2,53,71,30,9/16/2021,392,.,.,rainy,0,0,0,.,.,.,.
2,54,50,9,9/16/2021,392,.,.,rainy,0,0,0,.,.,.,.
2,55,6,21,9/16/2021,392,.,.,rainy,0,0,0,.,.,.,.
2,56,81,9,9/16/2021,392,.,.,rainy,0,0,0,.,.,.,.
2,57,34,4,9/16/2021,392,.,.,rainy,0,0,0,.,.,.,.
2,58,1,9,9/16/2021,392,.,.,rainy,0,0,0,.,.,.,.
2,59,6,24,9/16/2021,392,.,.,rainy,0,0,0,.,.,.,.
2,60,45,21,9/16/2021,392,.,.,rainy,0,0,0,.,.,.,.
2,61,69,36,9/16/2021,392,.,.,rainy,0,0,0,.,.,.,.
2,62,65,24,9/16/2021,392,.,.,rainy,0,0,0,.,.,.,.
2,63,50,19,9/16/2021,392,.,.,rainy,0,0,0,.,.,.,.
2,64,11,7,9/16/2021,392,.,.,rainy,0,0,0,.,.,.,.
2,65,45,14,9/16/2021,392,.,.,rainy,0,0,0,.,.,.,.
2,66,9,28,9/16/2021,392,.,.,rainy,0,0,0,.,.,.,.
2,67,82,1,9/16/2021,392,.,.,rainy,0,0,0,.,.,.,.
2,68,80,1,9/16/2021,392,58,.,rainy,1,0,1,35.05,36.88,1015.32,882.58
2,69,34,40,9/16/2021,392,.,.,rainy,0,0,0,.,.,.,.
2,70,69,48,9/16/2021,392,.,.,rainy,0,0,0,.,.,.,.
2,71,30,9,9/16/2021,392,30,.,rainy,1,0,1,.,.,.,.
2,72,72,27,9/16/2021,392,.,.,rainy,0,0,0,.,.,.,.
2,73,11,18,9/16/2021,392,92,.,rainy,1,0,1,67.06,40.23,2118.93,2211.09
2,74,26,15,9/16/2021,392,60,.,rainy,1,0,1,51.51,34.44,1393.43,1440
2,75,26,3,9/16/2021,392,172,.,rainy,1,0,1,84.12,70.71,4672.15,4199.22
2,76,8,41,9/16/2021,392,.,.,rainy,0,0,0,.,.,.,.
2,77,7,33,9/16/2021,392,108,60,rainy,1,1,2,.,.,.,315.87
2,78,30,18,9/16/2021,392,.,.,rainy,0,0,0,.,.,.,.
2,79,8,6,9/16/2021,392,85,84,rainy,1,1,2,61.57,36.27,1753.95,2099.61
2,80,8,19,9/16/2021,392,.,.,rainy,0,0,0,.,.,.,.
2,81,9,24,9/16/2021,392,.,.,rainy,0,0,0,.,.,.,.
2,82,39,4,9/16/2021,392,.,.,rainy,0,0,0,.,.,.,.
2,83,6,28,9/16/2021,392,161,93,rainy,1,1,2,84.73,47.85,3184.67,3892.64
2,84,67,10,9/16/2021,392,.,.,rainy,0,0,0,.,.,.,.
2,85,80,11,9/16/2021,392,81,.,rainy,1,0,1,31.39,24.38,601.24,492.39
2,86,26,49,9/16/2021,392,139,122,rainy,1,1,2,129.54,103.94,10574.58,10098.56
2,87,72,2,9/16/2021,392,.,.,rainy,0,0,0,.,.,.,.
2,88,9,2,9/16/2021,392,.,.,rainy,0,0,0,.,.,.,.
2,89,72,7,9/16/2021,392,.,.,rainy,0,0,0,.,.,.,.
2,90,71,1,9/16/2021,392,.,.,rainy,0,0,0,.,.,.,.
2,91,70,3,9/16/2021,392,59,52,rainy,1,1,2,83.52,69.8,4578.32,4050.57
2,92,7,22,9/16/2021,392,.,.,rainy,0,0,0,.,.,.,.
2,93,72,21,9/16/2021,392,56,.,rainy,1,0,1,.,.,.,334.45
2,94,34,39,9/16/2021,392,15,.,rainy,1,0,1,32.61,29.26,749.51,622.45
2,95,7,32,9/16/2021,392,114,.,rainy,1,0,1,.,.,.,.
2,96,70,27,9/16/2021,392,.,.,rainy,0,0,0,.,.,.,.
2,97,81,17,9/16/2021,392,63,59,rainy,1,1,2,49.07,44.81,1726.88,1746.58
2,98,49,10,9/16/2021,392,60,60,rainy,1,1,2,42.98,29.26,987.67,1059.09
2,99,67,16,9/16/2021,392,.,.,rainy,0,0,0,.,.,.,.
2,100,39,17,9/16/2021,392,.,.,rainy,0,0,0,.,.,.,.
2,101,39,1,9/16/2021,392,.,.,rainy,0,0,0,.,.,.,.
2,102,1,13,9/16/2021,392,.,.,rainy,0,0,0,.,.,.,.
2,103,50,4,9/16/2021,392,.,.,rainy,0,0,0,.,.,.,.
2,104,70,24,9/16/2021,392,.,.,rainy,0,0,0,.,.,.,.
2,105,69,12,9/16/2021,392,48,.,rainy,1,0,1,.,.,.,.
2,106,11,37,9/16/2021,392,25,.,rainy,1,0,1,.,.,.,.
2,107,1,1,9/16/2021,392,.,.,rainy,0,0,0,.,.,.,.
2,108,1,17,9/16/2021,392,.,.,rainy,0,0,0,.,.,.,.
2,109,4,13.1,9/16/2021,392,71,36,rainy,1,1,2,52.12,38.1,1559.65,1588.64
2,110,71,9,9/16/2021,392,.,.,rainy,0,0,0,.,.,.,.
2,111,8,34,9/16/2021,392,82,88,rainy,1,1,2,50.9,36.58,1462.24,1532.9
2,112,60,23,9/16/2021,392,.,.,rainy,0,0,0,.,.,.,.
2,113,26,7,9/16/2021,392,64,59,rainy,1,1,2,75.29,59.74,3532.42,3651.09
2,114,39,44,9/16/2021,392,24,.,rainy,1,0,1,29.26,34.44,791.53,798.97
2,115,65,18,9/16/2021,392,13,.,rainy,1,0,1,.,.,.,288
2,116,66,21,9/16/2021,392,76,78,rainy,1,1,2,39.01,27.13,831.23,901.16
2,117,26,2,9/16/2021,392,250,119,rainy,1,1,2,157.89,143.87,17839.87,17855.96
2,118,71,23,9/16/2021,392,.,.,rainy,0,0,0,.,.,.,.
2,119,71,20,9/16/2021,392,.,.,rainy,0,0,0,.,.,.,.
2,120,39,27,9/16/2021,392,.,.,rainy,0,0,0,.,.,.,.
2,121,67,46,9/16/2021,392,.,.,rainy,0,0,0,.,.,.,.
2,122,30,25,9/16/2021,392,.,.,rainy,0,0,0,.,.,.,.
2,123,65,6,9/16/2021,392,.,.,rainy,0,0,0,.,.,.,.
2,124,30,42,9/16/2021,392,93,91,rainy,1,1,2,60.05,49.38,2328.63,2276.12
2,125,36,37,9/16/2021,392,34,.,rainy,1,0,1,.,.,.,343.74
2,126,60,47,9/16/2021,392,.,.,rainy,0,0,0,.,.,.,.
2,127,7,21,9/16/2021,392,.,.,rainy,0,0,0,.,.,.,.
2,128,30,27,9/16/2021,392,185,140,rainy,1,1,2,103.02,58.83,4759.86,4487.22
2,129,43,29,9/16/2021,392,107,105,rainy,1,1,2,46.02,39.01,1410.28,1328.51
2,130,4,18,9/16/2021,392,108,98,rainy,1,1,2,45.42,40.54,1445.96,1393.55
2,131,4,8,9/16/2021,392,116,141,rainy,1,1,2,78.64,69.19,4273.32,4617.28
2,132,60,48,9/16/2021,392,138,130,rainy,1,1,2,35.36,28.96,804.08,696.77
2,133,11,15,9/16/2021,392,58,.,rainy,1,0,1,.,.,.,.
2,134,30,21,9/16/2021,392,98,81,rainy,1,1,2,52.12,47.85,1958.91,1895.22
2,135,26,53,9/16/2021,392,.,.,rainy,0,0,0,.,.,.,.
2,136,72,12,9/16/2021,392,28,44,rainy,1,1,2,36.88,36.58,1059.46,1012.64
2,137,65,22,9/16/2021,392,32,74,rainy,1,1,2,59.74,44.2,2073.69,1950.96
2,138,7,1,9/16/2021,392,.,.,rainy,0,0,0,.,.,.,.
2,139,49,5,9/16/2021,392,68,112,rainy,1,1,2,65.23,50.29,2576.43,2378.32
2,140,6,26,9/16/2021,392,.,.,rainy,0,0,0,.,.,.,.
2,141,1,16.1,9/16/2021,392,.,.,rainy,0,0,0,.,.,.,.
2,142,60,6,9/16/2021,392,.,.,rainy,0,0,0,.,.,.,.
2,143,43,46,9/16/2021,392,.,.,rainy,0,0,0,.,.,.,.
2,144,67,2,9/16/2021,392,.,.,rainy,0,0,0,.,.,.,.
2,145,7,29,9/16/2021,392,85,.,rainy,1,0,1,.,.,.,.
2,146,72,17,9/16/2021,392,.,.,rainy,0,0,0,.,.,.,.
2,147,67,45,9/16/2021,392,.,.,rainy,0,0,0,.,.,.,.
2,148,39,6,9/16/2021,392,.,.,rainy,0,0,0,.,.,.,.
2,149,39,19,9/16/2021,392,.,.,rainy,0,0,0,.,.,.,.
2,150,34,23,9/16/2021,392,.,.,rainy,0,0,0,.,.,.,.
2,151,1,15,9/16/2021,392,.,.,rainy,0,0,0,.,.,.,.
2,152,43,49,9/16/2021,392,180,132,rainy,1,1,2,74.68,66.75,3914.98,3567.48
2,153,6,22,9/16/2021,392,.,.,rainy,0,0,0,.,.,.,.
2,154,81,5,9/16/2021,392,183,183,rainy,1,1,2,69.8,55.47,3041.07,3177.28
2,155,8,47,9/16/2021,392,82,92,rainy,1,1,2,39.93,42.37,1328.64,1235.61
2,156,26,5,9/16/2021,392,205,142,rainy,1,1,2,113.08,83.52,7417.27,6772.63
2,157,60,5,9/16/2021,392,.,.,rainy,0,0,0,.,.,.,.
2,158,7,24,9/16/2021,392,78,.,rainy,1,0,1,.,.,.,204.39
2,159,4,1,9/16/2021,392,.,.,rainy,0,0,0,.,.,.,.
2,160,65,4,9/16/2021,392,.,.,rainy,0,0,0,.,.,.,.
2,161,66,22,9/16/2021,392,174,135,rainy,1,1,2,167.03,117.35,15394.34,15152.49
2,162,70,16,9/16/2021,392,60,47,rainy,1,1,2,106.98,85.95,7222.31,6930.57
2,163,30,19,9/16/2021,392,139,125,rainy,1,1,2,41.45,39.01,1270.19,1300.64
2,164,49,9,9/16/2021,392,98,84,rainy,1,1,2,81.69,50.9,3265.66,3056.51
2,165,4,16,9/16/2021,392,68,161,rainy,1,1,2,112.47,59.44,5250.26,5759.99
2,166,36,7,9/16/2021,392,139,86,rainy,1,1,2,106.38,62.48,5220.34,4654.44
2,167,60,35,9/16/2021,392,.,.,rainy,0,0,0,.,.,.,.
2,168,4,15,9/16/2021,392,152,167,rainy,1,1,2,103.63,92.66,7541.75,7683.08
2,169,82,10,9/16/2021,392,105,.,rainy,1,0,1,89.31,75.29,5280.61,5183.99
2,170,71,2,9/16/2021,392,.,.,rainy,0,0,0,.,.,.,.
2,171,49,2,9/16/2021,392,.,.,rainy,0,0,0,.,.,.,.
2,172,50,20,9/16/2021,392,.,.,rainy,0,0,0,.,.,.,.
2,173,8,17,9/16/2021,392,87,81,rainy,1,1,2,45.11,36.58,1295.87,1337.8
2,174,72,6,9/16/2021,392,32,.,rainy,1,0,1,.,.,.,.
2,175,72,18,9/16/2021,392,.,.,rainy,0,0,0,.,.,.,.
2,176,67,1,9/16/2021,392,.,.,rainy,0,0,0,.,.,.,.
2,177,8,28,9/16/2021,392,185,.,rainy,1,0,1,101.19,95.4,7582.32,6967.73
2,178,60,7,9/16/2021,392,.,.,rainy,0,0,0,.,.,.,.
2,179,50,23,9/16/2021,392,.,.,rainy,0,0,0,.,.,.,.
2,180,7,23,9/16/2021,392,84,.,rainy,1,0,1,.,.,.,.
2,181,4,9,9/16/2021,392,180,.,rainy,1,0,1,86.26,85.95,5823.11,5741.41
2,182,26,24,9/16/2021,392,220,.,rainy,1,0,1,210.01,163.98,27047.14,23987.56
2,183,67,15,9/16/2021,392,.,.,rainy,0,0,0,.,.,.,.
2,184,1,19,9/16/2021,392,.,.,rainy,0,0,0,.,.,.,.
2,185,9,21,9/16/2021,392,89,87,rainy,1,1,2,91.14,84.12,6021.44,2564.12
2,186,71,34,9/16/2021,392,.,.,rainy,0,0,0,.,.,.,.
2,187,67,22,9/16/2021,392,.,.,rainy,0,0,0,.,.,.,.
2,188,67,33,9/16/2021,392,.,.,rainy,0,0,0,.,.,.,.
2,189,65,12.1,9/16/2021,392,238,.,rainy,1,0,1,64.31,56.39,2848.22,2703.48
2,190,1,7,9/16/2021,392,.,.,rainy,0,0,0,.,.,.,.
2,191,4,2,9/16/2021,392,235,105,rainy,1,1,2,144.78,151.18,17190.76,15533.39
2,192,6,18,9/16/2021,392,267,.,rainy,1,0,1,.,.,.,.
2,193,40,9,9/16/2021,392,51,.,rainy,1,0,1,121.31,113.69,10832.08,11129.78
2,194,6,19,9/16/2021,392,220,.,rainy,1,0,1,219.76,200.86,34668.93,35786.25
2,195,46,3,9/16/2021,392,.,.,rainy,0,0,0,.,.,.,.
2,196,65,5,9/16/2021,392,.,.,rainy,0,0,0,.,.,.,.
2,197,26,25,9/16/2021,392,177,.,rainy,1,0,1,93.57,78.03,5734.53,5611.34
2,198,65,3,9/16/2021,392,110,78,rainy,1,1,2,81.08,69.19,4405.83,4087.73
2,199,60,10,9/16/2021,392,.,.,rainy,0,0,0,.,.,.,.
2,200,66,6,9/16/2021,392,190,196,rainy,1,1,2,187.45,131.06,19295.83,18506.29
2,201,34,36,9/16/2021,392,.,.,rainy,0,0,0,.,.,.,.
2,202,36,10,9/16/2021,392,.,.,rainy,0,0,0,.,.,.,.
2,203,7,25,9/16/2021,392,98,87,rainy,1,1,2,79.25,59.74,3718.34,3595.35
2,204,11,31,9/16/2021,392,.,.,rainy,0,0,0,.,.,.,.
3,1,40,5,9/16/2021,392,.,.,rainy,0,0,0,.,.,.,.
3,2,46,6,9/16/2021,392,.,.,rainy,0,0,0,.,.,.,.
3,3,71,39,9/16/2021,392,.,.,rainy,0,0,0,.,.,.,.
3,4,11,38,9/16/2021,392,.,.,rainy,0,0,0,.,.,.,.
3,5,34,20,9/16/2021,392,.,.,rainy,0,0,0,.,.,.,.
3,6,67,49,9/16/2021,392,.,.,rainy,0,0,0,.,.,.,.
3,7,66,30,9/16/2021,392,72,71,rainy,1,1,2,82.3,61.57,3979.56,2991.48
3,8,66,26,9/16/2021,392,.,.,rainy,0,0,0,.,.,.,.
3,9,71,5,9/16/2021,392,54,45,rainy,1,1,2,33.22,26.21,683.98,650.32
3,10,66,50,9/16/2021,392,17,98,rainy,1,1,2,77.42,85.04,5170.8,4682.31
3,11,30,15,9/16/2021,392,81,65,rainy,1,1,2,32.92,30.78,795.91,826.84
3,12,71,16,9/16/2021,392,.,.,rainy,0,0,0,.,.,.,.
3,13,50,24,9/16/2021,392,.,.,rainy,0,0,0,.,.,.,.
3,14,67,37,9/16/2021,392,.,.,rainy,0,0,0,.,.,.,.
3,15,6,13,9/16/2021,392,57,.,rainy,1,0,1,58.52,38.4,1765.19,1997.42
3,16,66,46,9/16/2021,392,90,103,rainy,1,1,2,87.17,42.98,2942.42,2369.03
3,17,39,11,9/16/2021,392,.,.,rainy,0,0,0,.,.,.,.
3,18,50,2,9/16/2021,392,.,.,rainy,0,0,0,.,.,.,.
3,19,60,31,9/16/2021,392,131,117,rainy,1,1,2,146.61,81.08,9335.69,8695.72
3,20,43,15.1,9/16/2021,392,69,70,rainy,1,1,2,60.66,46.02,2192.55,2313.29
3,21,7,17,9/16/2021,392,74,58,rainy,1,1,2,.,.,.,.
3,22,30,50,9/16/2021,392,.,.,rainy,0,0,0,.,.,.,.
3,23,39,8,9/16/2021,392,.,.,rainy,0,0,0,.,.,.,.
3,24,60,26,9/16/2021,392,.,.,rainy,0,0,0,.,.,.,.
3,25,36,44,9/16/2021,392,170,175,rainy,1,1,2,100.28,39.93,3144.76,3892.64
3,26,60,49,9/16/2021,392,109,99,rainy,1,1,2,98.15,83.21,6414.14,6335.99
3,27,67,18,9/16/2021,392,.,.,rainy,0,0,0,.,.,.,.
3,28,26,59,9/16/2021,392,136,113,rainy,1,1,2,114.6,81.38,7325.19,7422.95
3,29,70,26,9/16/2021,392,41,37,rainy,1,1,2,72.54,52.12,2969.57,2573.41
3,30,8,4,9/16/2021,392,150,154,rainy,1,1,2,102.11,70.41,5646.46,5611.34
3,31,81,14,9/16/2021,392,90,.,rainy,1,0,1,48.77,37.19,1424.29,1514.32
3,32,71,6,9/16/2021,392,.,.,rainy,0,0,0,.,.,.,.
3,33,71,37,9/16/2021,392,.,.,rainy,0,0,0,.,.,.,.
3,34,72,14,9/16/2021,392,.,.,rainy,0,0,0,.,.,.,.
3,35,70,12,9/16/2021,392,40,62,rainy,1,1,2,80.16,54.25,3415.82,3177.28
3,36,26,45,9/16/2021,392,.,.,rainy,0,0,0,.,.,.,.
3,37,45,11,9/16/2021,392,.,.,rainy,0,0,0,.,.,.,.
3,38,26,31,9/16/2021,392,61,.,rainy,1,0,1,62.18,46.63,2277.41,2183.22
3,39,7,18,9/16/2021,392,73,.,rainy,1,0,1,.,.,.,315.87
3,40,1,5,9/16/2021,392,.,.,rainy,0,0,0,.,.,.,.
3,41,30,22,9/16/2021,392,.,.,rainy,0,0,0,.,.,.,.
3,42,11,17,9/16/2021,392,.,.,rainy,0,0,0,.,.,.,.
3,43,9,30,9/16/2021,392,.,.,rainy,0,0,0,.,.,.,.
3,44,67,50,9/16/2021,392,.,.,rainy,0,0,0,.,.,.,.
3,45,8,48,9/16/2021,392,.,.,rainy,0,0,0,.,.,.,.
3,46,46,5,9/16/2021,392,.,.,rainy,0,0,0,.,.,.,.
3,47,26,29,9/16/2021,392,102,90,rainy,1,1,2,99.67,80.16,6275.14,6261.66
3,48,72,44,9/16/2021,392,.,.,rainy,0,0,0,.,.,.,.
3,49,34,41,9/16/2021,392,.,.,rainy,0,0,0,.,.,.,.
3,50,26,39,9/16/2021,392,134,104,rainy,1,1,2,70.41,60.96,3371.02,3260.9
3,51,66,47,9/16/2021,392,.,.,rainy,0,0,0,.,.,.,.
3,52,36,17,9/16/2021,392,.,.,rainy,0,0,0,.,.,.,.
3,53,43,23,9/16/2021,392,.,.,rainy,0,0,0,.,.,.,.
3,54,30,44,9/16/2021,392,49,66,rainy,1,1,2,39.32,31.09,960.09,956.9
3,55,65,25,9/16/2021,392,.,.,rainy,0,0,0,.,.,.,.
3,56,11,27,9/16/2021,392,.,.,rainy,0,0,0,.,.,.,.
3,57,60,3,9/16/2021,392,.,.,rainy,0,0,0,.,.,.,.
3,58,43,13,9/16/2021,392,65,62,rainy,1,1,2,63.09,28.04,1389.56,1300.64
3,59,26,28,9/16/2021,392,50,50,rainy,1,1,2,60.66,53.04,2526.52,2610.58
3,60,43,44,9/16/2021,392,84,.,rainy,1,0,1,47.55,33.83,1263.48,1291.35
3,61,60,15,9/16/2021,392,.,.,rainy,0,0,0,.,.,.,.
3,62,30,23,9/16/2021,392,17,.,rainy,1,0,1,.,.,.,343.74
3,63,4,27,9/16/2021,392,47,40,rainy,1,1,2,62.18,44.5,2173.22,2043.87
3,64,8,11,9/16/2021,392,.,.,rainy,0,0,0,.,.,.,.
3,65,71,13,9/16/2021,392,.,.,rainy,0,0,0,.,.,.,.
3,66,8,9,9/16/2021,392,.,.,rainy,0,0,0,.,.,.,.
3,67,71,38,9/16/2021,392,.,.,rainy,0,0,0,.,.,.,.
3,68,6,46,9/16/2021,392,.,.,rainy,0,0,0,.,.,.,.
3,69,26,38,9/16/2021,392,.,.,rainy,0,0,0,.,.,.,.
3,70,6,47,9/16/2021,392,.,.,rainy,0,0,0,.,.,.,.
3,71,7,16,9/16/2021,392,.,.,rainy,0,0,0,.,.,.,.
3,72,7,20,9/16/2021,392,.,.,rainy,0,0,0,.,.,.,.
3,73,71,35,9/16/2021,392,.,.,rainy,0,0,0,.,.,.,.
3,74,8,12,9/16/2021,392,.,.,rainy,0,0,0,.,.,.,.
3,75,34,32,9/16/2021,392,.,.,rainy,0,0,0,.,.,.,.
3,76,9,23,9/16/2021,392,.,.,rainy,0,0,0,.,.,.,.
3,77,81,19,9/16/2021,392,.,.,rainy,0,0,0,.,.,.,.
3,78,50,12,9/16/2021,392,.,.,rainy,0,0,0,.,.,.,.
3,79,40,7,9/16/2021,392,.,.,rainy,0,0,0,.,.,.,.
3,80,30,16,9/16/2021,392,.,.,rainy,0,0,0,.,.,.,.
3,81,65,48,9/16/2021,392,.,.,rainy,0,0,0,.,.,.,.
3,82,65,23,9/16/2021,392,.,.,rainy,0,0,0,.,.,.,.
3,83,4,47,9/16/2021,392,42,39,rainy,1,1,2,49.68,41.15,1605.61,1607.22
3,84,36,34,9/16/2021,392,.,.,rainy,0,0,0,.,.,.,.
3,85,72,40,9/16/2021,392,.,.,rainy,0,0,0,.,.,.,.
3,86,4,50,9/16/2021,392,28,34,rainy,1,1,2,59.44,45.42,2120.02,1950.96
3,87,4,23,9/16/2021,392,93,66,rainy,1,1,2,58.83,54.25,2506.67,2443.35
3,88,81,2,9/16/2021,392,.,.,rainy,0,0,0,.,.,.,.
3,89,9,27,9/16/2021,392,.,.,rainy,0,0,0,.,.,.,.
3,90,26,27,9/16/2021,392,.,.,rainy,0,0,0,.,.,.,.
3,91,11,5,9/16/2021,392,.,.,rainy,0,0,0,.,.,.,.
3,92,7,19,9/16/2021,392,.,.,rainy,0,0,0,.,.,.,.
3,93,1,49,9/16/2021,392,.,.,rainy,0,0,0,.,.,.,.
3,94,11,3,9/16/2021,392,.,.,rainy,0,0,0,.,.,.,.
3,95,34,31,9/16/2021,392,.,.,rainy,0,0,0,.,.,.,.
3,96,39,14,9/16/2021,392,.,.,rainy,0,0,0,.,.,.,.
3,97,67,23,9/16/2021,392,.,.,rainy,0,0,0,.,.,.,.
3,98,26,36,9/16/2021,392,20,.,rainy,1,0,1,41.76,26.21,859.68,780.39
3,99,11,14,9/16/2021,392,.,.,rainy,0,0,0,.,.,.,.
3,100,39,16,9/16/2021,392,.,.,rainy,0,0,0,.,.,.,.
3,101,43,22,9/16/2021,392,83,.,rainy,1,0,1,26.82,22.86,481.57,603.87
3,102,36,45,9/16/2021,392,.,.,rainy,0,0,0,.,.,.,.
3,103,43,19,9/16/2021,392,126,.,rainy,1,0,1,69.8,62.18,3408.67,3799.73
3,104,34,35,9/16/2021,392,.,.,rainy,0,0,0,.,.,.,.
3,105,6,34,9/16/2021,392,.,.,rainy,0,0,0,.,.,.,.
3,106,43,25,9/16/2021,392,150,114,rainy,1,1,2,83.52,81.08,5318.04,5555.6
3,107,72,33,9/16/2021,392,9,.,rainy,1,0,1,.,.,.,.
3,108,46,2,9/16/2021,392,.,.,rainy,0,0,0,.,.,.,.
3,109,30,52,9/16/2021,392,.,.,rainy,0,0,0,.,.,.,.
3,110,39,9,9/16/2021,392,.,.,rainy,0,0,0,.,.,.,.
3,111,66,28,9/16/2021,392,82,91,rainy,1,1,2,53.95,48.77,2066.39,1811.61
3,112,65,26,9/16/2021,392,63,71,rainy,1,1,2,91.44,67.67,4859.53,4050.57
3,113,1,41,9/16/2021,392,.,.,rainy,0,0,0,.,.,.,.
3,114,72,23,9/16/2021,392,.,.,rainy,0,0,0,.,.,.,.
3,115,34,45,9/16/2021,392,.,.,rainy,0,0,0,.,.,.,.
3,116,34,2,9/16/2021,392,.,.,rainy,0,0,0,.,.,.,.
3,117,39,10,9/16/2021,392,6,.,rainy,1,0,1,24.69,24.38,472.82,548.13
3,118,1,6,9/16/2021,392,.,.,rainy,0,0,0,.,.,.,.
3,119,81,18,9/16/2021,392,.,.,rainy,0,0,0,.,.,.,.
3,120,8,18,9/16/2021,392,88,82,rainy,1,1,2,50.29,32.92,1300.25,1384.26
3,121,34,34,9/16/2021,392,.,.,rainy,0,0,0,.,.,.,.
3,122,34,33,9/16/2021,392,.,.,rainy,0,0,0,.,.,.,.
3,123,30,56,9/16/2021,392,.,.,rainy,0,0,0,.,.,.,.
3,124,8,10,9/16/2021,392,.,.,rainy,0,0,0,.,.,.,.
3,125,82,8,9/16/2021,392,.,.,rainy,0,0,0,.,.,.,.
3,126,9,12,9/16/2021,392,.,.,rainy,0,0,0,.,.,.,.
3,127,1,18,9/16/2021,392,.,.,rainy,0,0,0,.,.,.,.
3,128,4,4,9/16/2021,392,86,92,rainy,1,1,2,52.43,65.84,2710.83,2396.9
3,129,72,34,9/16/2021,392,.,.,rainy,0,0,0,.,.,.,.
3,130,60,8,9/16/2021,392,.,.,rainy,0,0,0,.,.,.,.
3,131,7,34,9/16/2021,392,.,.,rainy,0,0,0,.,.,.,.
3,132,36,22,9/16/2021,392,41,.,rainy,1,0,1,.,.,.,.
3,133,82,27,9/16/2021,392,.,.,rainy,0,0,0,.,.,.,.
3,134,26,10,9/16/2021,392,.,.,rainy,0,0,0,.,.,.,.
3,135,30,20.1,9/16/2021,392,95,80,rainy,1,1,2,52.12,46.94,1921.48,1560.77
3,136,7,15,9/16/2021,392,70,.,rainy,1,0,1,47.85,37.49,1409.04,1226.32
3,137,43,20,9/16/2021,392,140,124,rainy,1,1,2,49.07,29.26,1127.76,975.48
3,138,36,18,9/16/2021,392,84,78,rainy,1,1,2,92.05,49.38,3569.78,3363.09
3,139,60,32,9/16/2021,392,72,65,rainy,1,1,2,103.63,67.67,5507.46,5434.83
3,140,82,26,9/16/2021,392,.,.,rainy,0,0,0,.,.,.,.
3,141,8,3,9/16/2021,392,85,79,rainy,1,1,2,48.16,41.45,1567.89,1607.22
3,142,1,44,9/16/2021,392,.,.,rainy,0,0,0,.,.,.,.
3,143,4,5,9/16/2021,392,151,148,rainy,1,1,2,53.34,40.54,1698.28,1960.25
3,144,60,9,9/16/2021,392,117,115,rainy,1,1,2,110.03,71.02,6137.38,5657.8
3,145,70,19,9/16/2021,392,59,50,rainy,1,1,2,69.49,52.12,2844.79,3028.64
3,146,72,42,9/16/2021,392,25,.,rainy,1,0,1,.,.,.,.
3,147,72,20,9/16/2021,392,25,54,rainy,1,1,2,28.04,25.3,557.17,548.13
3,148,36,14,9/16/2021,392,53,.,rainy,1,0,1,34.44,19.81,535.93,510.97
3,149,66,49,9/16/2021,392,89,124,rainy,1,1,2,76.2,62.79,3757.74,3214.45
3,150,34,30,9/16/2021,392,.,.,rainy,0,0,0,.,.,.,.
3,151,65,7,9/16/2021,392,44,38,rainy,1,1,2,43.28,39.32,1336.59,1430.71
3,152,6,48,9/16/2021,392,.,.,rainy,0,0,0,.,.,.,.
3,153,6,31,9/16/2021,392,147,77,rainy,1,1,2,164.59,94.18,12175.09,12727.72
3,154,70,5,9/16/2021,392,58,49,rainy,1,1,2,99.36,44.81,3496.67,6670.44
3,155,6,9.1,9/16/2021,392,100,60,rainy,1,1,2,156.36,56.08,6887.4,7961.79
3,156,81,22,9/16/2021,392,145,134,rainy,1,1,2,60.66,49.68,2366.79,2526.96
3,157,50,10,9/16/2021,392,.,.,rainy,0,0,0,.,.,.,.
3,158,1,3,9/16/2021,392,.,.,rainy,0,0,0,.,.,.,.
3,159,6,49,9/16/2021,392,160,.,rainy,1,0,1,223.72,105.16,18477.15,17521.51
3,160,30,39,9/16/2021,392,150,159,rainy,1,1,2,49.68,42.06,1641.29,1960.25
3,161,11,16,9/16/2021,392,63,61,rainy,1,1,2,35.05,26.21,721.63,687.48
3,162,36,49,9/16/2021,392,79,69,rainy,1,1,2,78.03,44.2,2708.49,2917.16
3,163,50,7,9/16/2021,392,.,.,rainy,0,0,0,.,.,.,.
3,164,4,25,9/16/2021,392,160,157,rainy,1,1,2,75.9,61.26,3651.87,3576.77
3,165,9,15.1,9/16/2021,392,200,178,rainy,1,1,2,113.39,61.26,5455.8,5620.63
3,166,82,17,9/16/2021,392,.,.,rainy,0,0,0,.,.,.,.
4,1,8,8,9/16/2021,392,81,146,rainy,1,1,2,181.66,168.86,24092.17,16694.68
4,2,1,8,9/16/2021,392,.,.,rainy,0,0,0,.,.,.,.
4,3,30,55,9/16/2021,392,115,105,rainy,1,1,2,56.69,31.09,1384.31,1672.25
4,4,9,5,9/16/2021,392,76,72,rainy,1,1,2,101.8,47.55,3801.81,4691.6
4,5,71,22,9/16/2021,392,.,.,rainy,0,0,0,.,.,.,.
4,6,82,30,9/16/2021,392,.,.,rainy,0,0,0,.,.,.,.
4,7,65,49,9/16/2021,392,30,108,rainy,1,1,2,53.04,36.88,1536.22,1551.48
4,8,26,23,9/16/2021,392,89,86,rainy,1,1,2,81.08,74.37,4735.78,4422.18
4,9,60,17,9/16/2021,392,87,77,rainy,1,1,2,54.86,48.16,2075.15,1728
4,10,65,42,9/16/2021,392,43,52,rainy,1,1,2,56.39,47.55,2105.8,1932.38
4,11,65,39,9/16/2021,392,.,.,rainy,0,0,0,.,.,.,.
4,12,72,38,9/16/2021,392,.,.,rainy,0,0,0,.,.,.,.
4,13,70,8,9/16/2021,392,32,37,rainy,1,1,2,65.23,44.81,2295.36,2257.54
4,14,8,37,9/16/2021,392,90,88,rainy,1,1,2,62.48,46.33,2273.62,2146.06
4,15,81,27,9/16/2021,392,78,71,rainy,1,1,2,60.66,44.81,2134.47,2508.38
4,16,34,18,9/16/2021,392,100,75,rainy,1,1,2,80.16,50.29,3166.35,3140.12
4,17,4,42,9/16/2021,392,95,98,rainy,1,1,2,62.18,54.56,2664.42,2675.61
4,18,81,26,9/16/2021,392,100,97,rainy,1,1,2,66.14,53.95,2802.55,2406.19
4,19,4,48,9/16/2021,392,83,81,rainy,1,1,2,43.28,33.53,1139.73,1142.71
4,20,67,43,9/16/2021,392,.,.,rainy,0,0,0,.,.,.,.
4,21,65,45,9/16/2021,392,34,52,rainy,1,1,2,79.55,60.66,3789.77,4087.73
4,22,4,44,9/16/2021,392,.,.,rainy,0,0,0,.,.,.,.
4,23,4,46,9/16/2021,392,170,192,rainy,1,1,2,117.35,51.21,4719.43,5053.93
4,24,1,21,9/16/2021,392,.,.,rainy,0,0,0,.,.,.,.
4,25,6,33,9/16/2021,392,.,.,rainy,0,0,0,.,.,.,.
4,26,11,34,9/16/2021,392,40,33,rainy,1,1,2,26.82,40.54,853.99,864
4,27,70,29,9/16/2021,392,32,45,rainy,1,1,2,98.15,45.11,3477.26,3911.22
4,28,70,15,9/16/2021,392,60,67,rainy,1,1,2,265.48,81.38,16968.73,8091.85
4,29,36,35,9/16/2021,392,.,.,rainy,0,0,0,.,.,.,.
4,30,6,6,9/16/2021,392,136,.,rainy,1,0,1,.,.,.,.
4,31,82,14,9/16/2021,392,.,.,rainy,0,0,0,.,.,.,.
4,32,8,36,9/16/2021,392,91,112,rainy,1,1,2,71.02,55.17,3077.19,2081.03
4,33,39,46,9/16/2021,392,.,.,rainy,0,0,0,.,.,.,.
4,34,8,32,9/16/2021,392,102,105,rainy,1,1,2,85.34,54.56,3657.05,3957.67
4,35,34,7,9/16/2021,392,59,51,rainy,1,1,2,31.39,24.38,601.24,510.97
4,36,82,3,9/16/2021,392,.,.,rainy,0,0,0,.,.,.,.
4,37,72,5,9/16/2021,392,.,.,rainy,0,0,0,.,.,.,.
4,38,4,49,9/16/2021,392,52,56,rainy,1,1,2,59.44,47.55,2219.62,1848.77
4,39,30,29,9/16/2021,392,.,.,rainy,0,0,0,.,.,.,.
4,40,43,45,9/16/2021,392,102,23,rainy,1,1,2,85.04,42.98,2870.4,2573.41
4,41,81,29,9/16/2021,392,42,39,rainy,1,1,2,49.99,39.32,1543.67,1254.19
4,42,65,33,9/16/2021,392,.,.,rainy,0,0,0,.,.,.,.
4,43,26,60,9/16/2021,392,.,.,rainy,0,0,0,.,.,.,.
4,44,6,38,9/16/2021,392,40,.,rainy,1,0,1,35.66,25.3,708.57,715.35
4,45,60,38,9/16/2021,392,78,65,rainy,1,1,2,56.69,56.39,2510.76,2378.32
4,46,50,17,9/16/2021,392,.,.,rainy,0,0,0,.,.,.,.
4,47,65,34,9/16/2021,392,.,.,rainy,0,0,0,.,.,.,.
4,48,26,62,9/16/2021,392,.,.,rainy,0,0,0,.,.,.,.
4,49,82,25,9/16/2021,392,.,.,rainy,0,0,0,.,.,.,.
4,50,70,28,9/16/2021,392,.,.,rainy,0,0,0,.,.,.,.
4,51,71,3,9/16/2021,392,.,.,rainy,0,0,0,.,.,.,.
4,52,50,13,9/16/2021,392,.,.,rainy,0,0,0,.,.,.,.
4,53,30,24,9/16/2021,392,66,60,rainy,1,1,2,38.1,39.62,1185.7,1012.64
4,54,30,49,9/16/2021,392,72,32,rainy,1,1,2,61.87,36.88,1792.26,1811.61
4,55,1,23,9/16/2021,392,41.8,.,rainy,1,0,1,.,.,.,232.26
4,56,66,35,9/16/2021,392,90,109,rainy,1,1,2,.,.,.,.
4,57,1,11,9/16/2021,392,.,.,rainy,0,0,0,.,.,.,.
4,58,50,18,9/16/2021,392,.,.,rainy,0,0,0,.,.,.,.
4,59,9,4,9/16/2021,392,.,.,rainy,0,0,0,.,.,.,.
4,60,26,41,9/16/2021,392,58,.,rainy,1,0,1,36.58,25.6,735.5,520.26
4,61,7,47,9/16/2021,392,87,.,rainy,1,0,1,.,.,.,.
4,62,43,6,9/16/2021,392,94,110,rainy,1,1,2,57.61,32.92,1489.38,1718.71
4,63,39,37.1,9/16/2021,392,.,.,rainy,0,0,0,.,.,.,.
4,64,39,47,9/16/2021,392,.,.,rainy,0,0,0,.,.,.,.
4,65,6,14,9/16/2021,392,.,.,rainy,0,0,0,.,.,.,.
4,66,70,7,9/16/2021,392,31,69,rainy,1,1,2,49.68,48.46,1891.06,2257.54
4,67,34,14,9/16/2021,392,.,.,rainy,0,0,0,.,.,.,.
4,68,66,32,9/16/2021,392,.,.,rainy,0,0,0,.,.,.,.
4,69,39,43,9/16/2021,392,.,.,rainy,0,0,0,.,.,.,.
4,70,60,24,9/16/2021,392,.,.,rainy,0,0,0,.,.,.,.
4,71,66,42,9/16/2021,392,.,.,rainy,0,0,0,.,.,.,.
4,72,7,6,9/16/2021,392,85,.,rainy,1,0,1,.,.,.,.
4,73,1,26,9/16/2021,392,.,.,rainy,0,0,0,.,.,.,.
4,74,43,17,9/16/2021,392,.,.,rainy,0,0,0,.,.,.,.
4,75,6,32,9/16/2021,392,.,.,rainy,0,0,0,.,.,.,.
4,76,4,45,9/16/2021,392,83,.,rainy,1,0,1,.,.,.,.
4,77,7,41,9/16/2021,392,.,.,rainy,0,0,0,.,.,.,.
4,78,30,28,9/16/2021,392,.,.,rainy,0,0,0,.,.,.,.
4,79,46,1,9/16/2021,392,.,.,rainy,0,0,0,.,.,.,.
4,80,36,30,9/16/2021,392,.,.,rainy,0,0,0,.,.,.,.
4,81,7,49,9/16/2021,392,.,.,rainy,0,0,0,.,.,.,.
4,82,70,13.1,9/16/2021,392,23,.,rainy,1,0,1,44.5,25.91,905.51,901.16
4,83,6,39,9/16/2021,392,.,.,rainy,0,0,0,.,.,.,.
4,84,60,40,9/16/2021,392,70,67,rainy,1,1,2,66.14,32.61,1694.19,2025.29
4,85,70,17,9/16/2021,392,38,39,rainy,1,1,2,73.76,57.91,3354.97,3102.96
4,86,8,31,9/16/2021,392,56,62,rainy,1,1,2,39.93,31.7,994.09,826.84
4,87,34,13,9/16/2021,392,72,.,rainy,1,0,1,58.22,40.54,1853.55,1746.58
4,88,67,32,9/16/2021,392,.,.,rainy,0,0,0,.,.,.,.
4,89,9,13,9/16/2021,392,39,45,rainy,1,1,2,65.84,45.42,2348.33,2452.64
4,90,11,11,9/16/2021,392,.,.,rainy,0,0,0,.,.,.,.
4,91,71,17,9/16/2021,392,.,.,rainy,0,0,0,.,.,.,.
4,92,81,13,9/16/2021,392,.,.,rainy,0,0,0,.,.,.,.
4,93,71,14,9/16/2021,392,.,.,rainy,0,0,0,.,.,.,.
4,94,1,25,9/16/2021,392,.,.,rainy,0,0,0,.,.,.,.
4,95,1,30,9/16/2021,392,.,.,rainy,0,0,0,.,.,.,.
4,96,9,8,9/16/2021,392,64,.,rainy,1,0,1,.,.,.,.
4,97,1,34,9/16/2021,392,.,.,rainy,0,0,0,.,.,.,.
4,98,6,35,9/16/2021,392,72,.,rainy,1,0,1,.,.,.,.
4,99,50,21,9/16/2021,392,.,.,rainy,0,0,0,.,.,.,.
4,100,72,31,9/16/2021,392,.,.,rainy,0,0,0,.,.,.,.
4,101,43,8,9/16/2021,392,80,74,rainy,1,1,2,51.21,40.54,1630.35,1495.74
4,102,82,6,9/16/2021,392,.,.,rainy,0,0,0,.,.,.,.
4,103,39,34,9/16/2021,392,.,.,rainy,0,0,0,.,.,.,.
4,104,34,19,9/16/2021,392,55,63,rainy,1,1,2,.,.,.,.
4,105,11,30,9/16/2021,392,.,.,rainy,0,0,0,.,.,.,.
4,106,66,45,9/16/2021,392,76,.,rainy,1,0,1,.,.,.,.
4,107,67,24,9/16/2021,392,.,.,rainy,0,0,0,.,.,.,.
4,108,39,41,9/16/2021,392,26,77,rainy,1,1,2,50.29,32.92,1300.25,1309.93
4,109,79,3,9/16/2021,392,.,.,rainy,0,0,0,.,.,.,.
4,110,30,47,9/16/2021,392,.,.,rainy,0,0,0,.,.,.,.
4,111,7,42,9/16/2021,392,66,.,rainy,1,0,1,61.57,66.14,3198.39,2694.19
4,112,72,46,9/16/2021,392,.,.,rainy,0,0,0,.,.,.,.
4,113,50,25,9/16/2021,392,.,.,rainy,0,0,0,.,.,.,.
4,114,34,6,9/16/2021,392,55,61,rainy,1,1,2,.,.,.,.
4,115,1,32,9/16/2021,392,.,.,rainy,0,0,0,.,.,.,.
4,116,9,3,9/16/2021,392,.,.,rainy,0,0,0,.,.,.,.
4,117,36,31,9/16/2021,392,101,99,rainy,1,1,2,136.55,116.13,12454.4,13090.04
4,118,43,16,9/16/2021,392,53,.,rainy,1,0,1,.,.,.,.
4,119,9,9,9/16/2021,392,47,50,rainy,1,1,2,65.84,45.42,2348.33,2564.12
4,120,81,16,9/16/2021,392,73,.,rainy,1,0,1,.,.,.,.
4,121,7,36,9/16/2021,392,72,.,rainy,1,0,1,.,.,.,.
4,122,36,23,9/16/2021,392,22,.,rainy,1,0,1,.,.,.,.
4,123,43,10,9/16/2021,392,.,.,rainy,0,0,0,.,.,.,.
4,124,26,58,9/16/2021,392,.,.,rainy,0,0,0,.,.,.,.
4,125,7,5,9/16/2021,392,.,.,rainy,0,0,0,.,.,.,.
4,126,81,20,9/16/2021,392,82,84,rainy,1,1,2,70.41,52.73,2915.94,2443.35
4,127,60,39,9/16/2021,392,.,.,rainy,0,0,0,.,.,.,.
4,128,43,35,9/16/2021,392,105.6,113,rainy,1,1,2,178.92,108.81,15290.66,13313.01
4,129,8,44,9/16/2021,392,101,107,rainy,1,1,2,.,.,.,.
4,130,11,47,9/16/2021,392,54,.,rainy,1,0,1,58.52,45.42,2087.41,2043.87
4,131,30,31,9/16/2021,392,140,133,rainy,1,1,2,.,.,.,.
4,132,34,10,9/16/2021,392,45,.,rainy,1,0,1,.,.,.,.
4,133,72,28,9/16/2021,392,54,54,rainy,1,1,2,36.88,25.91,750.45,798.97
4,134,72,41,9/16/2021,392,.,.,rainy,0,0,0,.,.,.,.
4,135,30,46,9/16/2021,392,127,120,rainy,1,1,2,73.46,59.74,3446.62,3335.22
4,136,72,4,9/16/2021,392,35,45,rainy,1,1,2,38.4,31.09,937.76,938.32
4,137,26,35,9/16/2021,392,180,.,rainy,1,0,1,.,.,.,.
4,138,65,16,9/16/2021,392,.,.,rainy,0,0,0,.,.,.,.
4,139,30,45,9/16/2021,392,124,104,rainy,1,1,2,.,40.54,.,1551.48
4,140,72,30,9/16/2021,392,15,.,rainy,1,0,1,.,.,.,315.87
4,141,4,40,9/16/2021,392,240,.,rainy,1,0,1,.,.,.,.
4,142,8,38,9/16/2021,392,128,135,rainy,1,1,2,.,.,.,.
4,143,39,48,9/16/2021,392,36,66,rainy,1,1,2,43.59,44.81,1533.82,1570.06
4,144,34,17,9/16/2021,392,29,.,rainy,1,0,1,.,.,.,.
5,1,4,34,9/16/2021,392,102,.,rainy,1,0,1,.,.,.,.
5,2,8,5,9/16/2021,392,61,.,rainy,1,0,1,99.97,86.26,6772.98,5973.67
5,3,40,6,9/16/2021,392,.,.,rainy,0,0,0,.,.,.,.
5,4,65,17,9/16/2021,392,.,.,rainy,0,0,0,.,.,.,.
5,5,66,11,9/16/2021,392,.,.,rainy,0,0,0,.,.,.,.
5,6,36,28,9/16/2021,392,.,.,rainy,0,0,0,.,.,.,.
5,7,39,15,9/16/2021,392,.,.,rainy,0,0,0,.,.,.,.
5,8,30,58,9/16/2021,392,.,.,rainy,0,0,0,.,.,.,.
5,9,67,12,9/16/2021,392,.,.,rainy,0,0,0,.,.,.,.
5,10,34,46,9/16/2021,392,.,.,rainy,0,0,0,.,.,.,.
5,11,81,15,9/16/2021,392,137,104,rainy,1,1,2,52.12,44.5,1821.67,1885.93
5,12,9,29,9/16/2021,392,34,80,rainy,1,1,2,58.52,35.97,1653.11,1718.71
5,13,11,24,9/16/2021,392,60,.,rainy,1,0,1,47.55,41.15,1536.66,1263.48
5,14,6,41,9/16/2021,392,56,.,rainy,1,0,1,.,.,.,.
5,15,82,24,9/16/2021,392,.,.,rainy,0,0,0,.,.,.,.
5,16,81,24,9/16/2021,392,73,65,rainy,1,1,2,49.99,34.75,1364.17,1486.45
5,17,4,11,9/16/2021,392,.,.,rainy,0,0,0,.,.,.,.
5,18,39,42,9/16/2021,392,.,.,rainy,0,0,0,.,.,.,.
5,19,1,37,9/16/2021,392,.,.,rainy,0,0,0,.,.,.,.
5,20,50,29,9/16/2021,392,.,.,rainy,0,0,0,.,.,.,.
5,21,1,31,9/16/2021,392,.,.,rainy,0,0,0,.,.,.,.
5,22,11,9,9/16/2021,392,106,.,rainy,1,0,1,.,.,.,.
5,23,67,44,9/16/2021,392,.,.,rainy,0,0,0,.,.,.,.
5,24,11,19,9/16/2021,392,.,.,rainy,0,0,0,.,.,.,.
5,25,65,47,9/16/2021,392,76,70,rainy,1,1,2,80.47,69.49,4391.96,4106.31
5,26,8,2,9/16/2021,392,100,88,rainy,1,1,2,38.71,21.95,667.2,864
5,27,30,54,9/16/2021,392,43,.,rainy,1,0,1,.,.,.,260.13
5,28,82,16,9/16/2021,392,90,57,rainy,1,1,2,53.95,59.74,2531.33,2229.67
5,29,6,44,9/16/2021,392,64,.,rainy,1,0,1,51.21,70.71,2843.92,2907.87
5,30,6,43,9/16/2021,392,.,.,rainy,0,0,0,.,.,.,.
5,31,82,23,9/16/2021,392,.,.,rainy,0,0,0,.,.,.,.
5,32,34,43,9/16/2021,392,39,96,rainy,1,1,2,.,.,.,.
5,33,60,18,9/16/2021,392,34,.,rainy,1,0,1,.,.,.,.
5,34,7,46,9/16/2021,392,91,.,rainy,1,0,1,50.6,29.26,1162.78,1179.87
5,35,7,38,9/16/2021,392,.,.,rainy,0,0,0,.,.,.,.
5,36,72,32,9/16/2021,392,37,.,rainy,1,0,1,26.52,26.82,558.63,919.74
5,37,1,45,9/16/2021,392,.,.,rainy,0,0,0,.,.,.,.
5,38,39,32,9/16/2021,392,.,.,rainy,0,0,0,.,.,.,.
5,39,11,21,9/16/2021,392,56,.,rainy,1,0,1,.,.,.,.
5,40,43,27,9/16/2021,392,160,157,rainy,1,1,2,.,.,.,.
5,41,72,11,9/16/2021,392,.,.,rainy,0,0,0,.,.,.,.
5,42,39,23,9/16/2021,392,60,62,rainy,1,1,2,62.18,50.6,2470.92,2378.32
5,43,66,40,9/16/2021,392,64,70,rainy,1,1,2,.,.,.,399.48
5,44,67,11,9/16/2021,392,.,.,rainy,0,0,0,.,.,.,.
5,45,39,35,9/16/2021,392,.,.,rainy,0,0,0,.,.,.,.
5,46,34,27,9/16/2021,392,86,94,rainy,1,1,2,61.26,51.21,2463.91,2350.45
5,47,81,28,9/16/2021,392,74,74,rainy,1,1,2,53.34,42.98,1800.43,1820.9
5,48,66,3,9/16/2021,392,58,.,rainy,1,0,1,54.56,49.07,2102.8,2499.09
5,49,7,37,9/16/2021,392,45,.,rainy,1,0,1,.,.,.,120.77
5,50,60,41,9/16/2021,392,.,.,rainy,0,0,0,.,.,.,.
5,51,26,44,9/16/2021,392,180,.,rainy,1,0,1,.,.,.,.
5,52,72,29,9/16/2021,392,78,.,rainy,1,0,1,55.78,54.25,2376.79,2424.77
5,53,9,19,9/16/2021,392,64,71,rainy,1,1,2,81.99,53.95,3474.12,3437.41
5,54,50,8,9/16/2021,392,.,.,rainy,0,0,0,.,.,.,.
5,55,45,17,9/16/2021,392,117,104,rainy,1,1,2,127.1,112.47,11227.48,11148.36
5,56,67,6,9/16/2021,392,.,.,rainy,0,0,0,.,.,.,.
5,57,39,29,9/16/2021,392,.,.,rainy,0,0,0,.,.,.,.
5,58,72,10,9/16/2021,392,.,.,rainy,0,0,0,.,.,.,.
5,59,81,23,9/16/2021,392,97,94,rainy,1,1,2,52.43,50.9,2095.87,2164.64
5,60,71,32,9/16/2021,392,91,65,rainy,1,1,2,38.71,30.48,926.67,771.1
5,61,65,36,9/16/2021,392,24,41,rainy,1,1,2,43.59,36.88,1262.53,1207.74
5,62,6,42,9/16/2021,392,102,.,rainy,1,0,1,.,.,.,.
5,63,70,18,9/16/2021,392,.,.,rainy,0,0,0,.,.,.,.
5,64,66,44,9/16/2021,392,68,60,rainy,1,1,2,114.91,69.49,6271.85,7395.08
5,65,8,43,9/16/2021,392,52,48,rainy,1,1,2,41.15,32,1034.29,901.16
5,66,1,38,9/16/2021,392,78,.,rainy,1,0,1,56.69,32.92,1465.74,1300.64
5,67,34,12.1,9/16/2021,392,52,59,rainy,1,1,2,26.21,26.52,545.93,483.1
5,68,26,33,9/16/2021,392,.,.,rainy,0,0,0,.,.,.,.
5,69,30,53,9/16/2021,392,73,123,rainy,1,1,2,39.93,34.44,1080.11,1059.09
5,70,4,32,9/16/2021,392,27,.,rainy,1,0,1,52.12,43.28,1771.76,1495.74
5,71,36,26,9/16/2021,392,30,.,rainy,1,0,1,.,.,.,.
5,72,34,42,9/16/2021,392,54,150,rainy,1,1,2,48.77,32.61,1249.18,1179.87
5,73,26,18,9/16/2021,392,112,.,rainy,1,0,1,108.2,90.22,7667.25,7199.99
5,74,30,7,9/16/2021,392,116,98,rainy,1,1,2,43.59,45.11,1544.25,1356.38
5,75,70,23,9/16/2021,392,44,.,rainy,1,0,1,57,46.63,2087.63,1904.51
5,76,39,38,9/16/2021,392,.,.,rainy,0,0,0,.,.,.,.
5,77,71,15,9/16/2021,392,.,.,rainy,0,0,0,.,.,.,.
5,78,7,50,9/16/2021,392,97,.,rainy,1,0,1,.,.,.,.
5,79,49,4,9/16/2021,392,.,.,rainy,0,0,0,.,.,.,.
5,80,8,33,9/16/2021,392,75,81,rainy,1,1,2,80.47,34.75,2195.98,994.06
5,81,70,10,9/16/2021,392,41,22,rainy,1,1,2,49.38,40.54,1572.12,1486.45
5,82,26,30,9/16/2021,392,139,.,rainy,1,0,1,203,98.45,15696.27,14715.84
5,83,26,46,9/16/2021,392,167,185,rainy,1,1,2,123.44,107.59,10431.57,10442.3
5,84,6,11,9/16/2021,392,.,.,rainy,0,0,0,.,.,.,.
5,85,9,20,9/16/2021,392,220,36,rainy,1,1,2,56.69,45.42,2022.18,2043.87
5,86,69,50,9/16/2021,392,67,.,rainy,1,0,1,.,.,.,.
5,87,81,10,9/16/2021,392,.,.,rainy,0,0,0,.,.,.,.
5,88,26,40,9/16/2021,392,141,127,rainy,1,1,2,129.24,127.71,12962.83,13415.2
5,89,66,10,9/16/2021,392,89,104,rainy,1,1,2,57.91,30.78,1400.22,1644.38
5,90,43,26,9/16/2021,392,143,151,rainy,1,1,2,73.76,45.11,2613.35,2471.22
5,91,26,11,9/16/2021,392,179,141,rainy,1,1,2,181.05,89,12655.79,15226.81
5,92,4,38,9/16/2021,392,101,98,rainy,1,1,2,75.29,44.5,2631.3,3214.45
5,93,4,35,9/16/2021,392,190,131,rainy,1,1,2,110.95,76.5,6666.45,6466.05
5,94,60,45,9/16/2021,392,132,113,rainy,1,1,2,135.94,96.93,10348.6,9541.14
5,95,72,45,9/16/2021,392,.,.,rainy,0,0,0,.,.,.,.
5,96,39,37.2,9/16/2021,392,.,.,rainy,0,0,0,.,.,.,.
5,97,30,51,9/16/2021,392,.,.,rainy,0,0,0,.,.,.,.
5,98,67,26,9/16/2021,392,.,.,rainy,0,0,0,.,.,.,.
5,99,43,31,9/16/2021,392,200,.,rainy,1,0,1,109.12,68.88,5903.52,5834.31
5,100,36,27,9/16/2021,392,38,72,rainy,1,1,2,42.37,42.67,1419.92,1477.16
5,101,34,50,9/16/2021,392,.,.,rainy,0,0,0,.,.,.,.
5,102,6,40,9/16/2021,392,69,.,rainy,1,0,1,35.05,38.1,1048.88,789.68
5,103,72,48,9/16/2021,392,12,.,rainy,1,0,1,.,.,.,195.1
5,104,81,1,9/16/2021,392,59,59,rainy,1,1,2,51.21,37.8,1520.03,1774.45
5,105,67,34,9/16/2021,392,.,.,rainy,0,0,0,.,.,.,.
5,106,66,5,9/16/2021,392,47,78,rainy,1,1,2,75.59,42.06,2497.18,2461.93
5,107,4,20,9/16/2021,392,146,118,rainy,1,1,2,96.62,81.38,6175.76,6763.34
5,108,39,45,9/16/2021,392,.,.,rainy,0,0,0,.,.,.,.
5,109,30,63,9/16/2021,392,45,83,rainy,1,1,2,64.01,44.5,2237.13,2099.61
5,110,43,21.1,9/16/2021,392,139,125,rainy,1,1,2,167.94,108.81,14352.9,12337.52
5,111,1,46,9/16/2021,392,28,30,rainy,1,1,2,121.62,46.94,4483.46,4487.22
5,112,4,3,9/16/2021,392,39,50,rainy,1,1,2,21.64,16.76,284.93,483.1
5,113,6,45,9/16/2021,392,28,.,rainy,1,0,1,91.14,61.26,4385.18,4487.22
5,114,72,37,9/16/2021,392,.,.,rainy,0,0,0,.,.,.,.
5,115,8,30,9/16/2021,392,76,82,rainy,1,1,2,46.63,46.94,1719.22,1728
5,116,34,49,9/16/2021,392,.,.,rainy,0,0,0,.,.,.,.
5,117,72,39,9/16/2021,392,50,26,rainy,1,1,2,57.61,32.61,1475.59,1551.48
5,118,26,14,9/16/2021,392,200,.,rainy,1,0,1,215.19,96.62,16329.91,16471.71
5,119,34,44,9/16/2021,392,60,.,rainy,1,0,1,68.88,56.69,3067.19,3576.77
5,120,69,13,9/16/2021,392,98,32,rainy,1,1,2,84.73,79.86,5314.54,4868.12
5,121,11,29,9/16/2021,392,.,.,rainy,0,0,0,.,.,.,.
5,122,11,10,9/16/2021,392,51,.,rainy,1,0,1,94.49,61.87,4591.74,4533.67
5,123,43,11,9/16/2021,392,.,.,rainy,0,0,0,.,.,.,.
5,124,65,44,9/16/2021,392,74,79,rainy,1,1,2,60.05,42.06,1983.65,2211.09
5,125,43,9,9/16/2021,392,.,.,rainy,0,0,0,.,.,.,.
5,126,7,7,9/16/2021,392,81,33,rainy,1,1,2,36.88,26.82,776.94,538.84
5,127,36,25,9/16/2021,392,.,.,rainy,0,0,0,.,.,.,.
5,128,80,9,9/16/2021,392,60,61,rainy,1,1,2,46.63,25.6,937.76,975.48
5,129,60,44,9/16/2021,392,.,.,rainy,0,0,0,.,.,.,.
6,1,43,15.2,9/16/2021,392,.,.,rainy,0,0,0,.,.,.,.
6,2,45,1.2,9/16/2021,392,.,.,rainy,0,0,0,.,.,.,.
6,3,43,21.2,9/16/2021,392,.,.,rainy,0,0,0,.,.,.,.
6,4,65,12.2,9/16/2021,392,.,.,rainy,0,0,0,.,.,.,.
6,5,45,18.2,9/16/2021,392,.,.,rainy,0,0,0,.,.,.,.
6,6,69,47,9/16/2021,392,103,.,rainy,1,0,1,40.54,36.88,1174.24,1152
6,7,34,12.2,9/16/2021,392,.,.,rainy,0,0,0,.,.,.,.
6,8,80,5.2,9/16/2021,392,.,.,rainy,0,0,0,.,.,.,.
6,9,30,20.2,9/16/2021,392,.,.,rainy,0,0,0,.,.,.,.
6,10,8,26,9/16/2021,392,.,.,rainy,0,0,0,.,.,.,.
6,11,80,10.2,9/16/2021,392,.,.,rainy,0,0,0,.,.,.,.
6,12,49,29.2,9/16/2021,392,.,.,rainy,0,0,0,.,.,.,.
6,13,4,13.2,9/16/2021,392,.,.,rainy,0,0,0,.,.,.,.
6,14,79,1,9/16/2021,392,68,206,rainy,1,1,2,.,.,.,.
6,15,9,15.2,9/16/2021,392,.,.,rainy,0,0,0,.,.,.,.
6,16,6,9.2,9/16/2021,392,.,.,rainy,0,0,0,.,.,.,.
6,17,34,29,9/16/2021,392,35,.,rainy,1,0,1,.,.,.,.
6,18,70,13.2,9/16/2021,392,.,.,rainy,0,0,0,.,.,.,.
6,19,1,16.2,9/16/2021,392,.,.,rainy,0,0,0,.,.,.,.
6,20,43,34,9/16/2021,392,28,87,rainy,1,1,2,77.11,74.37,4504.33,3743.99
6,21,71,11.2,9/16/2021,392,.,.,rainy,0,0,0,.,.,.,.
6,22,9,16,9/16/2021,392,137,190,rainy,1,1,2,105.77,85.34,7089.36,.
6,23,46,8,9/16/2021,392,.,.,rainy,0,0,0,.,.,.,.
6,24,70,6,9/16/2021,392,40,210,rainy,1,1,2,66.75,46.94,2460.85,2722.06
6,25,80,18,9/16/2021,392,145,100,rainy,1,1,2,69.49,69.19,3776.42,3641.8
6,26,70,4,9/16/2021,392,57,74,rainy,1,1,2,97.84,82.6,6347.37,6363.86
6,27,7,26,9/16/2021,392,.,.,rainy,0,0,0,.,.,.,.
6,28,30,30,9/16/2021,392,53,.,rainy,1,0,1,59.44,37.49,1750.09,1783.74
6,29,71,31,9/16/2021,392,.,.,rainy,0,0,0,.,.,.,.
6,30,67,41,9/16/2021,392,.,.,rainy,0,0,0,.,.,.,.
6,31,8,39,9/16/2021,392,73,.,rainy,1,0,1,.,.,.,.
6,32,26,55,9/16/2021,392,35,.,rainy,1,0,1,47.24,42.67,1583.36,1737.29
6,33,50,16,9/16/2021,392,150,135,rainy,1,1,2,89.92,97.23,6866.45,6781.92
6,34,39,33,9/16/2021,392,37,.,rainy,1,0,1,64.31,33.83,1708.93,1848.77
6,35,71,18,9/16/2021,392,95,91,rainy,1,1,2,48.46,38.1,1450.2,1337.8
6,36,4,21,9/16/2021,392,.,.,rainy,0,0,0,.,.,.,.
6,37,79,7,9/16/2021,392,32,.,rainy,1,0,1,26.21,26.21,539.66,538.84
6,38,69,11,9/16/2021,392,119,102,rainy,1,1,2,148.74,84.73,9898.84,11399.2
6,39,8,16,9/16/2021,392,81,92,rainy,1,1,2,49.99,35.97,1412.04,1505.03
6,40,72,35,9/16/2021,392,35,.,rainy,1,0,1,.,.,.,.
6,41,70,9,9/16/2021,392,37,202,rainy,1,1,2,79.86,59.13,3708.71,3762.57
6,42,6,16,9/16/2021,392,59,69,rainy,1,1,2,.,.,.,.
6,43,45,25,9/16/2021,392,22,.,rainy,1,0,1,33.22,26.52,691.94,510.97
6,44,82,4,9/16/2021,392,87,.,rainy,1,0,1,86.26,74.98,5079.74,5425.54
6,45,30,43,9/16/2021,392,81,.,rainy,1,0,1,30.48,38.1,912.07,1012.64
6,46,11,36,9/16/2021,392,120,.,rainy,1,0,1,44.2,30.78,1068.59,975.48
6,47,4,7,9/16/2021,392,60,119,rainy,1,1,2,68.58,50.9,2741.69,2694.19
6,48,11,26,9/16/2021,392,125,.,rainy,1,0,1,39.01,23.16,709.81,761.8
6,49,43,32,9/16/2021,392,52,.,rainy,1,0,1,44.2,31.7,1100.33,1198.45
6,50,1,43,9/16/2021,392,.,.,rainy,0,0,0,.,.,.,.
6,51,34,38,9/16/2021,392,.,.,rainy,0,0,0,.,.,.,.
6,52,36,12,9/16/2021,392,.,.,rainy,0,0,0,.,.,.,.
6,53,26,63,9/16/2021,392,.,.,rainy,0,0,0,.,.,.,.
6,54,1,24,9/16/2021,392,62,.,rainy,1,0,1,.,.,.,343.74
6,55,71,28,9/16/2021,392,83,.,rainy,1,0,1,.,.,.,325.16
6,56,79,2,9/16/2021,392,56,67,rainy,1,1,2,84.43,55.17,3658.29,3130.83
6,57,26,47,9/16/2021,392,.,.,rainy,0,0,0,.,.,.,.
6,58,7,31,9/16/2021,392,95,85,rainy,1,1,2,.,.,.,.
6,59,30,40,9/16/2021,392,80,74,rainy,1,1,2,35.36,35.36,981.83,808.26
6,60,11,20,9/16/2021,392,40,.,rainy,1,0,1,53.95,44.5,1885.58,1848.77
6,61,50,6,9/16/2021,392,.,.,rainy,0,0,0,.,.,.,.
6,62,11,25,9/16/2021,392,88,79,rainy,1,1,2,111.25,53.95,4713.96,4812.38
6,63,60,4,9/16/2021,392,89,92,rainy,1,1,2,53.64,53.04,2234.51,2220.38
6,64,65,15,9/16/2021,392,40,82,rainy,1,1,2,33.22,36.58,954.39,1189.16
6,65,60,16,9/16/2021,392,97,113,rainy,1,1,2,46.94,41.45,1528.2,1440
6,66,39,12,9/16/2021,392,.,.,rainy,0,0,0,.,.,.,.
6,67,6,4,9/16/2021,392,112,95,rainy,1,1,2,75.59,45.11,2678.14,2712.77
6,68,8,13,9/16/2021,392,89,92,rainy,1,1,2,33.22,29.26,763.51,631.74
6,69,11,41,9/16/2021,392,83,78,rainy,1,1,2,76.2,43.28,2590.29,2564.12
6,70,40,8,9/16/2021,392,36,34,rainy,1,1,2,27.43,38.4,827.43,919.74
6,71,66,1,9/16/2021,392,72,71,rainy,1,1,2,61.87,21.34,1036.85,1133.42
6,72,36,8,9/16/2021,392,.,.,rainy,0,0,0,.,.,.,.
6,73,26,52,9/16/2021,392,160,.,rainy,1,0,1,131.67,115.21,11915.04,14771.58
6,74,8,40,9/16/2021,392,90,73,rainy,1,1,2,48.46,40.11,1526.77,1560.77
6,75,11,35,9/16/2021,392,45,.,rainy,1,0,1,.,.,.,.
6,76,49,1,9/16/2021,392,.,.,rainy,0,0,0,.,.,.,.
6,77,72,49,9/16/2021,392,66,56,rainy,1,1,2,35.05,36.27,998.54,938.32
6,78,1,42,9/16/2021,392,120,.,rainy,1,0,1,70.1,37.19,2047.42,1885.93
6,79,81,12,9/16/2021,392,108,109,rainy,1,1,2,77.72,61.26,3739.87,3762.57
6,80,11,33,9/16/2021,392,.,.,rainy,0,0,0,.,.,.,.
6,81,7,28,9/16/2021,392,.,.,rainy,0,0,0,.,.,.,.
6,82,71,40,9/16/2021,392,.,.,rainy,0,0,0,.,.,.,.
6,83,60,30,9/16/2021,392,62,54,rainy,1,1,2,71.93,48.16,2720.75,2378.32
6,84,6,27,9/16/2021,392,12,.,rainy,1,0,1,65.53,50.29,2588.46,2331.87
6,85,11,44,9/16/2021,392,110,.,rainy,1,0,1,106.68,73.46,6154.67,5945.79
6,86,30,37,9/16/2021,392,106,110,rainy,1,1,2,45.72,28.35,1017.87,1142.71
6,87,66,24,9/16/2021,392,.,.,rainy,0,0,0,.,.,.,.
6,88,40,2,9/16/2021,392,32,.,rainy,1,0,1,49.07,45.42,1750.38,1477.16
6,89,1,35,9/16/2021,392,40,56,rainy,1,1,2,29.57,21.64,502.52,445.93
6,90,26,57,9/16/2021,392,77,.,rainy,1,0,1,.,.,.,278.71
6,91,71,29,9/16/2021,392,85,86,rainy,1,1,2,.,.,.,.
6,92,66,4,9/16/2021,392,79,84,rainy,1,1,2,.,.,.,.
6,93,6,20,9/16/2021,392,.,.,rainy,0,0,0,.,.,.,.
6,94,43,33,9/16/2021,392,58,58,rainy,1,1,2,106.68,97.84,8197.72,8639.98
6,95,9,22,9/16/2021,392,65,83,rainy,1,1,2,74.07,65.53,3812.1,3260.9
6,96,34,48,9/16/2021,392,.,.,rainy,0,0,0,.,.,.,.
6,97,8,14,9/16/2021,392,97,.,rainy,1,0,1,66.14,45.42,2359.21,2155.35
6,98,82,2,9/16/2021,392,.,.,rainy,0,0,0,.,.,.,.
6,99,50,14,9/16/2021,392,.,.,rainy,0,0,0,.,.,.,.
6,100,69,30,9/16/2021,392,80,.,rainy,1,0,1,38.71,28.65,871.07,808.26
6,101,4,10,9/16/2021,392,56,.,rainy,1,0,1,70.71,71.93,3995.03,3493.15
6,102,6,2,9/16/2021,392,107,.,rainy,1,0,1,95.4,64.92,4864.56,5341.92
6,103,46,10,9/16/2021,392,8,.,rainy,1,0,1,.,.,.,.
6,104,7,30,9/16/2021,392,91,.,rainy,1,0,1,.,.,.,.
6,105,43,47,9/16/2021,392,57,70,rainy,1,1,2,71.32,46.33,2595.25,2164.64
6,106,4,14,9/16/2021,392,.,.,rainy,0,0,0,.,.,.,.
6,107,30,57,9/16/2021,392,86,94,rainy,1,1,2,55.47,40.23,1752.93,1588.64
6,108,40,1,9/16/2021,392,.,.,rainy,0,0,0,.,.,.,.
6,109,45,30,9/16/2021,392,.,.,rainy,0,0,0,.,.,.,.
6,110,9,10,9/16/2021,392,.,.,rainy,0,0,0,.,.,.,.
6,111,6,17,9/16/2021,392,.,.,rainy,0,0,0,.,.,.,.
6,112,8,24,9/16/2021,392,58,55,rainy,1,1,2,75.9,60.96,3633.7,3298.06
6,113,4,43,9/16/2021,392,60,.,rainy,1,0,1,54.86,40.84,1759.94,1932.38
6,114,1,47,9/16/2021,392,117,.,rainy,1,0,1,76.2,42.67,2553.81,2684.9
6,115,6,30,9/16/2021,392,90,.,rainy,1,0,1,.,.,.,.
